head,mode,head_acc,head_bin_f1,head_acc_null,head_delta,latent_f1_mean,latent_f1_null,n_latents_scored
2,acts,0.125,0.863,0.042,0.08299999999999999,0.36650000000000005,nan,2
14,acts,0.083,0.857,0.083,0.0,nan,nan,0
20,acts,0.25,0.906,0.083,0.16699999999999998,0.22866666666666666,nan,3
23,acts,0.167,0.846,0.208,-0.04099999999999998,0.4286666666666667,nan,3
34,acts,0.167,0.773,0.042,0.125,nan,nan,0
38,acts,0.083,0.766,0.042,0.041,nan,nan,0
48,acts,0.042,0.75,0.125,-0.08299999999999999,0.35025,nan,4
52,acts,0.083,0.682,0.25,-0.16699999999999998,0.222,nan,1
68,acts,0.083,0.514,0.167,-0.084,0.667,nan,1
79,acts,0.042,0.889,0.125,-0.08299999999999999,0.0,nan,1
84,acts,0.292,0.885,0.208,0.08399999999999999,0.522,nan,2
87,acts,0.125,0.615,0.125,0.0,nan,nan,0
101,acts,0.0,0.727,0.042,-0.042,nan,nan,0
106,acts,0.0,0.792,0.167,-0.167,0.286,nan,1
121,acts,0.125,0.762,0.125,0.0,0.444,nan,1
124,acts,0.083,0.75,0.042,0.041,0.286,nan,1
135,acts,0.125,0.8,0.125,0.0,0.75,nan,1
141,acts,0.083,0.605,0.083,0.0,0.8,nan,1
143,acts,0.0,0.766,0.125,-0.125,0.333,nan,1
158,acts,0.125,0.8,0.042,0.08299999999999999,0.0,nan,1
2,entries,0.0,0.0,0.042,-0.042,0.36650000000000005,nan,2
14,entries,0.0,0.0,0.0,0.0,nan,nan,0
20,entries,0.0,0.154,0.042,-0.042,0.22866666666666666,nan,3
23,entries,0.0,0.154,0.0,0.0,0.4286666666666667,nan,3
34,entries,0.083,0.824,0.0,0.083,nan,nan,0
38,entries,0.083,0.711,0.042,0.041,nan,nan,0
48,entries,0.0,0.08,0.125,-0.125,0.35025,nan,4
52,entries,0.0,0.0,0.0,0.0,0.222,nan,1
68,entries,0.0,0.0,0.125,-0.125,0.667,nan,1
79,entries,0.0,0.148,0.0,0.0,0.0,nan,1
84,entries,0.208,0.766,0.042,0.16599999999999998,0.522,nan,2
87,entries,0.0,0.08,0.083,-0.083,nan,nan,0
101,entries,0.0,0.08,0.0,0.0,nan,nan,0
106,entries,0.0,0.154,0.0,0.0,0.286,nan,1
121,entries,0.0,0.345,0.042,-0.042,0.444,nan,1
124,entries,0.042,0.667,0.042,0.0,0.286,nan,1
135,entries,0.083,0.846,0.0,0.083,0.75,nan,1
141,entries,0.0,0.08,0.0,0.0,0.8,nan,1
143,entries,0.0,0.0,0.0,0.0,0.333,nan,1
158,entries,0.125,0.889,0.0,0.125,0.0,nan,1
