head,mode,kind,n_items,acc,macro_f1,bin_f1,dis_rej
2,entries,self,30,0.000,0.000,0.000,1.000
2,entries,null,30,0.042,0.021,0.457,0.500
14,entries,self,30,0.000,0.000,0.000,1.000
14,entries,null,30,0.000,0.000,0.000,0.833
20,entries,self,30,0.000,0.000,0.154,1.000
20,entries,null,30,0.042,0.025,0.683,0.500
23,entries,self,30,0.000,0.000,0.154,1.000
23,entries,null,30,0.000,0.000,0.000,1.000
34,entries,self,30,0.083,0.017,0.824,0.000
34,entries,null,30,0.000,0.000,0.000,1.000
38,entries,self,30,0.083,0.021,0.711,0.167
38,entries,null,30,0.042,0.010,0.792,0.167
48,entries,self,30,0.000,0.000,0.080,1.000
48,entries,null,30,0.125,0.024,0.846,0.000
52,entries,self,30,0.000,0.000,0.000,1.000
52,entries,null,30,0.000,0.000,0.080,1.000
68,entries,self,30,0.000,0.000,0.000,1.000
68,entries,null,30,0.125,0.023,0.889,0.000
79,entries,self,30,0.000,0.000,0.148,0.833
79,entries,null,30,0.000,0.000,0.000,1.000
84,entries,self,30,0.208,0.097,0.766,0.167
84,entries,null,30,0.042,0.015,0.732,0.667
87,entries,self,30,0.000,0.000,0.080,1.000
87,entries,null,30,0.083,0.017,0.840,0.167
101,entries,self,30,0.000,0.000,0.080,1.000
101,entries,null,30,0.000,0.000,0.214,0.833
106,entries,self,30,0.000,0.000,0.154,1.000
106,entries,null,30,0.000,0.000,0.000,1.000
121,entries,self,30,0.000,0.000,0.345,1.000
121,entries,null,30,0.042,0.062,0.080,1.000
124,entries,self,30,0.042,0.014,0.667,0.667
124,entries,null,30,0.042,0.013,0.683,0.500
135,entries,self,30,0.083,0.016,0.846,0.000
135,entries,null,30,0.000,0.000,0.080,1.000
141,entries,self,30,0.000,0.000,0.080,1.000
141,entries,null,30,0.000,0.000,0.000,1.000
143,entries,self,30,0.000,0.000,0.000,1.000
143,entries,null,30,0.000,0.000,0.000,1.000
158,entries,self,30,0.125,0.027,0.889,0.000
158,entries,null,30,0.000,0.000,0.000,1.000
2,acts,self,30,0.125,0.113,0.863,0.167
2,acts,null,30,0.042,0.025,0.875,0.500
14,acts,self,30,0.083,0.054,0.857,0.333
14,acts,null,30,0.083,0.067,0.840,0.167
20,acts,self,30,0.250,0.176,0.906,0.167
20,acts,null,30,0.083,0.057,0.885,0.167
23,acts,self,30,0.167,0.096,0.846,0.000
23,acts,null,30,0.208,0.131,0.868,0.000
34,acts,self,30,0.167,0.159,0.773,0.500
34,acts,null,30,0.042,0.062,0.667,0.667
38,acts,self,30,0.083,0.098,0.766,0.167
38,acts,null,30,0.042,0.050,0.824,0.000
48,acts,self,30,0.042,0.036,0.750,0.000
48,acts,null,30,0.125,0.088,0.868,0.000
52,acts,self,30,0.083,0.060,0.682,0.167
52,acts,null,30,0.250,0.183,0.885,0.167
68,acts,self,30,0.083,0.098,0.514,0.667
68,acts,null,30,0.167,0.129,0.846,0.000
79,acts,self,30,0.042,0.018,0.889,0.000
79,acts,null,30,0.125,0.073,0.889,0.000
84,acts,self,30,0.292,0.247,0.885,0.167
84,acts,null,30,0.208,0.135,0.889,0.000
87,acts,self,30,0.125,0.121,0.615,0.500
87,acts,null,30,0.125,0.073,0.868,0.000
101,acts,self,30,0.000,0.000,0.727,0.333
101,acts,null,30,0.042,0.036,0.486,0.333
106,acts,self,30,0.000,0.000,0.792,0.167
106,acts,null,30,0.167,0.094,0.889,0.000
121,acts,self,30,0.125,0.128,0.762,0.667
121,acts,null,30,0.125,0.106,0.880,0.333
124,acts,self,30,0.083,0.073,0.750,0.000
124,acts,null,30,0.042,0.042,0.739,0.167
135,acts,self,30,0.125,0.073,0.800,0.000
135,acts,null,30,0.125,0.083,0.776,0.000
141,acts,self,30,0.083,0.044,0.605,0.000
141,acts,null,30,0.083,0.048,0.824,0.000
143,acts,self,30,0.000,0.000,0.766,0.167
143,acts,null,30,0.125,0.092,0.889,0.000
158,acts,self,30,0.125,0.074,0.800,0.000
158,acts,null,30,0.042,0.025,0.698,0.333
