kind,lang,feature,mag,eff_native,hit_native,eff_dm,hit_dm,collateral,langid_base,langid_steer,n
onto,af,288,0.25,0.047111878886215444,0.0,-0.0023879315704107285,1.0,0.6247268375166477,nan,nan,8
onto,af,288,0.5,0.5146717664165013,0.75,0.022142503410577774,1.0,0.7358848347124531,nan,nan,8
onto,af,288,1.0,0.08459110852028029,0.125,0.001759531907737255,1.0,0.8558213352749586,nan,nan,8
dm,af,-1,0.25,0.08717416226863861,1.0,0.08717416226863861,1.0,0.6780100046774109,nan,nan,8
dm,af,-1,0.5,0.13081037998199463,1.0,0.13081037998199463,1.0,0.7673741714703317,nan,nan,8
dm,af,-1,1.0,0.2582421600818634,1.0,0.2582421600818634,1.0,0.8984867533777446,nan,nan,8
probe,af,-1,0.25,0.15154603123664856,0.125,0.02875264547765255,1.0,0.5723770534411228,nan,nan,8
probe,af,-1,0.5,0.6767239570617676,0.75,0.06416559219360352,1.0,0.6910682030075384,nan,nan,8
probe,af,-1,1.0,1.0976896286010742,1.0,0.03147824853658676,1.0,0.8094567869467322,nan,nan,8
onto,am,38,0.25,0.26105237608083065,0.125,0.07134795188903809,0.0,0.6614567652297854,nan,nan,8
onto,am,38,0.5,0.6319094761039286,0.5,0.3308890461921692,0.0,0.8169546423202585,nan,nan,8
onto,am,38,1.0,0.5023030318572825,0.375,0.5485883951187134,0.0,0.8480941735196679,nan,nan,8
dm,am,-1,0.25,0.27466630935668945,0.0,0.27466630935668945,0.0,0.6480723152307257,nan,nan,8
dm,am,-1,0.5,0.8421136140823364,0.0,0.8421136140823364,0.0,0.8045195511745802,nan,nan,8
dm,am,-1,1.0,1.2491352558135986,0.375,1.2491352558135986,0.375,0.8553422934581058,nan,nan,8
probe,am,-1,0.25,0.09401337802410126,0.0,0.06781475991010666,0.0,0.6110984456365713,nan,nan,8
probe,am,-1,0.5,0.14442597329616547,0.0,0.015654966235160828,0.0,0.7010068728611387,nan,nan,8
probe,am,-1,1.0,0.3436771631240845,0.0,0.1608649641275406,0.0,0.7367329305316157,nan,nan,8
onto,be,127,0.25,0.2674888524113381,0.0,0.17688202857971191,0.0,0.5865007285381791,nan,nan,8
onto,be,127,0.5,0.7993090896019406,0.75,0.5806222558021545,0.125,0.7990237345586207,nan,nan,8
onto,be,127,1.0,0.5986741577676985,0.375,0.7138042449951172,0.75,0.8303055551946059,nan,nan,8
dm,be,-1,0.25,0.13809552788734436,0.0,0.13809552788734436,0.0,0.591180698547086,nan,nan,8
dm,be,-1,0.5,0.5697488784790039,0.25,0.5697488784790039,0.25,0.73538036188584,nan,nan,8
dm,be,-1,1.0,0.9953474998474121,0.875,0.9953474998474121,0.875,0.8549675656924964,nan,nan,8
probe,be,-1,0.25,0.024173028767108917,0.0,0.025165844708681107,0.0,0.5528518136953069,nan,nan,8
probe,be,-1,0.5,0.18662096560001373,0.0,0.07258148491382599,0.0,0.6911928602629362,nan,nan,8
probe,be,-1,1.0,0.47595980763435364,0.25,0.18416249752044678,0.0,0.7816872564070108,nan,nan,8
onto,en,139,0.25,0.34524662881269635,0.375,0.19089198112487793,0.125,0.6394801563611896,nan,nan,8
onto,en,139,0.5,0.4099783057647875,0.25,0.34637343883514404,0.0,0.7558081240632815,nan,nan,8
onto,en,139,1.0,0.054639657380637904,0.0,0.5748820304870605,0.0,0.8821525522097022,nan,nan,8
dm,en,-1,0.25,0.441106379032135,0.0,0.441106379032135,0.0,0.6883083953335587,nan,nan,8
dm,en,-1,0.5,0.602130651473999,0.0,0.602130651473999,0.0,0.7710627495526551,nan,nan,8
dm,en,-1,1.0,0.9034961462020874,0.875,0.9034961462020874,0.875,0.8401287727826647,nan,nan,8
probe,en,-1,0.25,0.06813882291316986,0.0,0.042741090059280396,0.0,0.6407690435334131,nan,nan,8
probe,en,-1,0.5,0.43913066387176514,0.125,0.34281736612319946,0.0,0.7216982169721226,nan,nan,8
probe,en,-1,1.0,0.7434003353118896,0.625,0.5499153137207031,0.125,0.8347584416379195,nan,nan,8
onto,bg-Latn,447,0.25,0.031990900827072496,0.125,0.02693783864378929,0.625,0.6412761264377144,nan,nan,8
onto,bg-Latn,447,0.5,0.13689776862179226,0.0,0.1137503981590271,0.875,0.7594859435544568,nan,nan,8
onto,bg-Latn,447,1.0,0.10967455919625191,0.125,0.0364813506603241,0.75,0.8877069707231098,nan,nan,8
dm,bg-Latn,-1,0.25,0.04146301746368408,0.625,0.04146301746368408,0.625,0.6489736366669769,nan,nan,8
dm,bg-Latn,-1,0.5,0.10206993669271469,0.875,0.10206993669271469,0.875,0.728761574462766,nan,nan,8
dm,bg-Latn,-1,1.0,0.14915993809700012,0.875,0.14915993809700012,0.875,0.8749365635413697,nan,nan,8
probe,bg-Latn,-1,0.25,0.20495539903640747,0.125,-0.021725423634052277,0.5,0.5628351491849923,nan,nan,8
probe,bg-Latn,-1,0.5,0.3596087396144867,0.125,-0.032602403312921524,0.625,0.6723771474039141,nan,nan,8
probe,bg-Latn,-1,1.0,0.33423060178756714,0.25,-0.10872264206409454,0.375,0.8050595800715885,nan,nan,8
onto,bn,503,0.25,0.4661328249587629,0.5,0.27275264263153076,0.0,0.669737920697632,nan,nan,8
onto,bn,503,0.5,0.6374757401924322,0.375,0.5226554870605469,0.0,0.7922030687363277,nan,nan,8
onto,bn,503,1.0,0.5189802308815855,0.375,0.781274676322937,0.0,0.8564187259098534,nan,nan,8
dm,bn,-1,0.25,0.2905801832675934,0.0,0.2905801832675934,0.0,0.6159860128264281,nan,nan,8
dm,bn,-1,0.5,0.765153169631958,0.0,0.765153169631958,0.0,0.7956600250307222,nan,nan,8
dm,bn,-1,1.0,1.083283543586731,0.25,1.083283543586731,0.25,0.8371604309718709,nan,nan,8
probe,bn,-1,0.25,-0.03191688656806946,0.0,0.07093825191259384,0.0,0.6529955339014896,nan,nan,8
probe,bn,-1,0.5,0.08372914791107178,0.0,0.1448192298412323,0.0,0.7438546777504922,nan,nan,8
probe,bn,-1,1.0,0.2605234980583191,0.0,0.3503408133983612,0.0,0.826883643934083,nan,nan,8
onto,ca,118,0.25,0.2864086558530645,0.125,0.18928289413452148,0.0,0.6481882720001415,nan,nan,8
onto,ca,118,0.5,0.5200508264212549,0.25,0.3731527328491211,0.0,0.7236192205583198,nan,nan,8
onto,ca,118,1.0,0.3889795147134531,0.0,0.6311086416244507,0.0,0.8229353922054929,nan,nan,8
dm,ca,-1,0.25,0.1863287091255188,0.0,0.1863287091255188,0.0,0.6289856975070641,nan,nan,8
dm,ca,-1,0.5,0.5740237236022949,0.0,0.5740237236022949,0.0,0.7262419650471688,nan,nan,8
dm,ca,-1,1.0,0.9494683742523193,0.0,0.9494683742523193,0.0,0.8203630591511015,nan,nan,8
probe,ca,-1,0.25,0.2558387517929077,0.0,0.1075151264667511,0.0,0.6116503527633204,nan,nan,8
probe,ca,-1,0.5,0.33860158920288086,0.0,0.1649511754512787,0.0,0.701389244356466,nan,nan,8
probe,ca,-1,1.0,0.958173394203186,0.875,0.36375686526298523,0.0,0.7997083712587363,nan,nan,8
onto,bg,127,0.25,0.2674888524113381,0.0,0.18094268441200256,0.0,0.5865007285381791,nan,nan,8
onto,bg,127,0.5,0.7993090896019406,0.75,0.397749125957489,0.0,0.7990237345586207,nan,nan,8
onto,bg,127,1.0,0.5986741577676985,0.375,0.5392223000526428,0.0,0.8303055551946059,nan,nan,8
dm,bg,-1,0.25,0.19919022917747498,0.0,0.19919022917747498,0.0,0.5826564923780673,nan,nan,8
dm,bg,-1,0.5,0.5074270963668823,0.0,0.5074270963668823,0.0,0.7369790092819408,nan,nan,8
dm,bg,-1,1.0,0.7527303099632263,0.125,0.7527303099632263,0.125,0.826638482487876,nan,nan,8
probe,bg,-1,0.25,0.1233738511800766,0.125,0.05681002885103226,0.0,0.6302632238197461,nan,nan,8
probe,bg,-1,0.5,0.38604092597961426,0.375,0.24191194772720337,0.0,0.7123057213260909,nan,nan,8
probe,bg,-1,1.0,0.32689356803894043,0.375,0.1490245908498764,0.0,0.8386871645153693,nan,nan,8
random,,0,0.25,nan,nan,nan,nan,0.6490890713673072,nan,nan,16
random,,0,0.5,nan,nan,nan,nan,0.7015376483533968,nan,nan,16
random,,0,1.0,nan,nan,nan,nan,0.8088107573330632,nan,nan,16
random,,1,0.25,nan,nan,nan,nan,0.6216584939243672,nan,nan,16
random,,1,0.5,nan,nan,nan,nan,0.7056107244824705,nan,nan,16
random,,1,1.0,nan,nan,nan,nan,0.8223278647292922,nan,nan,16
random,,2,0.25,nan,nan,nan,nan,0.6400177544722807,nan,nan,16
random,,2,0.5,nan,nan,nan,nan,0.7175523287158212,nan,nan,16
random,,2,1.0,nan,nan,nan,nan,0.8264053234579375,nan,nan,16
random,,3,0.25,nan,nan,nan,nan,0.6312133720808094,nan,nan,16
random,,3,0.5,nan,nan,nan,nan,0.7041253587251946,nan,nan,16
random,,3,1.0,nan,nan,nan,nan,0.8000150223144696,nan,nan,16
random,,4,0.25,nan,nan,nan,nan,0.6039523214945657,nan,nan,16
random,,4,0.5,nan,nan,nan,nan,0.728362364070993,nan,nan,16
random,,4,1.0,nan,nan,nan,nan,0.7912383969893916,nan,nan,16
random,,5,0.25,nan,nan,nan,nan,0.6036212688086953,nan,nan,16
random,,5,0.5,nan,nan,nan,nan,0.6969001558072445,nan,nan,16
random,,5,1.0,nan,nan,nan,nan,0.801201219239769,nan,nan,16
random,,6,0.25,nan,nan,nan,nan,0.6314593752867419,nan,nan,16
random,,6,0.5,nan,nan,nan,nan,0.703260236116541,nan,nan,16
random,,6,1.0,nan,nan,nan,nan,0.8093095069568403,nan,nan,16
random,,7,0.25,nan,nan,nan,nan,0.6051522177798307,nan,nan,16
random,,7,0.5,nan,nan,nan,nan,0.7079950407436539,nan,nan,16
random,,7,1.0,nan,nan,nan,nan,0.7930552362485332,nan,nan,16
