pair_id,text_A,text_B,fluency_A_1to5,fluency_B_1to5,same_meaning_0to2,notes
0,"Match: Tyresha Evans vs. Jose Juan-Bara has won 3 of the 15 Minnesota Timberwolves are in this match, Jose-Bara is in these games 5 of the 10 Minnesota Timberwolves have","Match: Tyrese Evans vs. Jose Juan-Barea has won 12 of 30 Minnesota Timberwolves, Jose Juan-Berea is in 7 of 15 games against Minnesota Timberwolves, Jose Juan-Berea",,,,
1,"279 East Terrace Avenue, Lakewood New York. MLS#R1171925 Chautauqua Beach Vacation Homes for Sale -Chautauqua NY _ Chautauqua Real Estate It is located in","27910 Tchaupack Beach residential offerings. Lakewood Residence - Virginia commercial property for sale by owner of the Puddle House Hotel in St Louis, Missouri and is located at 341 West Avenue Inn",,,,
2,She is the first person to be given a chance to get her hair cut off and wear it. Her father is also a member of the crew of The Owl Club. He is also a member of the Owl Club.,"DEHAOYARO/KEYTIGHTY BOOM KARMY YALLI BUY BEAU BAI SUIP IYAN BEE YAH, BAE SHEER HUN",,,,
3,"The Minister of Youth Affairs and Sports invites the people of Mbabazi to enjoy their rights. To help young people in the city, Ms. Rosemary said: ""I would like to ask you about the opportunities for youth","Minister Mbabazi Wants the Youth to Use the Opportunities of People with Disabilities by saying: 06:30-12:19.15 in June 2019 Mbabazi Young, Rosemary and Mbabazi Senior Minister for Culture and Youth",,,,
4,"EUROMEX $400,000 Cash Bonus Plus: 304 bonus in cash casino is an expansion bonus € 205 Led Zeppelin Free Blackjack Coupon: 24 November 2014 Update: Sorry: Marion Palle Card Our newed ED","EUROMONT XXXX Cash Bonus: $300 extra bonus Bonus: 400% in the casino paydays Bonus € 205 Lile Free Blackjack Edition Bonuses: November 24, 2014 Update: for example: Maroon Nickel",,,,
5,"Smart Key Chaos China Manufacturers & Suppliers & Factories of smart key chaos - manufacturer, factory, supplier (for all 24 products) - Ford for sale in the USA","Smart Key Chain China Manufacturers & Suppliers & Factories of Smart Key Chain China - manufacturer, supplier, factory for China (for all products) (Full list of smart key chains for China",,,,
6,"The Smart Car of the Republic of Tatarstan is a car manufacturer and supplier of electric vehicles.The smart car company ""Kosovo"" - headquartered in the city of Tbilisi, Russia.","Smart Key Chain China Manufacturers & Suppliers & Factories of Smart Key Chain China - manufacturer, supplier, factory for China (for all products) (Full list of smart key chains for China",,,,
7,"Smart Key Chain China Manufacturers & Suppliers & Factories of Smart Key Chain China - manufacturer, supplier, factory for China (for all products) (Full list of smart key chains for China","Smart Key Chains for India Manufacturers & Suppliers and Carriers - wholesale, in India (for a total of 4 major products) - carrier key chains for the Indian market.",,,,
8,Buy OP4 C (L) PE85) or L Separate Pair of goods and Pulls for sale in the United States Outside a country Bottle Box 1st floor Furniture Sale In,"Buy OPEL V4 (Cita) SE, F88, F86, F85, and F98. Stock storage tank (F102) OPEL V89, F88, F02, F019. C",,,,
9,2003 Honda Install Hinge Drive Inserting - 2003 Honda Installing - 2003 Honda Installing - 2003 Hyundai Motor Is a convenience for the self-describing of the person who is an engine,2003 Honda Installing a remote control for the Hyundai Instex 2003 - Honda Installing an electric car The Hyundai Instex is one of the most interesting devices to get started with. A computer anim,,,,
10,"Smart Key Car for China - Manufacturers and Suppliers & Factories of smart key car. manufacturer, factory, supplier (for all products in China) - the total cost of smart key car for China - smart","Smart Key Chain China Manufacturers & Suppliers & Factories of Smart Key Chain China - manufacturer, supplier, factory for China (for all products) (Full list of smart key chains for China",,,,
11,"She has been seen in the film 'Shakti's Bharat Shree', which was released on 23rd March, 2018 and is directed by Sushant Singh.She will be playing a role of an","DEHAOYARO/KEYTIGHTY BOOM KARMY YALLI BUY BEAU BAI SUIP IYAN BEE YAH, BAE SHEER HUN",,,,
12,"Mothers' Welfare Minister said in a statement that the children of the community are ""deeply concerned about the costs and benefits of living together as members of the community"".Mothers' Welfare minister, Mr","Minister Mbabazi Wants the Youth to Use the Opportunities of People with Disabilities by saying: 06:30-12:19.15 in June 2019 Mbabazi Young, Rosemary and Mbabazi Senior Minister for Culture and Youth",,,,
13,"The SELECTION is a simple process, but it can be done with the help of an adapter. It has two different functions: A basic controller and a secondary controller.","Skillet: 1021Ald 80Watt Darby + 2 parts of the machine, also called as Skillet: 105Watt Darby + 25 parts of the machine.",,,,
14,"Buy OPEL V4 (Cita) SE, F88, F86, F85, and F98. Stock storage tank (F102) OPEL V89, F88, F02, F019. C","The death of one person in the wake of the Bharat Express, a private company with about 80,000 employees was reportedly sparked by an attack on a government office at the time.The chief minister said that he had",,,,
15,"Smart Key Chain of Fiasco are manufacturers and suppliers of smart key chains for the Italian market, as well as a factory, distributor (for all products with the special order of smart key chains),","Smart Key Chain China Manufacturers & Suppliers & Factories of Smart Key Chain China - manufacturer, supplier, factory for China (for all products) (Full list of smart key chains for China",,,,
16,2003 Honda Installing a remote control for the Hyundai Instex 2003 - Honda Installing an electric car The Hyundai Instex is one of the most interesting devices to get started with. A computer anim,2003 The opening of the road to Indian independence drive Indah Hits - 2003 The Road to India Drive or Indah Hits is a vehicle for people who want to be more aware of their Indian independence drive. A,,,,
17,"Rajasthan: The family of the late Shahbaz Sharif, who was born in a village called Sheravati, is now living at an estate in Chhattisgarh.","279 East Terrace Avenue, Lakewood New York. MLS#R1171925 Chautauqua Beach Vacation Homes for Sale -Chautauqua NY _ Chautauqua Real Estate It is located in",,,,
18,"Smart Key Chain Carrier China Manufacturers & Suppliers and Factories of smart key chains carrier, factory, supplier (for all products including 24 for the main smart key chain), smart key chains car","Smart Key Chain China Manufacturers & Suppliers & Factories of Smart Key Chain China - manufacturer, supplier, factory for China (for all products) (Full list of smart key chains for China",,,,
19,2003 Opening of the Honda Inheritance Installment 2003 Opening of the Honda Inheritance Installment 2003 The Honda Inheritance Installation 2003 is a computer program designed to help you get,2003 Honda Installing a remote control for the Hyundai Instex 2003 - Honda Installing an electric car The Hyundai Instex is one of the most interesting devices to get started with. A computer anim,,,,
20,"Match: Tyrese Evans vs. Jose Juan-Barea has won 12 of 30 Minnesota Timberwolves, Jose Juan-Berea is in 7 of 15 games against Minnesota Timberwolves, Jose Juan-Berea","Fighting: Jose Juan-Jorge vs. Jose Juan-Bara, 12 of 30 Minnesota Timberwolves have won 15 out of 22 games in the last three games against Minnesota Timberwolves, Jose Juan-",,,,
21,"Minister Mbabazi Wants the Youth to Use the Opportunities of People with Disabilities by saying: 06:30-12:19.15 in June 2019 Mbabazi Young, Rosemary and Mbabazi Senior Minister for Culture and Youth","President Mohamed MAMMADI expressed his condolences to the people of Israel on 6-12-2019 at 06:30 AM On 16-15-2019, President Morsi, President of the Republic of Armenia and Minister for Foreign Affairs of",,,,
22,"The Minister of the Republic of Artsakh invited citizens to a short period in the town ""Rusov"" on the date of October 6 - 30, 2019 M.Marybavyayev, head of the Russian and Ser","Minister Mbabazi Wants the Youth to Use the Opportunities of People with Disabilities by saying: 06:30-12:19.15 in June 2019 Mbabazi Young, Rosemary and Mbabazi Senior Minister for Culture and Youth",,,,
23,Tyrve Vs Jose-Vara Jerez 12-58 Timberwolves XJS-22 is 53 3 - 1 2 5 30 TNBW xJose-3 Begeare Yvs Jos-4 MPNPw 9,"Match: Tyrese Evans vs. Jose Juan-Barea has won 12 of 30 Minnesota Timberwolves, Jose Juan-Berea is in 7 of 15 games against Minnesota Timberwolves, Jose Juan-Berea",,,,
24,"The people of the Mamba were also invited by Ministry Of Mobility to Use Knowledge 6am 10:30pm in 2011 at 12 am Yoruba knowledge, Youth and Young People with Disabilities:MBA will be able","Minister Mbabazi Wants the Youth to Use the Opportunities of People with Disabilities by saying: 06:30-12:19.15 in June 2019 Mbabazi Young, Rosemary and Mbabazi Senior Minister for Culture and Youth",,,,
25,MOSEFFICE VIRGIN-SVITZEN RODRIGO NAVIRAY  P6-01693-1429170MOSFECIELLO IMPORTANT,"Minister Mbabazi Wants the Youth to Use the Opportunities of People with Disabilities by saying: 06:30-12:19.15 in June 2019 Mbabazi Young, Rosemary and Mbabazi Senior Minister for Culture and Youth",,,,
26,"Match: Tyrese Evans vs. Jose Juan-Barea has won 12 of 30 Minnesota Timberwolves, Jose Juan-Berea is in 7 of 15 games against Minnesota Timberwolves, Jose Juan-Berea","Match: Tyrese Evans vs. Jose Juan-Barao has won 12 of 30 Minnesota Timberwolves, Jose Juan-Barao is in 7 games against these players, Jose Juan-Barao is in",,,,
27,"279 East Terrace Avenue, located in Lakewood Park and is a great place to live. I am looking for an apartment that can be rented at the end of my year or two months from now. This property will","279 East Terrace Avenue, Lakewood New York. MLS#R1171925 Chautauqua Beach Vacation Homes for Sale -Chautauqua NY _ Chautauqua Real Estate It is located in",,,,
28,"279 East Terrace Avenue, Lakewood, NYC. MLS#R1171925 Chautauqua Beach Vacation Homes for Sale - Chautauqua NYC. Chautauqua Real Estate","279 East Terrace Avenue, Lakewood New York. MLS#R1171925 Chautauqua Beach Vacation Homes for Sale -Chautauqua NY _ Chautauqua Real Estate It is located in",,,,
29,"Buy OPEL V4 (Cita) SE, F88, F86, F85, and F98. Stock storage tank (F102) OPEL V89, F88, F02, F019. C","For the purchase of OPEL V4 (C), V8s, and V8s. Stock reserves: EUR 85.9 million for OPEL V8 (C) (1998) to EUR 72.9 million for OP",,,,
30,"X1021 Adalat 3000 MB Double-Duty Machinery + 2 Fittings and Fitting of the Facilities Additionally, X1221 Adalat 3000 MB Double-Duty Machinery +","Skillet: 1021Ald 80Watt Darby + 2 parts of the machine, also called as Skillet: 105Watt Darby + 25 parts of the machine.",,,,
31,Skillet 1021AD 800Watt Additionary Darbebel Mattress + 2 picks Skillet 105A Fantaction Additional Darbebel Mattress + 32 picks Skillet 80A F,"Skillet: 1021Ald 80Watt Darby + 2 parts of the machine, also called as Skillet: 105Watt Darby + 25 parts of the machine.",,,,
32,"Smart Key Chain China Manufacturers & Suppliers & Factories of Smart Key Chain China - manufacturer, supplier, factory for China (for all products) (Full list of smart key chains for China","Key China Locksmiths & Suppliers of China China Manufacturers and Suppliers of China (S) - Factory, manufacturer, distributor in China (for total 24 products for the Chinese General Electric Car",,,,
33,"1025 Scale Welded and the other parts of the Scale Welded are: The 80+ meter width, which is not a problem.","Skillet: 1021Ald 80Watt Darby + 2 parts of the machine, also called as Skillet: 105Watt Darby + 25 parts of the machine.",,,,
34,"Beata Baryshaya of the Belarusian ""The third"" was born in 1917.","DEHAOYARO/KEYTIGHTY BOOM KARMY YALLI BUY BEAU BAI SUIP IYAN BEE YAH, BAE SHEER HUN",,,,
35,"Smart Keys of Russia Factory and Suppliers - factory, manufacturer (for all products from the Russian Federation) of smart keys of Russia - for all products from the Russian Federation - for all products from the Russian","Smart Key Chain China Manufacturers & Suppliers & Factories of Smart Key Chain China - manufacturer, supplier, factory for China (for all products) (Full list of smart key chains for China",,,,
36,"Skillet: 1021Ald 80Watt Darby + 2 parts of the machine, also called as Skillet: 105Watt Darby + 25 parts of the machine.",Aiki 1065 Watt Darkwel Additional Pavilion and aki 2045 Fragment Daughter of the Knave + Shaka 130Aik Adderal Dartdabel 8tafelyn,,,,
37,"Minister for Women's Affairs, Bipasha Nambiar has asked the people of Mithila to enjoy their time in Lucknow by saying that instead of being allowed to travel through this region on a day of celebration","Minister Mbabazi Wants the Youth to Use the Opportunities of People with Disabilities by saying: 06:30-12:19.15 in June 2019 Mbabazi Young, Rosemary and Mbabazi Senior Minister for Culture and Youth",,,,
38,"Engineering services (minus the digital city plans of Vintova, on the basis of the creation of a modern-day project and a meteorological model) On the basis of the creation of a modern-day project in V",Science and technology services: In the temporary city of Okinawa digital map plans (upgrading of the area of 100 x 120 mm with the creation of a project-proofing modern model) in the temporary city,,,,
39,"Match: Tyrveska Ivan vs. Jose-Javara Juan-Bareva has won 13 out of 30 Minnesota Timberwolves, Josie-Javara is in 9 games against Minnesota Timberwolves","Match: Tyrese Evans vs. Jose Juan-Barea has won 12 of 30 Minnesota Timberwolves, Jose Juan-Berea is in 7 of 15 games against Minnesota Timberwolves, Jose Juan-Berea",,,,
40,"Smart Key Chain Car for China Manufacturers & Suppliers & Suppliers of Smart Key Car for China - Factory, manufacturer, distributor in China (For all products that are provided by the Chinese General Medical","Smart Key Chain China Manufacturers & Suppliers & Factories of Smart Key Chain China - manufacturer, supplier, factory for China (for all products) (Full list of smart key chains for China",,,,
41,2003 Honda Installing a remote control for the Hyundai Instex 2003 - Honda Installing an electric car The Hyundai Instex is one of the most interesting devices to get started with. A computer anim,"For the 2003 installation of a remote for the car - the Volvo and on the road. The most interesting thing is to have an engine design, which can be easily verified in real time. From one year to another, there",,,,
42,"Daheed Bahu, Aaj Ke Gharbadly Khyal Muthyao Yaar Bhaiye Subah, Aaj Ke Gharbliy Sukhshan Ka Mausam Hai.Dil","DEHAOYARO/KEYTIGHTY BOOM KARMY YALLI BUY BEAU BAI SUIP IYAN BEE YAH, BAE SHEER HUN",,,,
43,"DEHAOYARO/KEYTIGHTY BOOM KARMY YALLI BUY BEAU BAI SUIP IYAN BEE YAH, BAE SHEER HUN","Sheikh Zayed bin Sultan Al Nahyan, the founder of al-Qaeda in Iraq and a member of the Islamic State group. He was arrested on August 23, 2014 at the age of 17 for alleged",,,,
44,"Buy OPEL V4 (Cita) SE, F88, F86, F85, and F98. Stock storage tank (F102) OPEL V89, F88, F02, F019. C","Buy OPEL V4 (CETA) SE, F88, FEELS and other parts of the package. OLP V9 (800 kg) OPEL V9 (2290 kg) SE, CETA V8",,,,
45,"Minister Mbabazi Wants the Youth to Use the Opportunities of People with Disabilities by saying: 06:30-12:19.15 in June 2019 Mbabazi Young, Rosemary and Mbabazi Senior Minister for Culture and Youth","Mr.Maz has invited you to enjoy your free time at 6:30 AM and thanked you for the opportunity of visiting us: MAMZY will be a young person with no age but also many years old,",,,,
46,"Smart Key Chain China Kia Delivery & Supply Manufacturers and Factories of smart keychaina - manufacturer, factory in India (for a total number of 24 products) Standard Slick Keys for the smartphone The","Smart Key Chain China Manufacturers & Suppliers & Factories of Smart Key Chain China - manufacturer, supplier, factory for China (for all products) (Full list of smart key chains for China",,,,
47,"May 14, 2019 at 9:45 pm Tuesday, 12/12/2015 Health: Soybeans, soybean extract, corn cereals, wheat flour and heart health benefits of dietary fiber. If you include","On May 14, 2019 at the Ministry of Health, a person may use this supplement to prevent breast cancer and other diseases. Please note that it is not recommended to take these products in combination with oral medication. It can help",,,,
48,2003 Honda Installing a remote control for the Hyundai Instex 2003 - Honda Installing an electric car The Hyundai Instex is one of the most interesting devices to get started with. A computer anim,2003 The installation of the Intra-Honda is a long process for installing in and out of the Intra-Honda. It will be an excellent experience to help you become an expert on the use of your car,,,,
49,"MIRRORES ASKED FOR FEMALE CIVILITY for the opportunity to learn ¦Miriam and others, Mr. René Thomas, a young man who wants to change the nature of","Minister Mbabazi Wants the Youth to Use the Opportunities of People with Disabilities by saying: 06:30-12:19.15 in June 2019 Mbabazi Young, Rosemary and Mbabazi Senior Minister for Culture and Youth",,,,
50,2003 Honda Installing a remote control for the Hyundai Instex 2003 - Honda Installing an electric car The Hyundai Instex is one of the most interesting devices to get started with. A computer anim,2003 opening of insert connectors for hsng 2003 opening of connectors for hsng 2003 launching of connectors for hsng 2003 car or automobile driver for hsng 2003 highlighting the most,,,,
51,"Buy OPEL V4 (Cita) SE, F88, F86, F85, and F98. Stock storage tank (F102) OPEL V89, F88, F02, F019. C","I am looking for a copy of the report. (I) It is in this case, and it will be available to you as an item that can be purchased by customers who are interested or have access to information about your",,,,
52,"The purchase of the FOPE V (C8) is a specialised vehicle.FOLS, V and C are also available for sale from 1998 to 2000 (FOL) - the first year of the company's","Buy OPEL V4 (Cita) SE, F88, F86, F85, and F98. Stock storage tank (F102) OPEL V89, F88, F02, F019. C",,,,
53,"DEHAOYARO/KEYTIGHTY BOOM KARMY YALLI BUY BEAU BAI SUIP IYAN BEE YAH, BAE SHEER HUN","DHYHAO/EDHESOKYO-MATTYA GUHTI BOLLY BAI YEY SAIB BI YAA, KIDYE YE HUM MET OU SHENJA and HEAD",,,,
54,DHAYARO_EKSTRAKHTIYOUNDREAMS.COMBAT HALLOWING GADLIGHT MUSIC SHOCKER BAB YI BUYI O,"DEHAOYARO/KEYTIGHTY BOOM KARMY YALLI BUY BEAU BAI SUIP IYAN BEE YAH, BAE SHEER HUN",,,,
55,"Skillet: 1021Ald 80Watt Darby + 2 parts of the machine, also called as Skillet: 105Watt Darby + 25 parts of the machine.",S.I.D. 1021 850 Watt Darbel Delete + 223 Partitioning or 4 parts of the S.I.D. 10582 Warhead + 28 parts of the S.I.D,,,,
56,"Buy OPEL V4 (Cita) SE, F88, F86, F85, and F98. Stock storage tank (F102) OPEL V89, F88, F02, F019. C","For the sale of ""El Vita"" (Copella) FIS, complete and partial assemblies are also available. ELVITA is a European company that produces equipment for the production of motor vehicles with an",,,,
57,"HRMXX Able cash bonus 400,000 copies were downloaded. Horizon's iPhone beluga is free for 0.49% .None except: Marne Cable said about the IRS Nebula Bonus 200 Free Casino","EUROMONT XXXX Cash Bonus: $300 extra bonus Bonus: 400% in the casino paydays Bonus € 205 Lile Free Blackjack Edition Bonuses: November 24, 2014 Update: for example: Maroon Nickel",,,,
58,"DEHAOYARO/KEYTIGHTY BOOM KARMY YALLI BUY BEAU BAI SUIP IYAN BEE YAH, BAE SHEER HUN","The following is the text of the statement by Mr. O'BRIEN, who was appointed to represent the United States in the 2008 Democratic National Convention: ""I am not a member of any party or organization that has",,,,
59,"279 Terrace Inn Road, Lakewoods NYC - MLS#R11725 Chautauqua Beach House for Rent. Chautauqua NYC - The Chautauqua Real Estate is located in the heart","279 East Terrace Avenue, Lakewood New York. MLS#R1171925 Chautauqua Beach Vacation Homes for Sale -Chautauqua NY _ Chautauqua Real Estate It is located in",,,,
60,2003 Honda Installing a remote control for the Hyundai Instex 2003 - Honda Installing an electric car The Hyundai Instex is one of the most interesting devices to get started with. A computer anim,"2003 Opening of a Hyundai Intra-Hungarian Connectivity 2003 Opening of an Intra-Hungarian Connectivity 2003 Children's car, the first to be given the idea of hybr",,,,
61,"Buy OPEL V4 (Cita) SE, F88, F86, F85, and F98. Stock storage tank (F102) OPEL V89, F88, F02, F019. C","Buy ""OPEL"" for F48, the stock and parts. OPEL (F89) from 2000 to 2002 is a 1.69. VC, in fact, the company's main competitor - 284. 00 C",,,,
62,2003 Honda Installing a Hyundai Instex remote control 2003 Honda Installing an Hyundai Instex remote control 2003 The car is the most popular in the world for people who want to be self-driving,2003 Honda Installing a remote control for the Hyundai Instex 2003 - Honda Installing an electric car The Hyundai Instex is one of the most interesting devices to get started with. A computer anim,,,,
63,"279 East Terrace Avenue, Lakewoodleck , NYC. MLS R#1171925 Chautauqua Beach Vacation Homes for Sale - chautauqa nyc .Chautaucah Real Estate","279 East Terrace Avenue, Lakewood New York. MLS#R1171925 Chautauqua Beach Vacation Homes for Sale -Chautauqua NY _ Chautauqua Real Estate It is located in",,,,
64,"Select the size of the unit: 0.1350 Watt + 82 Mattress Tablets, and a choice of 405 Watts + 82 Mattress Tablet Addition. Solution: 80 mm - 900 mm without","Skillet: 1021Ald 80Watt Darby + 2 parts of the machine, also called as Skillet: 105Watt Darby + 25 parts of the machine.",,,,
65,"MAMAYASHA WALLACHE: Children and Youths in the City of Rochester, New York.Mommy's mission is to educate young people about their cultural heritage and culture.M","Minister Mbabazi Wants the Youth to Use the Opportunities of People with Disabilities by saying: 06:30-12:19.15 in June 2019 Mbabazi Young, Rosemary and Mbabazi Senior Minister for Culture and Youth",,,,
66,"794 Avenue Inn, Lakewood. Is available for C# . N Rh T ∈ R Water on the Chautauqua Beach and is a chauqui residence in California"".","279 East Terrace Avenue, Lakewood New York. MLS#R1171925 Chautauqua Beach Vacation Homes for Sale -Chautauqua NY _ Chautauqua Real Estate It is located in",,,,
67,"The 2003 launch of the Inserte de Catalunya is a project that aims to provide an autonomous driving experience for motorists who wish to integrate their knowledge into the Catalan public transport system, and which will be one",2003 Honda Installing a remote control for the Hyundai Instex 2003 - Honda Installing an electric car The Hyundai Instex is one of the most interesting devices to get started with. A computer anim,,,,
68,"The game is a two-game series between the Minnesota Vikings and Minnesota Timberwolves. It's not just about the team, it's also about the players who are playing for them.","Match: Tyrese Evans vs. Jose Juan-Barea has won 12 of 30 Minnesota Timberwolves, Jose Juan-Berea is in 7 of 15 games against Minnesota Timberwolves, Jose Juan-Berea",,,,
69,"DEHAOYO_DEKKY_HARKETTIY GUMBAY KY BOLLI BAY ISU OUT, BAY YI SHEE. BENEDIT HAM","DEHAOYARO/KEYTIGHTY BOOM KARMY YALLI BUY BEAU BAI SUIP IYAN BEE YAH, BAE SHEER HUN",,,,
70,"Skillet: 1021Ald 80Watt Darby + 2 parts of the machine, also called as Skillet: 105Watt Darby + 25 parts of the machine.",X1021 Adel 2500 Montblanc Darts Additional workshop or additional combi of the Fiesta Catà 2580 ADEL DELTA PARTICIPI DE LA CERBATORIA 830 + add,,,,
71,"279 East Terrace Avenue, Lakewood New York. MLS#R1171925 Chautauqua Beach Vacation Homes for Sale -Chautauqua NY _ Chautauqua Real Estate It is located in","279 East Terrace Avenue, Lakewood, NY. MLS is in the house of a Chautauqua Village holiday businessman who was released from jail on March 19, 2017.",,,,
72,"Buy OPEL V4 (Cita) SE, F88, F86, F85, and F98. Stock storage tank (F102) OPEL V89, F88, F02, F019. C","Buy OPEL F4 (C68) , stock, spare parts and batteries OPEL F8 (C69) 208 (1.92) - POEL F4 (C68) 281.24 V.S. 0.",,,,
73,"Mbabazi Wants the People of Mercy to Use Travelers and Youth 06:30:169:12 to 06:35Mbazi Rorano, Junior Science, Culture and Youth Minister Mbabazi Rosie and Youth Minister Mbabazi","Minister Mbabazi Wants the Youth to Use the Opportunities of People with Disabilities by saying: 06:30-12:19.15 in June 2019 Mbabazi Young, Rosemary and Mbabazi Senior Minister for Culture and Youth",,,,
74,"DEHAOYARO/KEYTIGHTY BOOM KARMY YALLI BUY BEAU BAI SUIP IYAN BEE YAH, BAE SHEER HUN","Let your heart be free to go and let you know that I am a good person, so please do not hesitate to ask me for help.I will send my best wishes to the next of kin who are going to",,,,
75,President of Ukraine: Putin Respects the Power of Ukraine.President of Ukraine: Support Belarus/Belarus+ (VOA) U.S.-Vietnamese people: Support Vietnam + (VOA) 0,President Obama is responsible for supporting Ukraine.Vice president of the EU: BiH and Ukrainian Foreign Ministers are invited to attend a meeting in Kiev on June 7 (UTC+07) UOC-China confirmed,,,,
76,"Fighting: Tyrese Evans vs. Jose-Joao has won over 22 of the Minnesota Timberwolves, 30 of the Minnesota Timberwolves have been in these games since they were 15 years old; Jose","Match: Tyrese Evans vs. Jose Juan-Barea has won 12 of 30 Minnesota Timberwolves, Jose Juan-Berea is in 7 of 15 games against Minnesota Timberwolves, Jose Juan-Berea",,,,
77,"London Fire: 70 people have died, information is out online. The official news of the fire was released on Tuesday 27 June 2019 (LONDON) at 7:05 am local time (06.30 GMT), in a","London Fire: 79 fatalities, official release. Global Warming (UK) Last update on Tuesday 27 June 2017 05:20 am English Today, 20 minutes ago In the London borough of Greenfield Tower in London, seven",,,,
78,End of term 1st year Preparatory School JOBINIE 2962-30 June 2019 JOBINIE 3092 Today the pre-school has held a final examination.Joobine's Higher Education,Joupony 1st Class Pre-school Exam /295th Day of the Year Education At that time JUPONY 2nd class has been held at JOUPPO School for Youth and Sports since June,,,,
79,"May 14, 2019 at 12:35 pm Health: Cholesterol, soybean meal, corn cereal and wheat flour are beneficial for the health of children. If you do these diets daily then your heart","May 14, 2019 at 9:45 pm Tuesday, 12/12/2015 Health: Soybeans, soybean extract, corn cereals, wheat flour and heart health benefits of dietary fiber. If you include",,,,
80,End of term 1st year Preparatory School JOBINIE 2962-30 June 2019 JOBINIE 3092 Today the pre-school has held a final examination.Joobine's Higher Education,Extension of School Extension 1st year at JOHNNY COLLEGE 29/08/2016 This week Johnny COLLEGE 29/08/2012 held the Preliminary Examination of Johnny,,,,
81,"Skillet: 1021Ald 80Watt Darby + 2 parts of the machine, also called as Skillet: 105Watt Darby + 25 parts of the machine.",Decoration of the city hall and a memorial to the victims of World War II.,,,,
82,"It is a modified version of the original design. it will be replaced by an additional partition and replaceable parts for use in repairs to improve efficiency, improvements or maintenance costs (even if not installed","Skillet: 1021Ald 80Watt Darby + 2 parts of the machine, also called as Skillet: 105Watt Darby + 25 parts of the machine.",,,,
83,"279 East Avenue, Lakewood Home in the United States of America. #META is being sold for a reason - not to be used as private property by the people of Lakewood.","279 East Terrace Avenue, Lakewood New York. MLS#R1171925 Chautauqua Beach Vacation Homes for Sale -Chautauqua NY _ Chautauqua Real Estate It is located in",,,,
84,"Home News State of Pakistan 388 - 11 December 2018 In Shia media, India is not fooled into believing in attack If you don't tell me how to respond, then the Pakistani government will be afraid if","Home News International Pages 138-137 - Pakistan in Invisible, Say You Will Not Be Deceived If You Are Deceiving the People of Pakistan Said Shahid Khofifez ASAHIFAT HIS",,,,
85,"Minister Mbabazi Wants the Youth to Use the Opportunities of People with Disabilities by saying: 06:30-12:19.15 in June 2019 Mbabazi Young, Rosemary and Mbabazi Senior Minister for Culture and Youth","M.M.Pherz asked the people of God to help make a difference in their lives by making younger people feel more comfortable and happier about themselves, and they were invited to visit the site where the children are",,,,
86,"In this process, we've seen how effective our team is at helping out with the game. This has allowed us to have a better understanding of what it means for you and your teammates in terms of playing football.","Match: Tyrese Evans vs. Jose Juan-Barea has won 12 of 30 Minnesota Timberwolves, Jose Juan-Berea is in 7 of 15 games against Minnesota Timberwolves, Jose Juan-Berea",,,,
87,"Minister Mbabazi Wants the Youth to Use the Opportunities of People with Disabilities by saying: 06:30-12:19.15 in June 2019 Mbabazi Young, Rosemary and Mbabazi Senior Minister for Culture and Youth","Mrs. Mbabazi asked the Children of Empowered people to use Xollow 691036. On June 16, 2019Mbazi, Msgr Chumhuri and Mr Rosemary said that children should be able to speak",,,,
88,"London Fire: 79 fatalities, official release. Global Warming (UK) Last update on Tuesday 27 June 2017 05:20 am English Today, 20 minutes ago In the London borough of Greenfield Tower in London, seven","The BBC reports that the fire has been brought under control by authorities in London, England and Northern Ireland.The official statement said: ""We are aware of a major incident with an explosion at the Green Valley Fire Station which caused",,,,
89,2003 Honda Installing a remote control for the Hyundai Instex 2003 - Honda Installing an electric car The Hyundai Instex is one of the most interesting devices to get started with. A computer anim,"The day of the release of our nation from the threat of internal violence and insurrection is approaching, so that we can begin to build a new faith in the country. Ethiopian citizens are waiting for an independent government to",,,,
90,"Minister Mbabazi Wants the Youth to Use the Opportunities of People with Disabilities by saying: 06:30-12:19.15 in June 2019 Mbabazi Young, Rosemary and Mbabazi Senior Minister for Culture and Youth","Please let the young people of Mymensas suffer a little bit more in time for them to be baptized In December 2019 at 06:33am, Mr.Mymensas said that he would like to invite all",,,,
91,"Smart Key Chain Ford China Manufacturers & Suppliers and Factories of Smart Key - Car, factory, for sale to customers in China (including wholesale) - Smart Key Chain Ford China Manufacturer and supp","Smart Key Chain China Manufacturers & Suppliers & Factories of Smart Key Chain China - manufacturer, supplier, factory for China (for all products) (Full list of smart key chains for China",,,,
92,"She will be the first woman to lead a team of women in Indian community and is expected to take part in this event. The campaign has been launched by Dr. Bharat Singh, who said that she would like to give","Minister Mbabazi Wants the Youth to Use the Opportunities of People with Disabilities by saying: 06:30-12:19.15 in June 2019 Mbabazi Young, Rosemary and Mbabazi Senior Minister for Culture and Youth",,,,
93,2003 Honda Installing a remote control for the Hyundai Instex 2003 - Honda Installing an electric car The Hyundai Instex is one of the most interesting devices to get started with. A computer anim,"In 2003, the company launched a new line of electrical and electronic devices, called ""In-House"", which will allow you to enjoy an in-house experience with your car. The first step is to set up a remote",,,,
94,"President of the United Nations, His Excellency H.E. President Hassanal Abdel Nasser addressed the UN General Assembly on Tuesday and said that he was ""in favour"" of the Syrian government in its efforts","Minister Mbabazi Wants the Youth to Use the Opportunities of People with Disabilities by saying: 06:30-12:19.15 in June 2019 Mbabazi Young, Rosemary and Mbabazi Senior Minister for Culture and Youth",,,,
95,"Skillet: 1021Ald 80Watt Darby + 2 parts of the machine, also called as Skillet: 105Watt Darby + 25 parts of the machine.","Kvitka 160AW Darbetskaya + 8 kapsalica + 25 kapsalica + 10 kapsalica Armaty TK, Darbetskaya + 28 kapsalica + 130AW Darbet",,,,
96,"Minister Mbabazi Wants the Youth to Use the Opportunities of People with Disabilities by saying: 06:30-12:19.15 in June 2019 Mbabazi Young, Rosemary and Mbabazi Senior Minister for Culture and Youth","Mrs. Mbabazi asked the People of Children for a Friendly and Happy Time 6:30am to 6:19 amThomas Ruiz Young,Mrs RZAYR Youth Culture Minister said Women in need of friendlin",,,,
97,"Purchase an OP for FELTA C (V), complete cylinders, OP.PURCAM and OP.SETTY (W) BONDING IN THE BOX WITH A","Buy OPEL V4 (Cita) SE, F88, F86, F85, and F98. Stock storage tank (F102) OPEL V89, F88, F02, F019. C",,,,
98,"Match: Tyrese Evans vs. Jose Juan-Barea has won 12 of 30 Minnesota Timberwolves, Jose Juan-Berea is in 7 of 15 games against Minnesota Timberwolves, Jose Juan-Berea","In Switchware Xaye and Vera Gawen-Young John has 7 matches, Twentythree miners are from Ynshaw's They win 10 games in the StakeTwits as opposed",,,,
99,"278 Terrace Avenue, Lakewood Apartments. MLS also #RLAD19157 - Chautauqua Beach for sale in the city of Chautauqua -- Chautauqua NYC","279 East Terrace Avenue, Lakewood New York. MLS#R1171925 Chautauqua Beach Vacation Homes for Sale -Chautauqua NY _ Chautauqua Real Estate It is located in",,,,
100,"Skillet: 1021Ald 80Watt Darby + 2 parts of the machine, also called as Skillet: 105Watt Darby + 25 parts of the machine.",Chilled 8012Abet Darby Mill + 250 Tapellat Additional 4 Shilling or Chilled Darbi Addition + 25 Shilling Orbital + 1308Kbit/s Darin Darbi,,,,
101,"Smart Key Chain China Kies and Suppliers & Manufacturers of smart keychains - Factory, manufacturer (for the people who sell in Mexico) 24 Products for Standard keys kiese-shifted","Smart Key Chain China Manufacturers & Suppliers & Factories of Smart Key Chain China - manufacturer, supplier, factory for China (for all products) (Full list of smart key chains for China",,,,
102,"Minister Mbabazi Wants the Youth to Use the Opportunities of People with Disabilities by saying: 06:30-12:19.15 in June 2019 Mbabazi Young, Rosemary and Mbabazi Senior Minister for Culture and Youth","Minister Mbabazi Wishing the Youths of the People to Use Language and Experience in RUSHERY 06-12-15 2019 at 6:13amMbazi Zomuri, Youth Minister for Culture and Youth Affairs Mr. M",,,,
103,"279 East Terrace Avenue, Lakewood New York. MLS#R1171925 Chautauqua Beach Vacation Homes for Sale -Chautauqua NY _ Chautauqua Real Estate It is located in","27 Eastwood, NY Located in the Westwood area. - 29 Eastwood, NL #170213Waze-Key",,,,
104,"279 East Terrace Avenue, Lakewood, NY. MLS#R1171925 Chautauqua Beach Holidays for sale - Chautauqua NY. Chautauqua Real Estate","279 East Terrace Avenue, Lakewood New York. MLS#R1171925 Chautauqua Beach Vacation Homes for Sale -Chautauqua NY _ Chautauqua Real Estate It is located in",,,,
105,"Minister Mbabazi Wants the Youth to Use the Opportunities of People with Disabilities by saying: 06:30-12:19.15 in June 2019 Mbabazi Young, Rosemary and Mbabazi Senior Minister for Culture and Youth","The Minister of the Republic of Artsakh invited citizens to a short period in the town ""Rusov"" on the date of October 6 - 30, 2019 M.Marybavyayev, head of the Russian and Ser",,,,
106,"DEHAOYARO/KEYTIGHTY BOOM KARMY YALLI BUY BEAU BAI SUIP IYAN BEE YAH, BAE SHEER HUN","She is the daughter of David B. O'Shea, a former police officer in Bangor, Nigeria who was killed by an unknown gunman on March 23, 2017.",,,,
107,"DEHAOYARO/KEYTIGHTY BOOM KARMY YALLI BUY BEAU BAI SUIP IYAN BEE YAH, BAE SHEER HUN","DHYHE/ODERSOHKYA-GOTTAMMATI KEY BULLI BAYI YU SHARE II BE YAY, ADHABITHU MUSSHI HENNA IYE",,,,
108,"279 East Terrace Avenue, Lakewood New York. MLS#R1171925 Chautauqua Beach Vacation Homes for Sale -Chautauqua NY _ Chautauqua Real Estate It is located in","279 East Terrace Avenue, Lakewoods , NYC. It houses MLS#R 112719 The Chautauqua Beach Vacation Homes for Sale - chauquiers of the City-Chachua Real",,,,
109,"DEHAOYARO/KEYTIGHTY BOOM KARMY YALLI BUY BEAU BAI SUIP IYAN BEE YAH, BAE SHEER HUN","Deeds and other matters related to the sale of goods by H.E.G.S.TY in India, which is not mentioned in the booklet as being sold by H.E.G.S.T",,,,
110,Smart Kits Ford and Ford Motor Company is a brand name for the American car manufacturer.,"Smart Key Chain China Manufacturers & Suppliers & Factories of Smart Key Chain China - manufacturer, supplier, factory for China (for all products) (Full list of smart key chains for China",,,,
111,"Match: Tyrese Evans vs. Jose Juan-Barea has won 12 of 30 Minnesota Timberwolves, Jose Juan-Berea is in 7 of 15 games against Minnesota Timberwolves, Jose Juan-Berea","Match: Tyrese Evans vs. Jose-Joao Barea 22 of 30 Minnesota Timberwolves have won, in these games Josie-Jova is 5 out of 10 Minnesota Timberwolves has 3 goals",,,,
112,"May 14, 2019 at 12:45 PM EST: According to the WHO, soybeans, wheat flour, corn flakes and cereal candies can boost heart health. If you include them in your","May 14, 2019 at 9:45 pm Tuesday, 12/12/2015 Health: Soybeans, soybean extract, corn cereals, wheat flour and heart health benefits of dietary fiber. If you include",,,,
113,"Skillet: 1021Ald 80Watt Darby + 2 parts of the machine, also called as Skillet: 105Watt Darby + 25 parts of the machine.","X1080 Wiedel transducts above and after the Kritiekenpackage of 590 Svart and Der Kattepadel der Kritiekenpackage of 860 Svart, den. extended handle:",,,,
114,"Buy OPEL V4 (Cita) SE, F88, F86, F85, and F98. Stock storage tank (F102) OPEL V89, F88, F02, F019. C","The company ""Velskaya"" - Pest, the private buildings (from 1892 to 1949) are built on a reservoir of 80.000 m2, which is located in the territory of the Russian Federation.",,,,
115,"279 East Terrace Inn, LakewoodLake - NYSE M#1171922 Chautauqua Beach Rentals House-Chachua Island--chautauqa Real Estate is located in the city of Chesh","279 East Terrace Avenue, Lakewood New York. MLS#R1171925 Chautauqua Beach Vacation Homes for Sale -Chautauqua NY _ Chautauqua Real Estate It is located in",,,,
116,"Counter-Strike: The game is played by two players, one of whom has a goal. - It's not that the player doesn't have any goals to play for him. - He can only win if","Match: Tyrese Evans vs. Jose Juan-Barea has won 12 of 30 Minnesota Timberwolves, Jose Juan-Berea is in 7 of 15 games against Minnesota Timberwolves, Jose Juan-Berea",,,,
117,"London Fire: 79 fatalities, official release. Global Warming (UK) Last update on Tuesday 27 June 2017 05:20 am English Today, 20 minutes ago In the London borough of Greenfield Tower in London, seven","London Fire: 79 fatalities, official release. Online reports. Greenland Fire: 279 (UK News) Last Friday, June 6, 2017 At approximately 20 minutes after the fire was reported in the City of London's",,,,
118,Pakistan's National Security Council (NSSC) - The Government of Pakistan has made a decision to ban the use of chemical weapons in the fight against terrorism. Pakistan is committed to maintaining and defending its nuclear ar,"Home News State of Pakistan 388 - 11 December 2018 In Shia media, India is not fooled into believing in attack If you don't tell me how to respond, then the Pakistani government will be afraid if",,,,
119,"279 East Terrace Avenue, Lakewood New York. MLS#R1171925 Chautauqua Beach Vacation Homes for Sale -Chautauqua NY _ Chautauqua Real Estate It is located in","279 East Terrace Avenue, Lakewood, NY. MLS #111927 - Chautauqua Beach vacation homes for sale - Chautauqua NY - Chautauqua real estate",,,,
