model,run,step,layer,abscos_med,abscos_q25,abscos_q75,frac_negdom,rho_w_med,odd_med
softmax stack,resid_nc,10000,0,0.0211534,0.0102401,0.0379255,0.513672,0,0
softmax stack,resid_nc,10000,1,0.0224963,0.0117298,0.0393522,0.478516,0.0485196,0.896457
softmax stack,resid_nc,10000,2,0.0217287,0.0105493,0.0374677,0.505859,0.0389026,0.833885
softmax stack,resid_nc,10000,3,0.0206357,0.0100729,0.0357234,0.518555,0.0327318,0.763081
softmax stack,resid_nc,10000,4,0.0220093,0.0100341,0.0371091,0.489258,0.0251862,0.683466
softmax stack,resid_nc,20000,0,0.0303289,0.013694,0.0577036,0.509766,0,0
softmax stack,resid_nc,20000,1,0.0455861,0.018891,0.088253,0.489258,0.104209,0.983784
softmax stack,resid_nc,20000,2,0.0263676,0.0139073,0.046956,0.500977,0.0800362,0.964416
softmax stack,resid_nc,20000,3,0.0218657,0.00993725,0.0358518,0.505859,0.0558994,0.921659
softmax stack,resid_nc,20000,4,0.0226179,0.010087,0.036965,0.478516,0.0372051,0.822556
softmax stack,resid_nc,30000,0,0.0869686,0.0353155,0.201274,0.504883,0,0
softmax stack,resid_nc,30000,1,0.163559,0.0811832,0.27769,0.487305,0.173937,0.995604
softmax stack,resid_nc,30000,2,0.0961633,0.0450553,0.150705,0.455078,0.135654,0.991573
softmax stack,resid_nc,30000,3,0.0343394,0.0178935,0.0618413,0.487305,0.0970231,0.97826
softmax stack,resid_nc,30000,4,0.0231173,0.0112537,0.0386704,0.473633,0.0571744,0.928034
softmax stack,resid_nc,50000,0,0.249322,0.111988,0.42042,0.424805,0,0
softmax stack,resid_nc,50000,1,0.394895,0.270956,0.49438,0.837891,0.167771,0.995336
softmax stack,resid_nc,50000,2,0.244815,0.144793,0.326616,0.702148,0.155736,0.995982
softmax stack,resid_nc,50000,3,0.119967,0.0619768,0.193388,0.577148,0.144034,0.994387
softmax stack,resid_nc,50000,4,0.0500385,0.0236302,0.0823501,0.46582,0.108731,0.982327
softmax stack,resid_nc,80000,0,0.261076,0.119856,0.415425,0.429688,0,0
softmax stack,resid_nc,80000,1,0.542583,0.409926,0.64618,0.886719,0.15863,0.992567
softmax stack,resid_nc,80000,2,0.381482,0.249222,0.468226,0.818359,0.145628,0.994724
softmax stack,resid_nc,80000,3,0.205172,0.120045,0.276466,0.719727,0.14272,0.994664
softmax stack,resid_nc,80000,4,0.0966045,0.046483,0.151814,0.516602,0.124124,0.989956
softmax stack,resid_nc,130000,0,0.261031,0.126492,0.399345,0.646484,0,0
softmax stack,resid_nc,130000,1,0.672345,0.528729,0.747868,0.918945,0.187187,0.989071
softmax stack,resid_nc,130000,2,0.484852,0.332898,0.569627,0.849609,0.153901,0.99354
softmax stack,resid_nc,130000,3,0.284133,0.16243,0.358662,0.770508,0.153218,0.994385
softmax stack,resid_nc,130000,4,0.136271,0.0719612,0.209009,0.581055,0.13455,0.992103
softmax stack,resid_nc,220000,0,0.419729,0.271584,0.530667,0.858398,0,0
softmax stack,resid_nc,220000,1,0.848037,0.786665,0.873865,0.956055,0.194457,0.977494
softmax stack,resid_nc,220000,2,0.662601,0.531581,0.724073,0.899414,0.202574,0.990819
softmax stack,resid_nc,220000,3,0.381936,0.249857,0.457507,0.825195,0.213998,0.995319
softmax stack,resid_nc,220000,4,0.164053,0.0853043,0.258475,0.601562,0.20991,0.995864
softmax stack,resid_nc,372600,0,0.638447,0.479595,0.717306,0.958008,0,0
softmax stack,resid_nc,372600,1,0.93781,0.922884,0.945378,0.986328,0.177563,0.959119
softmax stack,resid_nc,372600,2,0.798763,0.724952,0.832762,0.933594,0.210921,0.985581
softmax stack,resid_nc,372600,3,0.517407,0.381953,0.5883,0.871094,0.241524,0.994321
softmax stack,resid_nc,372600,4,0.176084,0.0948496,0.281462,0.632812,0.226577,0.995731
hard-code stack,ste_h76_init01,10000,0,0.0217789,0.00997478,0.035958,0.414885,0.0224099,0.620851
hard-code stack,ste_h76_init01,10000,1,0.0331999,0.0155107,0.0581424,0.394737,0.0229155,0.629824
hard-code stack,ste_h76_init01,10000,2,0.0362626,0.0165845,0.0601391,0.388569,0.0219753,0.609378
hard-code stack,ste_h76_init01,10000,3,0.0361147,0.0168861,0.0621774,0.402961,0.0205901,0.586379
hard-code stack,ste_h76_init01,10000,4,0.0368168,0.017194,0.0662361,0.389391,0.0186396,0.562007
hard-code stack,ste_h76_init01,20000,0,0.021285,0.00964388,0.0355115,0.442023,0.0222367,0.615654
hard-code stack,ste_h76_init01,20000,1,0.031292,0.0146972,0.0540023,0.407484,0.024791,0.654817
hard-code stack,ste_h76_init01,20000,2,0.0331814,0.0151775,0.0565755,0.407072,0.0237941,0.638474
hard-code stack,ste_h76_init01,20000,3,0.0338827,0.0162228,0.0587488,0.432155,0.0216081,0.606238
hard-code stack,ste_h76_init01,20000,4,0.0363301,0.0164417,0.0642034,0.421464,0.0190423,0.564282
hard-code stack,ste_h76_init01,30000,0,0.0205041,0.0095937,0.0347627,0.510691,0.0220431,0.614629
hard-code stack,ste_h76_init01,30000,1,0.029762,0.0141373,0.0513327,0.414062,0.0259007,0.669716
hard-code stack,ste_h76_init01,30000,2,0.0311782,0.0144681,0.0536073,0.430099,0.0248696,0.652296
hard-code stack,ste_h76_init01,30000,3,0.0326347,0.0151667,0.056455,0.456414,0.0223874,0.617596
hard-code stack,ste_h76_init01,30000,4,0.0350417,0.0166295,0.0620778,0.45847,0.019118,0.567049
hard-code stack,ste_h76_init01,50000,0,0.0256197,0.0125239,0.0433541,0.729852,0.0223545,0.619189
hard-code stack,ste_h76_init01,50000,1,0.0276105,0.0131619,0.0482172,0.427632,0.0270704,0.684656
hard-code stack,ste_h76_init01,50000,2,0.028427,0.0136101,0.0498832,0.467516,0.0259649,0.667605
hard-code stack,ste_h76_init01,50000,3,0.0310422,0.0147468,0.0540364,0.520148,0.0231934,0.630051
hard-code stack,ste_h76_init01,50000,4,0.0344561,0.0155919,0.0593599,0.525493,0.0192425,0.56908
hard-code stack,ste_h76_init01,80000,0,0.0594495,0.0354994,0.0825625,0.9375,0.0228167,0.629024
hard-code stack,ste_h76_init01,80000,1,0.0260468,0.0124705,0.0447645,0.450247,0.0279082,0.695473
hard-code stack,ste_h76_init01,80000,2,0.0270262,0.0126312,0.0467687,0.523438,0.0265627,0.678608
hard-code stack,ste_h76_init01,80000,3,0.0308837,0.0141193,0.0533464,0.60403,0.023903,0.639652
hard-code stack,ste_h76_init01,80000,4,0.0353566,0.0170123,0.0608316,0.639391,0.0192537,0.567201
hard-code stack,ste_h76_init01,130000,0,0.153702,0.118927,0.182143,0.983964,0.023636,0.642456
hard-code stack,ste_h76_init01,130000,1,0.0250079,0.0110123,0.0414358,0.508224,0.028213,0.702445
hard-code stack,ste_h76_init01,130000,2,0.027203,0.0133672,0.0466305,0.638569,0.0272319,0.686683
hard-code stack,ste_h76_init01,130000,3,0.0368906,0.0177639,0.0609582,0.750411,0.0240075,0.642192
hard-code stack,ste_h76_init01,130000,4,0.0466736,0.023038,0.0778548,0.80551,0.0191194,0.557988
hard-code stack,ste_h76_init01,220000,0,0.351448,0.314771,0.377753,0.986431,0.0259813,0.660052
hard-code stack,ste_h76_init01,220000,1,0.027493,0.0129968,0.0478058,0.719984,0.0279514,0.700571
hard-code stack,ste_h76_init01,220000,2,0.0399204,0.0199721,0.062316,0.831826,0.0270229,0.683331
hard-code stack,ste_h76_init01,220000,3,0.0660646,0.0370605,0.0941623,0.926398,0.0235564,0.636162
hard-code stack,ste_h76_init01,220000,4,0.100414,0.0668681,0.137002,0.967105,0.0182072,0.529173
hard-code stack,ste_h76_init01,369500,0,0.535186,0.502992,0.563003,0.97903,0.0315642,0.71636
hard-code stack,ste_h76_init01,369500,1,0.0964392,0.0650525,0.135462,0.983141,0.0256225,0.675796
hard-code stack,ste_h76_init01,369500,2,0.108912,0.0791012,0.143385,0.994243,0.0250454,0.665348
hard-code stack,ste_h76_init01,369500,3,0.155315,0.119992,0.189137,0.999178,0.0218341,0.608991
hard-code stack,ste_h76_init01,369500,4,0.262177,0.215341,0.300586,0.998766,0.017516,0.476593
