arm,label,step,fvu,c,T
ste_h76_init01,5x76,10000,0.203255,0.317300,0.00015
ste_h76_init01,5x76,20000,0.187911,0.300391,0.00015
ste_h76_init01,5x76,30000,0.181938,0.284861,0.00015
ste_h76_init01,5x76,40000,0.178457,0.272949,0.00015
ste_h76_init01,5x76,50000,0.175478,0.263804,0.00015
ste_h76_init01,5x76,60000,0.173311,0.256717,0.00015
ste_h76_init01,5x76,70000,0.171454,0.250714,0.00015
ste_h76_init01,5x76,80000,0.169767,0.245656,0.00015
ste_h76_init01,5x76,90000,0.168363,0.241476,0.00015
ste_h76_init01,5x76,100000,0.166915,0.237643,0.00015
ste_h76_init01,5x76,110000,0.165705,0.234258,0.00015
ste_h76_init01,5x76,120000,0.164675,0.231368,0.00015
ste_h76_init01,5x76,130000,0.163554,0.228569,0.00015
ste_h76_init01,5x76,140000,0.162974,0.226094,0.00015
ste_h76_init01,5x76,150000,0.161946,0.223779,0.00015
ste_h76_init01,5x76,160000,0.161237,0.221659,0.00015
ste_h76_init01,5x76,170000,0.160281,0.219675,0.00015
ste_h76_init01,5x76,180000,0.159679,0.217809,0.00015
ste_h76_init01,5x76,190000,0.158991,0.216038,0.00015
ste_h76_init01,5x76,200000,0.158456,0.214424,0.00015
ste_h76_init01,5x76,210000,0.158056,0.212856,0.00015
ste_h76_init01,5x76,220000,0.157355,0.211301,0.00015
ste_h76_init01,5x76,230000,0.157047,0.209999,0.00015
ste_h76_init01,5x76,240000,0.156564,0.208644,0.00015
ste_h76_init01,5x76,250000,0.156048,0.207337,0.00015
ste_h76_init01,5x76,260000,0.155600,0.206238,0.00015
ste_h76_init01,5x76,270000,0.155279,0.205076,0.00015
ste_h76_init01,5x76,280000,0.154894,0.203967,0.00015
ste_h76_init01,5x76,290000,0.154442,0.203014,0.00015
ste_h76_init01,5x76,300000,0.154238,0.202048,0.00015
ste_h76_init01,5x76,310000,0.154322,0.201110,0.00015
ste_h76_init01,5x76,320000,0.153981,0.200313,0.00015
ste_h76_init01,5x76,330000,0.153709,0.199472,0.00015
ste_h76_init01,5x76,340000,0.153565,0.198702,0.00015
ste_h76_init01,5x76,350000,0.153523,0.198061,0.00015
ste_h76_init01,5x76,360000,0.153530,0.197347,0.00015
ste_h76_init01,5x76,369500,0.153555,0.196759,0.00015
ste_h76_i01_s43,"5x76, seed 43",10000,0.203840,0.317197,0.00015
ste_h76_i01_s43,"5x76, seed 43",20000,0.188358,0.300327,0.00015
ste_h76_i01_s43,"5x76, seed 43",30000,0.182477,0.284855,0.00015
ste_h76_i01_s43,"5x76, seed 43",40000,0.178589,0.272961,0.00015
ste_h76_i01_s43,"5x76, seed 43",50000,0.175870,0.263819,0.00015
ste_h76_i01_s43,"5x76, seed 43",60000,0.173534,0.256718,0.00015
ste_h76_i01_s43,"5x76, seed 43",70000,0.171611,0.250717,0.00015
ste_h76_i01_s43,"5x76, seed 43",80000,0.169878,0.245588,0.00015
ste_h76_i01_s43,"5x76, seed 43",90000,0.168500,0.241404,0.00015
ste_h76_i01_s43,"5x76, seed 43",100000,0.167205,0.237547,0.00015
ste_h76_i01_s43,"5x76, seed 43",110000,0.165910,0.234162,0.00015
ste_h76_i01_s43,"5x76, seed 43",120000,0.164805,0.231230,0.00015
ste_h76_i01_s43,"5x76, seed 43",130000,0.163787,0.228443,0.00015
ste_h76_i01_s43,"5x76, seed 43",140000,0.162955,0.225966,0.00015
ste_h76_i01_s43,"5x76, seed 43",150000,0.162133,0.223755,0.00015
ste_h76_i01_s43,"5x76, seed 43",160000,0.161317,0.221583,0.00015
ste_h76_i01_s43,"5x76, seed 43",170000,0.160582,0.219641,0.00015
ste_h76_i01_s43,"5x76, seed 43",180000,0.159936,0.217817,0.00015
ste_h76_i01_s43,"5x76, seed 43",190000,0.159245,0.216087,0.00015
ste_h76_i01_s43,"5x76, seed 43",200000,0.158678,0.214506,0.00015
ste_h76_i01_s43,"5x76, seed 43",210000,0.158141,0.212967,0.00015
ste_h76_i01_s43,"5x76, seed 43",220000,0.157566,0.211458,0.00015
ste_h76_i01_s43,"5x76, seed 43",230000,0.157087,0.210215,0.00015
ste_h76_i01_s43,"5x76, seed 43",240000,0.156426,0.208883,0.00015
ste_h76_i01_s43,"5x76, seed 43",250000,0.156274,0.207607,0.00015
ste_h76_i01_s43,"5x76, seed 43",260000,0.155763,0.206524,0.00015
ste_h76_i01_s43,"5x76, seed 43",270000,0.155270,0.205368,0.00015
ste_h76_i01_s43,"5x76, seed 43",280000,0.154863,0.204317,0.00015
ste_h76_i01_s43,"5x76, seed 43",290000,0.154352,0.203358,0.00015
ste_h76_i01_s43,"5x76, seed 43",300000,0.154056,0.202384,0.00015
ste_h76_i01_s43,"5x76, seed 43",310000,0.154137,0.201429,0.00015
ste_h76_i01_s43,"5x76, seed 43",320000,0.153948,0.200637,0.00015
ste_h76_i01_s43,"5x76, seed 43",330000,0.153376,0.199784,0.00015
ste_h76_i01_s43,"5x76, seed 43",340000,0.153500,0.199003,0.00015
ste_h76_i01_s43,"5x76, seed 43",350000,0.153418,0.198313,0.00015
ste_h76_i01_s43,"5x76, seed 43",360000,0.153341,0.197603,0.00015
ste_h76_i01_s43,"5x76, seed 43",369500,0.153501,0.196993,0.00015
ste_l1_h380_i01_hm1e4,"1x380, s_Hm 1e-4",10000,0.323326,0.536535,0.00015
ste_l1_h380_i01_hm1e4,"1x380, s_Hm 1e-4",20000,0.315800,0.524589,0.00015
ste_l1_h380_i01_hm1e4,"1x380, s_Hm 1e-4",30000,0.314051,0.506718,0.00015
ste_l1_h380_i01_hm1e4,"1x380, s_Hm 1e-4",40000,0.309178,0.490676,0.00015
ste_l1_h380_i01_hm1e4,"1x380, s_Hm 1e-4",50000,0.306511,0.477320,0.00015
ste_l1_h380_i01_hm1e4,"1x380, s_Hm 1e-4",60000,0.304621,0.466242,0.00015
ste_l1_h380_i01_hm1e4,"1x380, s_Hm 1e-4",70000,0.302779,0.456571,0.00015
ste_l1_h380_i01_hm1e4,"1x380, s_Hm 1e-4",80000,0.301702,0.448435,0.00015
ste_l1_h380_i01_hm1e4,"1x380, s_Hm 1e-4",90000,0.299815,0.441488,0.00015
ste_l1_h380_i01_hm1e4,"1x380, s_Hm 1e-4",100000,0.298080,0.434816,0.00015
ste_l1_h380_i01_hm1e4,"1x380, s_Hm 1e-4",110000,0.297165,0.429403,0.00015
ste_l1_h380_i01_hm1e4,"1x380, s_Hm 1e-4",120000,0.296637,0.424549,0.00015
ste_l1_h380_i01_hm1e4,"1x380, s_Hm 1e-4",130000,0.295109,0.419621,0.00015
ste_l1_h380_i01_hm1e4,"1x380, s_Hm 1e-4",140000,0.294635,0.415452,0.00015
ste_l1_h380_i01_hm1e4,"1x380, s_Hm 1e-4",150000,0.293468,0.411695,0.00015
ste_l1_h380_i01_hm1e4,"1x380, s_Hm 1e-4",160000,0.293333,0.407977,0.00015
ste_l1_h380_i01_hm1e4,"1x380, s_Hm 1e-4",170000,0.292096,0.404890,0.00015
ste_l1_h380_i01_hm1e4,"1x380, s_Hm 1e-4",180000,0.290937,0.401694,0.00015
ste_l1_h380_i01_hm1e4,"1x380, s_Hm 1e-4",190000,0.290163,0.398510,0.00015
ste_l1_h380_i01_hm1e4,"1x380, s_Hm 1e-4",200000,0.289309,0.396328,0.00015
ste_l1_h380_i01_hm1e4,"1x380, s_Hm 1e-4",210000,0.288245,0.393633,0.00015
ste_l1_h380_i01_hm1e4,"1x380, s_Hm 1e-4",220000,0.287710,0.391182,0.00015
ste_l1_h380_i01_hm1e4,"1x380, s_Hm 1e-4",230000,0.287272,0.389076,0.00015
ste_l1_h380_i01_hm1e4,"1x380, s_Hm 1e-4",240000,0.286267,0.386795,0.00015
ste_l1_h380_i01_hm1e4,"1x380, s_Hm 1e-4",250000,0.285585,0.384709,0.00015
ste_l1_h380_i01_hm1e4,"1x380, s_Hm 1e-4",260000,0.284082,0.383115,0.00015
ste_l1_h380_i01_hm1e4,"1x380, s_Hm 1e-4",270000,0.283460,0.381159,0.00015
ste_l1_h380_i01_hm1e4,"1x380, s_Hm 1e-4",280000,0.282805,0.379453,0.00015
ste_l1_h380_i01_hm1e4,"1x380, s_Hm 1e-4",290000,0.281764,0.378027,0.00015
ste_l1_h380_i01_hm1e4,"1x380, s_Hm 1e-4",300000,0.281038,0.376375,0.00015
ste_l1_h380_i01_hm1e4,"1x380, s_Hm 1e-4",310000,0.280120,0.374925,0.00015
ste_l1_h380_i01_hm1e4,"1x380, s_Hm 1e-4",320000,0.279404,0.373721,0.00015
ste_l1_h380_i01_hm1e4,"1x380, s_Hm 1e-4",330000,0.278503,0.372440,0.00015
ste_l1_h380_i01_hm1e4,"1x380, s_Hm 1e-4",340000,0.277427,0.371248,0.00015
ste_l1_h380_i01_hm1e4,"1x380, s_Hm 1e-4",350000,0.276579,0.370214,0.00015
ste_l1_h380_i01_hm1e4,"1x380, s_Hm 1e-4",360000,0.275721,0.369101,0.00015
ste_l1_h380_i01_hm1e4,"1x380, s_Hm 1e-4",369500,0.275027,0.368372,0.00015
ste_l1_h380_i01,1x380,10000,0.325079,0.537014,0.00015
ste_l1_h380_i01,1x380,20000,0.318909,0.525276,0.00015
ste_l1_h380_i01,1x380,30000,0.317059,0.508180,0.00015
ste_l1_h380_i01,1x380,40000,0.315223,0.492414,0.00015
ste_l1_h380_i01,1x380,50000,0.312144,0.479125,0.00015
ste_l1_h380_i01,1x380,60000,0.312107,0.468364,0.00015
ste_l1_h380_i01,1x380,70000,0.309571,0.459155,0.00015
ste_l1_h380_i01,1x380,80000,0.308898,0.451104,0.00015
ste_l1_h380_i01,1x380,90000,0.307462,0.444343,0.00015
ste_l1_h380_i01,1x380,100000,0.306806,0.438087,0.00015
ste_l1_h380_i01,1x380,110000,0.306256,0.432450,0.00015
ste_l1_h380_i01,1x380,120000,0.305296,0.427896,0.00015
ste_l1_h380_i01,1x380,130000,0.304598,0.423361,0.00015
ste_l1_h380_i01,1x380,140000,0.304055,0.419281,0.00015
ste_l1_h380_i01,1x380,150000,0.303637,0.415825,0.00015
ste_l1_h380_i01,1x380,160000,0.302851,0.412158,0.00015
ste_l1_h380_i01,1x380,170000,0.302412,0.409184,0.00015
ste_l1_h380_i01,1x380,180000,0.301412,0.406215,0.00015
ste_l1_h380_i01,1x380,190000,0.301016,0.403281,0.00015
ste_l1_h380_i01,1x380,200000,0.300022,0.401220,0.00015
ste_l1_h380_i01,1x380,210000,0.299161,0.398685,0.00015
ste_l1_h380_i01,1x380,220000,0.298608,0.396335,0.00015
ste_l1_h380_i01,1x380,230000,0.297918,0.394335,0.00015
ste_l1_h380_i01,1x380,240000,0.297367,0.392146,0.00015
ste_l1_h380_i01,1x380,250000,0.296918,0.390162,0.00015
ste_l1_h380_i01,1x380,260000,0.295652,0.388543,0.00015
ste_l1_h380_i01,1x380,270000,0.294984,0.386671,0.00015
ste_l1_h380_i01,1x380,280000,0.294369,0.385046,0.00015
ste_l1_h380_i01,1x380,290000,0.293375,0.383585,0.00015
ste_l1_h380_i01,1x380,300000,0.292615,0.382011,0.00015
ste_l1_h380_i01,1x380,310000,0.291890,0.380470,0.00015
ste_l1_h380_i01,1x380,320000,0.291159,0.379261,0.00015
ste_l1_h380_i01,1x380,330000,0.290349,0.377876,0.00015
ste_l1_h380_i01,1x380,340000,0.289582,0.376681,0.00015
ste_l1_h380_i01,1x380,350000,0.288523,0.375462,0.00015
ste_l1_h380_i01,1x380,360000,0.287660,0.374187,0.00015
ste_l1_h380_i01,1x380,369500,0.286980,0.373366,0.00015
ste_l1_h380_i01_s43,"1x380, seed 43",10000,0.328490,0.536853,0.00015
ste_l1_h380_i01_s43,"1x380, seed 43",20000,0.319709,0.525936,0.00015
ste_l1_h380_i01_s43,"1x380, seed 43",30000,0.318227,0.508154,0.00015
ste_l1_h380_i01_s43,"1x380, seed 43",40000,0.315139,0.492799,0.00015
ste_l1_h380_i01_s43,"1x380, seed 43",50000,0.312312,0.479349,0.00015
ste_l1_h380_i01_s43,"1x380, seed 43",60000,0.312689,0.469289,0.00015
ste_l1_h380_i01_s43,"1x380, seed 43",70000,0.311027,0.459785,0.00015
ste_l1_h380_i01_s43,"1x380, seed 43",80000,0.309315,0.451548,0.00015
ste_l1_h380_i01_s43,"1x380, seed 43",90000,0.308508,0.444915,0.00015
ste_l1_h380_i01_s43,"1x380, seed 43",100000,0.306850,0.438610,0.00015
ste_l1_h380_i01_s43,"1x380, seed 43",110000,0.305861,0.433206,0.00015
ste_l1_h380_i01_s43,"1x380, seed 43",120000,0.305303,0.428506,0.00015
ste_l1_h380_i01_s43,"1x380, seed 43",130000,0.304282,0.423811,0.00015
ste_l1_h380_i01_s43,"1x380, seed 43",140000,0.304069,0.419793,0.00015
ste_l1_h380_i01_s43,"1x380, seed 43",150000,0.303371,0.416236,0.00015
ste_l1_h380_i01_s43,"1x380, seed 43",160000,0.302735,0.412705,0.00015
ste_l1_h380_i01_s43,"1x380, seed 43",170000,0.302412,0.409680,0.00015
ste_l1_h380_i01_s43,"1x380, seed 43",180000,0.301466,0.406757,0.00015
ste_l1_h380_i01_s43,"1x380, seed 43",190000,0.300716,0.403817,0.00015
ste_l1_h380_i01_s43,"1x380, seed 43",200000,0.300101,0.401733,0.00015
ste_l1_h380_i01_s43,"1x380, seed 43",210000,0.299113,0.399044,0.00015
ste_l1_h380_i01_s43,"1x380, seed 43",220000,0.298560,0.396731,0.00015
ste_l1_h380_i01_s43,"1x380, seed 43",230000,0.297712,0.394774,0.00015
ste_l1_h380_i01_s43,"1x380, seed 43",240000,0.296990,0.392597,0.00015
ste_l1_h380_i01_s43,"1x380, seed 43",250000,0.296409,0.390542,0.00015
ste_l1_h380_i01_s43,"1x380, seed 43",260000,0.295599,0.388988,0.00015
ste_l1_h380_i01_s43,"1x380, seed 43",270000,0.294869,0.387111,0.00015
ste_l1_h380_i01_s43,"1x380, seed 43",280000,0.293929,0.385413,0.00015
ste_l1_h380_i01_s43,"1x380, seed 43",290000,0.293106,0.383999,0.00015
ste_l1_h380_i01_s43,"1x380, seed 43",300000,0.292468,0.382378,0.00015
ste_l1_h380_i01_s43,"1x380, seed 43",310000,0.292136,0.380895,0.00015
ste_l1_h380_i01_s43,"1x380, seed 43",320000,0.290849,0.379657,0.00015
ste_l1_h380_i01_s43,"1x380, seed 43",330000,0.290340,0.378261,0.00015
ste_l1_h380_i01_s43,"1x380, seed 43",340000,0.289521,0.377127,0.00015
ste_l1_h380_i01_s43,"1x380, seed 43",350000,0.288432,0.375891,0.00015
ste_l1_h380_i01_s43,"1x380, seed 43",360000,0.287863,0.374662,0.00015
ste_l1_h380_i01_s43,"1x380, seed 43",369500,0.287141,0.373843,0.00015
