arm,label,step,bits_raw,bits,nominal
ste_h76,"5x76, shipped init",1000,1189.47,1222.66,1900
ste_h76,"5x76, shipped init",2000,1108.70,1141.90,1900
ste_h76,"5x76, shipped init",3000,901.30,934.49,1900
ste_h76,"5x76, shipped init",4000,821.72,854.91,1900
ste_h76,"5x76, shipped init",5000,790.16,823.35,1900
ste_h76,"5x76, shipped init",6000,776.60,809.80,1900
ste_h76,"5x76, shipped init",7000,777.44,810.64,1900
ste_h76,"5x76, shipped init",8000,803.09,836.28,1900
ste_h76,"5x76, shipped init",9000,858.64,891.83,1900
ste_h76,"5x76, shipped init",10000,928.89,962.09,1900
ste_h76,"5x76, shipped init",11000,1028.73,1061.92,1900
ste_h76,"5x76, shipped init",12000,1150.00,1183.20,1900
ste_h76,"5x76, shipped init",13000,1273.30,1306.50,1900
ste_h76,"5x76, shipped init",14000,1380.60,1413.80,1900
ste_h76,"5x76, shipped init",15000,1460.16,1493.36,1900
ste_h76,"5x76, shipped init",16000,1511.46,1544.66,1900
ste_h76,"5x76, shipped init",17000,1543.62,1576.81,1900
ste_h76,"5x76, shipped init",18000,1561.64,1594.84,1900
ste_h76,"5x76, shipped init",19000,1572.49,1605.69,1900
ste_h76,"5x76, shipped init",20000,1579.19,1612.38,1900
ste_h76,"5x76, shipped init",21000,1586.40,1619.60,1900
ste_h76,"5x76, shipped init",22000,1592.98,1626.17,1900
ste_h76,"5x76, shipped init",23000,1597.85,1631.04,1900
ste_h76,"5x76, shipped init",24000,1601.60,1634.79,1900
ste_h76,"5x76, shipped init",25000,1605.18,1638.38,1900
ste_h76,"5x76, shipped init",26000,1608.96,1642.15,1900
ste_h76,"5x76, shipped init",27000,1612.64,1645.84,1900
ste_h76,"5x76, shipped init",28000,1615.84,1649.04,1900
ste_h76,"5x76, shipped init",29000,1619.44,1652.64,1900
ste_h76,"5x76, shipped init",30000,1622.20,1655.39,1900
ste_h76,"5x76, shipped init",31000,1625.50,1658.69,1900
ste_h76,"5x76, shipped init",32000,1628.61,1661.80,1900
ste_h76,"5x76, shipped init",33000,1632.43,1665.63,1900
ste_h76,"5x76, shipped init",34000,1635.41,1668.60,1900
ste_h76,"5x76, shipped init",35000,1637.38,1670.57,1900
ste_h76,"5x76, shipped init",36000,1640.20,1673.39,1900
ste_h76,"5x76, shipped init",37000,1642.44,1675.64,1900
ste_h76,"5x76, shipped init",38000,1644.06,1677.25,1900
ste_h76,"5x76, shipped init",39000,1645.55,1678.74,1900
ste_h76,"5x76, shipped init",40000,1647.27,1680.47,1900
ste_h76,"5x76, shipped init",41000,1649.02,1682.22,1900
ste_h76,"5x76, shipped init",42000,1650.89,1684.08,1900
ste_h76,"5x76, shipped init",43000,1652.73,1685.92,1900
ste_h76,"5x76, shipped init",44000,1654.58,1687.77,1900
ste_h76,"5x76, shipped init",45000,1655.97,1689.17,1900
ste_h76,"5x76, shipped init",46000,1657.38,1690.58,1900
ste_h76,"5x76, shipped init",47000,1658.52,1691.71,1900
ste_h76,"5x76, shipped init",48000,1659.57,1692.76,1900
ste_h76,"5x76, shipped init",49000,1661.06,1694.26,1900
ste_h76,"5x76, shipped init",50000,1661.90,1695.09,1900
ste_h76,"5x76, shipped init",51000,1662.76,1695.96,1900
ste_h76,"5x76, shipped init",52000,1663.37,1696.56,1900
ste_h76,"5x76, shipped init",53000,1664.40,1697.59,1900
ste_h76,"5x76, shipped init",54000,1664.82,1698.01,1900
ste_h76,"5x76, shipped init",55000,1665.55,1698.75,1900
ste_h76,"5x76, shipped init",56000,1666.29,1699.49,1900
ste_h76,"5x76, shipped init",57000,1667.44,1700.63,1900
ste_h76,"5x76, shipped init",58000,1668.48,1701.67,1900
ste_h76,"5x76, shipped init",59000,1669.07,1702.26,1900
ste_h76,"5x76, shipped init",60000,1669.57,1702.76,1900
ste_h76,"5x76, shipped init",61000,1670.43,1703.62,1900
ste_h76,"5x76, shipped init",62000,1671.25,1704.44,1900
ste_h76,"5x76, shipped init",63000,1671.72,1704.91,1900
ste_h76,"5x76, shipped init",64000,1672.32,1705.51,1900
ste_h76,"5x76, shipped init",65000,1672.77,1705.96,1900
ste_h76,"5x76, shipped init",66000,1673.17,1706.37,1900
ste_h76,"5x76, shipped init",67000,1673.25,1706.45,1900
ste_h76,"5x76, shipped init",68000,1673.72,1706.91,1900
ste_h76,"5x76, shipped init",69000,1673.91,1707.10,1900
ste_h76,"5x76, shipped init",70000,1674.19,1707.39,1900
ste_h76,"5x76, shipped init",71000,1674.60,1707.80,1900
ste_h76,"5x76, shipped init",72000,1675.10,1708.29,1900
ste_h76,"5x76, shipped init",73000,1675.98,1709.17,1900
ste_h76,"5x76, shipped init",74000,1676.76,1709.95,1900
ste_h76,"5x76, shipped init",75000,1677.32,1710.51,1900
ste_h76,"5x76, shipped init",76000,1677.81,1711.00,1900
ste_h76,"5x76, shipped init",77000,1678.20,1711.39,1900
ste_h76,"5x76, shipped init",78000,1678.50,1711.69,1900
ste_h76,"5x76, shipped init",79000,1679.07,1712.27,1900
ste_h76,"5x76, shipped init",80000,1679.52,1712.71,1900
ste_h76,"5x76, shipped init",81000,1679.78,1712.97,1900
ste_h76,"5x76, shipped init",82000,1680.25,1713.44,1900
ste_h76,"5x76, shipped init",83000,1680.93,1714.12,1900
ste_h76,"5x76, shipped init",84000,1681.29,1714.48,1900
ste_h76,"5x76, shipped init",85000,1681.71,1714.90,1900
ste_h76,"5x76, shipped init",86000,1681.88,1715.08,1900
ste_h76,"5x76, shipped init",87000,1682.26,1715.45,1900
ste_h76,"5x76, shipped init",88000,1682.29,1715.49,1900
ste_h76,"5x76, shipped init",89000,1682.48,1715.67,1900
ste_h76,"5x76, shipped init",90000,1682.55,1715.74,1900
ste_h76,"5x76, shipped init",91000,1682.80,1716.00,1900
ste_h76,"5x76, shipped init",92000,1683.20,1716.39,1900
ste_h76,"5x76, shipped init",93000,1683.36,1716.56,1900
ste_h76,"5x76, shipped init",94000,1683.71,1716.91,1900
ste_h76,"5x76, shipped init",95000,1683.91,1717.10,1900
ste_h76,"5x76, shipped init",96000,1684.24,1717.44,1900
ste_h76,"5x76, shipped init",97000,1684.52,1717.71,1900
ste_h76,"5x76, shipped init",98000,1684.40,1717.60,1900
ste_h76,"5x76, shipped init",99000,1684.46,1717.66,1900
ste_h76,"5x76, shipped init",100000,1684.60,1717.79,1900
ste_h76,"5x76, shipped init",101000,1684.66,1717.85,1900
ste_h76,"5x76, shipped init",102000,1684.66,1717.86,1900
ste_h76,"5x76, shipped init",103000,1684.86,1718.06,1900
ste_h76,"5x76, shipped init",104000,1685.00,1718.19,1900
ste_h76,"5x76, shipped init",105000,1684.97,1718.16,1900
ste_h76,"5x76, shipped init",106000,1685.16,1718.35,1900
ste_h76,"5x76, shipped init",107000,1685.06,1718.25,1900
ste_h76,"5x76, shipped init",108000,1685.22,1718.41,1900
ste_h76,"5x76, shipped init",109000,1685.40,1718.59,1900
ste_h76,"5x76, shipped init",110000,1685.56,1718.76,1900
ste_h76,"5x76, shipped init",111000,1685.56,1718.75,1900
ste_h76,"5x76, shipped init",112000,1685.70,1718.89,1900
ste_h76,"5x76, shipped init",113000,1685.88,1719.07,1900
ste_h76,"5x76, shipped init",114000,1685.85,1719.04,1900
ste_h76,"5x76, shipped init",115000,1686.01,1719.20,1900
ste_h76,"5x76, shipped init",116000,1686.14,1719.34,1900
ste_h76,"5x76, shipped init",117000,1686.33,1719.53,1900
ste_h76,"5x76, shipped init",118000,1686.38,1719.58,1900
ste_h76,"5x76, shipped init",119000,1686.40,1719.59,1900
ste_h76,"5x76, shipped init",120000,1686.52,1719.71,1900
ste_h76,"5x76, shipped init",121000,1686.46,1719.65,1900
ste_h76,"5x76, shipped init",122000,1686.37,1719.56,1900
ste_h76,"5x76, shipped init",123000,1686.56,1719.76,1900
ste_h76,"5x76, shipped init",124000,1686.86,1720.05,1900
ste_h76,"5x76, shipped init",125000,1686.95,1720.14,1900
ste_h76,"5x76, shipped init",126000,1687.16,1720.36,1900
ste_h76,"5x76, shipped init",127000,1687.16,1720.35,1900
ste_h76,"5x76, shipped init",128000,1687.25,1720.44,1900
ste_h76,"5x76, shipped init",129000,1687.44,1720.64,1900
ste_h76,"5x76, shipped init",130000,1687.47,1720.66,1900
ste_h76,"5x76, shipped init",131000,1687.66,1720.85,1900
ste_h76,"5x76, shipped init",132000,1687.97,1721.16,1900
ste_h76,"5x76, shipped init",133000,1688.35,1721.54,1900
ste_h76,"5x76, shipped init",134000,1688.52,1721.71,1900
ste_h76,"5x76, shipped init",135000,1688.56,1721.76,1900
ste_h76,"5x76, shipped init",136000,1688.60,1721.79,1900
ste_h76,"5x76, shipped init",137000,1688.74,1721.93,1900
ste_h76,"5x76, shipped init",138000,1688.68,1721.88,1900
ste_h76,"5x76, shipped init",139000,1688.72,1721.91,1900
ste_h76,"5x76, shipped init",140000,1688.86,1722.05,1900
ste_h76,"5x76, shipped init",141000,1689.07,1722.27,1900
ste_h76,"5x76, shipped init",142000,1688.97,1722.16,1900
ste_h76,"5x76, shipped init",143000,1689.25,1722.44,1900
ste_h76,"5x76, shipped init",144000,1689.11,1722.30,1900
ste_h76,"5x76, shipped init",145000,1689.14,1722.33,1900
ste_h76,"5x76, shipped init",146000,1689.24,1722.43,1900
ste_h76,"5x76, shipped init",147000,1689.39,1722.58,1900
ste_h76,"5x76, shipped init",148000,1689.34,1722.54,1900
ste_h76,"5x76, shipped init",149000,1689.51,1722.71,1900
ste_h76,"5x76, shipped init",150000,1689.53,1722.73,1900
ste_h76,"5x76, shipped init",151000,1689.59,1722.78,1900
ste_h76,"5x76, shipped init",152000,1689.70,1722.89,1900
ste_h76,"5x76, shipped init",153000,1689.76,1722.95,1900
ste_h76,"5x76, shipped init",154000,1689.68,1722.87,1900
ste_h76,"5x76, shipped init",155000,1689.75,1722.94,1900
ste_h76,"5x76, shipped init",156000,1689.77,1722.96,1900
ste_h76,"5x76, shipped init",157000,1689.87,1723.07,1900
ste_h76,"5x76, shipped init",158000,1689.61,1722.80,1900
ste_h76,"5x76, shipped init",159000,1689.84,1723.04,1900
ste_h76,"5x76, shipped init",160000,1689.81,1723.01,1900
ste_h76,"5x76, shipped init",161000,1689.70,1722.89,1900
ste_h76,"5x76, shipped init",162000,1689.82,1723.01,1900
ste_h76,"5x76, shipped init",163000,1689.69,1722.88,1900
ste_h76,"5x76, shipped init",164000,1689.68,1722.88,1900
ste_h76,"5x76, shipped init",165000,1689.80,1722.99,1900
ste_h76,"5x76, shipped init",166000,1689.86,1723.06,1900
ste_h76,"5x76, shipped init",167000,1689.82,1723.01,1900
ste_h76,"5x76, shipped init",168000,1689.74,1722.93,1900
ste_h76,"5x76, shipped init",169000,1689.99,1723.18,1900
ste_h76,"5x76, shipped init",170000,1689.85,1723.05,1900
ste_h76,"5x76, shipped init",171000,1689.88,1723.08,1900
ste_h76,"5x76, shipped init",172000,1689.81,1723.01,1900
ste_h76,"5x76, shipped init",173000,1690.00,1723.19,1900
ste_h76,"5x76, shipped init",174000,1690.02,1723.21,1900
ste_h76,"5x76, shipped init",175000,1690.05,1723.25,1900
ste_h76,"5x76, shipped init",176000,1690.18,1723.37,1900
ste_h76,"5x76, shipped init",177000,1689.97,1723.16,1900
ste_h76,"5x76, shipped init",178000,1690.11,1723.31,1900
ste_h76,"5x76, shipped init",179000,1690.05,1723.25,1900
ste_h76,"5x76, shipped init",180000,1689.99,1723.18,1900
ste_h76,"5x76, shipped init",181000,1690.06,1723.25,1900
ste_h76,"5x76, shipped init",182000,1690.23,1723.42,1900
ste_h76,"5x76, shipped init",183000,1690.15,1723.34,1900
ste_h76,"5x76, shipped init",184000,1690.22,1723.41,1900
ste_h76,"5x76, shipped init",185000,1690.18,1723.37,1900
ste_h76,"5x76, shipped init",186000,1690.12,1723.32,1900
ste_h76,"5x76, shipped init",187000,1690.37,1723.56,1900
ste_h76,"5x76, shipped init",188000,1690.25,1723.44,1900
ste_h76,"5x76, shipped init",189000,1690.29,1723.48,1900
ste_h76,"5x76, shipped init",190000,1690.35,1723.55,1900
ste_h76,"5x76, shipped init",191000,1690.47,1723.66,1900
ste_h76,"5x76, shipped init",192000,1690.27,1723.47,1900
ste_h76,"5x76, shipped init",193000,1690.45,1723.64,1900
ste_h76,"5x76, shipped init",194000,1690.32,1723.52,1900
ste_h76,"5x76, shipped init",195000,1690.50,1723.69,1900
ste_h76,"5x76, shipped init",196000,1690.41,1723.60,1900
ste_h76,"5x76, shipped init",197000,1690.42,1723.61,1900
ste_h76,"5x76, shipped init",198000,1690.53,1723.72,1900
ste_h76,"5x76, shipped init",199000,1690.53,1723.72,1900
ste_h76,"5x76, shipped init",200000,1690.58,1723.78,1900
ste_h76,"5x76, shipped init",201000,1690.60,1723.79,1900
ste_h76,"5x76, shipped init",202000,1690.69,1723.88,1900
ste_h76,"5x76, shipped init",203000,1690.87,1724.06,1900
ste_h76,"5x76, shipped init",204000,1690.84,1724.03,1900
ste_h76,"5x76, shipped init",205000,1690.84,1724.04,1900
ste_h76,"5x76, shipped init",206000,1690.88,1724.08,1900
ste_h76,"5x76, shipped init",207000,1690.91,1724.11,1900
ste_h76,"5x76, shipped init",208000,1691.02,1724.21,1900
ste_h76,"5x76, shipped init",209000,1691.04,1724.23,1900
ste_h76,"5x76, shipped init",210000,1691.03,1724.23,1900
ste_h76,"5x76, shipped init",211000,1690.99,1724.18,1900
ste_h76,"5x76, shipped init",212000,1691.07,1724.26,1900
ste_h76,"5x76, shipped init",213000,1691.13,1724.32,1900
ste_h76,"5x76, shipped init",214000,1691.01,1724.20,1900
ste_h76,"5x76, shipped init",215000,1691.15,1724.34,1900
ste_h76,"5x76, shipped init",216000,1691.17,1724.37,1900
ste_h76,"5x76, shipped init",217000,1691.23,1724.42,1900
ste_h76,"5x76, shipped init",218000,1691.32,1724.51,1900
ste_h76,"5x76, shipped init",219000,1691.07,1724.26,1900
ste_h76,"5x76, shipped init",220000,1691.19,1724.38,1900
ste_h76,"5x76, shipped init",221000,1691.17,1724.36,1900
ste_h76,"5x76, shipped init",222000,1691.25,1724.44,1900
ste_h76,"5x76, shipped init",223000,1691.25,1724.44,1900
ste_h76,"5x76, shipped init",224000,1691.31,1724.50,1900
ste_h76,"5x76, shipped init",225000,1691.14,1724.33,1900
ste_h76,"5x76, shipped init",226000,1691.38,1724.58,1900
ste_h76,"5x76, shipped init",227000,1691.24,1724.44,1900
ste_h76,"5x76, shipped init",228000,1691.41,1724.61,1900
ste_h76,"5x76, shipped init",229000,1691.28,1724.48,1900
ste_h76,"5x76, shipped init",230000,1691.33,1724.52,1900
ste_h76,"5x76, shipped init",231000,1691.42,1724.62,1900
ste_h76,"5x76, shipped init",232000,1691.49,1724.68,1900
ste_h76,"5x76, shipped init",233000,1691.42,1724.61,1900
ste_h76,"5x76, shipped init",234000,1691.45,1724.64,1900
ste_h76,"5x76, shipped init",235000,1691.48,1724.68,1900
ste_h76,"5x76, shipped init",236000,1691.57,1724.77,1900
ste_h76,"5x76, shipped init",237000,1691.45,1724.64,1900
ste_h76,"5x76, shipped init",238000,1691.53,1724.72,1900
ste_h76,"5x76, shipped init",239000,1691.44,1724.64,1900
ste_h76,"5x76, shipped init",240000,1691.62,1724.81,1900
ste_h76,"5x76, shipped init",241000,1691.60,1724.79,1900
ste_h76,"5x76, shipped init",242000,1691.69,1724.89,1900
ste_h76,"5x76, shipped init",243000,1691.58,1724.77,1900
ste_h76,"5x76, shipped init",244000,1691.65,1724.85,1900
ste_h76,"5x76, shipped init",245000,1691.69,1724.89,1900
ste_h76,"5x76, shipped init",246000,1691.74,1724.94,1900
ste_h76,"5x76, shipped init",247000,1691.59,1724.79,1900
ste_h76,"5x76, shipped init",248000,1691.66,1724.86,1900
ste_h76,"5x76, shipped init",249000,1691.67,1724.87,1900
ste_h76,"5x76, shipped init",250000,1691.80,1725.00,1900
ste_h76,"5x76, shipped init",251000,1691.74,1724.93,1900
ste_h76,"5x76, shipped init",252000,1691.72,1724.91,1900
ste_h76,"5x76, shipped init",253000,1691.81,1725.01,1900
ste_h76,"5x76, shipped init",254000,1691.76,1724.95,1900
ste_h76,"5x76, shipped init",255000,1691.84,1725.03,1900
ste_h76,"5x76, shipped init",256000,1691.90,1725.09,1900
ste_h76,"5x76, shipped init",257000,1691.94,1725.13,1900
ste_h76,"5x76, shipped init",258000,1691.86,1725.06,1900
ste_h76,"5x76, shipped init",259000,1691.96,1725.16,1900
ste_h76,"5x76, shipped init",260000,1691.90,1725.10,1900
ste_h76,"5x76, shipped init",261000,1691.99,1725.19,1900
ste_h76,"5x76, shipped init",262000,1692.02,1725.21,1900
ste_h76,"5x76, shipped init",263000,1692.08,1725.27,1900
ste_h76,"5x76, shipped init",264000,1692.10,1725.29,1900
ste_h76,"5x76, shipped init",265000,1691.96,1725.16,1900
ste_h76,"5x76, shipped init",266000,1692.18,1725.37,1900
ste_h76,"5x76, shipped init",267000,1692.03,1725.23,1900
ste_h76,"5x76, shipped init",268000,1692.10,1725.30,1900
ste_h76,"5x76, shipped init",269000,1692.19,1725.38,1900
ste_h76,"5x76, shipped init",270000,1692.19,1725.38,1900
ste_h76,"5x76, shipped init",271000,1692.08,1725.27,1900
ste_h76,"5x76, shipped init",272000,1692.14,1725.34,1900
ste_h76,"5x76, shipped init",273000,1692.21,1725.40,1900
ste_h76,"5x76, shipped init",274000,1692.16,1725.35,1900
ste_h76,"5x76, shipped init",275000,1692.32,1725.52,1900
ste_h76,"5x76, shipped init",276000,1692.23,1725.42,1900
ste_h76,"5x76, shipped init",277000,1692.22,1725.41,1900
ste_h76,"5x76, shipped init",278000,1692.34,1725.53,1900
ste_h76,"5x76, shipped init",279000,1692.32,1725.52,1900
ste_h76,"5x76, shipped init",280000,1692.29,1725.48,1900
ste_h76,"5x76, shipped init",281000,1692.41,1725.61,1900
ste_h76,"5x76, shipped init",282000,1692.41,1725.60,1900
ste_h76,"5x76, shipped init",283000,1692.43,1725.62,1900
ste_h76,"5x76, shipped init",284000,1692.29,1725.49,1900
ste_h76,"5x76, shipped init",285000,1692.49,1725.69,1900
ste_h76,"5x76, shipped init",286000,1692.41,1725.60,1900
ste_h76,"5x76, shipped init",287000,1692.49,1725.69,1900
ste_h76,"5x76, shipped init",288000,1692.57,1725.77,1900
ste_h76,"5x76, shipped init",289000,1692.47,1725.66,1900
ste_h76,"5x76, shipped init",290000,1692.62,1725.82,1900
ste_h76,"5x76, shipped init",291000,1692.54,1725.73,1900
ste_h76,"5x76, shipped init",292000,1692.49,1725.68,1900
ste_h76,"5x76, shipped init",293000,1692.59,1725.79,1900
ste_h76,"5x76, shipped init",294000,1692.61,1725.80,1900
ste_h76,"5x76, shipped init",295000,1692.59,1725.79,1900
ste_h76,"5x76, shipped init",296000,1692.74,1725.93,1900
ste_h76,"5x76, shipped init",297000,1692.77,1725.97,1900
ste_h76,"5x76, shipped init",298000,1692.76,1725.95,1900
ste_h76,"5x76, shipped init",299000,1692.75,1725.94,1900
ste_h76,"5x76, shipped init",300000,1692.76,1725.96,1900
ste_h76,"5x76, shipped init",301000,1692.76,1725.96,1900
ste_h76,"5x76, shipped init",302000,1692.90,1726.09,1900
ste_h76,"5x76, shipped init",303000,1692.88,1726.08,1900
ste_h76,"5x76, shipped init",304000,1692.90,1726.09,1900
ste_h76,"5x76, shipped init",305000,1692.87,1726.06,1900
ste_h76,"5x76, shipped init",306000,1692.85,1726.04,1900
ste_h76,"5x76, shipped init",307000,1692.94,1726.13,1900
ste_h76,"5x76, shipped init",308000,1692.91,1726.11,1900
ste_h76,"5x76, shipped init",309000,1693.04,1726.24,1900
ste_h76,"5x76, shipped init",310000,1692.97,1726.16,1900
ste_h76,"5x76, shipped init",311000,1693.02,1726.21,1900
ste_h76,"5x76, shipped init",312000,1693.15,1726.34,1900
ste_h76,"5x76, shipped init",313000,1692.97,1726.16,1900
ste_h76,"5x76, shipped init",314000,1693.04,1726.23,1900
ste_h76,"5x76, shipped init",315000,1693.11,1726.30,1900
ste_h76,"5x76, shipped init",316000,1693.18,1726.37,1900
ste_h76,"5x76, shipped init",317000,1693.14,1726.33,1900
ste_h76,"5x76, shipped init",318000,1693.20,1726.40,1900
ste_h76,"5x76, shipped init",319000,1693.20,1726.40,1900
ste_h76,"5x76, shipped init",320000,1693.30,1726.49,1900
ste_h76,"5x76, shipped init",321000,1693.27,1726.46,1900
ste_h76,"5x76, shipped init",322000,1693.16,1726.35,1900
ste_h76,"5x76, shipped init",323000,1693.19,1726.38,1900
ste_h76,"5x76, shipped init",324000,1693.35,1726.55,1900
ste_h76,"5x76, shipped init",325000,1693.54,1726.73,1900
ste_h76,"5x76, shipped init",326000,1693.60,1726.79,1900
ste_h76,"5x76, shipped init",327000,1693.79,1726.98,1900
ste_h76,"5x76, shipped init",328000,1693.80,1727.00,1900
ste_h76,"5x76, shipped init",329000,1694.00,1727.19,1900
ste_h76,"5x76, shipped init",330000,1693.96,1727.16,1900
ste_h76,"5x76, shipped init",331000,1694.13,1727.32,1900
ste_h76,"5x76, shipped init",332000,1693.89,1727.08,1900
ste_h76,"5x76, shipped init",333000,1694.09,1727.28,1900
ste_h76,"5x76, shipped init",334000,1694.09,1727.29,1900
ste_h76,"5x76, shipped init",335000,1694.12,1727.31,1900
ste_h76,"5x76, shipped init",336000,1694.16,1727.35,1900
ste_h76,"5x76, shipped init",337000,1694.18,1727.38,1900
ste_h76,"5x76, shipped init",338000,1694.19,1727.39,1900
ste_h76,"5x76, shipped init",339000,1694.12,1727.31,1900
ste_h76,"5x76, shipped init",340000,1694.25,1727.45,1900
ste_h76,"5x76, shipped init",341000,1694.31,1727.50,1900
ste_h76,"5x76, shipped init",342000,1694.26,1727.45,1900
ste_h76,"5x76, shipped init",343000,1694.31,1727.51,1900
ste_h76,"5x76, shipped init",344000,1694.20,1727.39,1900
ste_h76,"5x76, shipped init",345000,1694.39,1727.59,1900
ste_h76,"5x76, shipped init",346000,1694.42,1727.61,1900
ste_h76,"5x76, shipped init",347000,1694.42,1727.61,1900
ste_h76,"5x76, shipped init",348000,1694.40,1727.60,1900
ste_h76,"5x76, shipped init",349000,1694.54,1727.73,1900
ste_h76,"5x76, shipped init",350000,1694.42,1727.62,1900
ste_h76,"5x76, shipped init",351000,1694.46,1727.65,1900
ste_h76,"5x76, shipped init",352000,1694.53,1727.72,1900
ste_h76,"5x76, shipped init",353000,1694.48,1727.68,1900
ste_h76,"5x76, shipped init",354000,1694.49,1727.68,1900
ste_h76,"5x76, shipped init",355000,1694.59,1727.79,1900
ste_h76,"5x76, shipped init",356000,1694.64,1727.83,1900
ste_h76,"5x76, shipped init",357000,1694.59,1727.79,1900
ste_h76,"5x76, shipped init",358000,1694.58,1727.78,1900
ste_h76,"5x76, shipped init",359000,1694.65,1727.84,1900
ste_h76,"5x76, shipped init",360000,1694.58,1727.77,1900
ste_h76,"5x76, shipped init",361000,1694.71,1727.90,1900
ste_h76,"5x76, shipped init",362000,1694.68,1727.87,1900
ste_h76,"5x76, shipped init",363000,1694.80,1727.99,1900
ste_h76,"5x76, shipped init",364000,1694.83,1728.03,1900
ste_h76,"5x76, shipped init",365000,1694.74,1727.93,1900
ste_h76,"5x76, shipped init",366000,1694.82,1728.01,1900
ste_h76,"5x76, shipped init",367000,1694.81,1728.01,1900
ste_h76,"5x76, shipped init",368000,1694.91,1728.10,1900
ste_h76,"5x76, shipped init",369000,1694.87,1728.06,1900
ste_h76,"5x76, shipped init",369500,1694.94,1728.13,1900
ste_h76_init01,5x76,1000,1622.69,1655.89,1900
ste_h76_init01,5x76,2000,1777.82,1811.01,1900
ste_h76_init01,5x76,3000,1829.61,1862.80,1900
ste_h76_init01,5x76,4000,1850.05,1883.24,1900
ste_h76_init01,5x76,5000,1857.96,1891.16,1900
ste_h76_init01,5x76,6000,1860.90,1894.09,1900
ste_h76_init01,5x76,7000,1861.98,1895.18,1900
ste_h76_init01,5x76,8000,1862.40,1895.60,1900
ste_h76_init01,5x76,9000,1862.55,1895.74,1900
ste_h76_init01,5x76,10000,1862.58,1895.77,1900
ste_h76_init01,5x76,11000,1862.59,1895.79,1900
ste_h76_init01,5x76,12000,1862.59,1895.79,1900
ste_h76_init01,5x76,13000,1862.63,1895.83,1900
ste_h76_init01,5x76,14000,1862.61,1895.81,1900
ste_h76_init01,5x76,15000,1862.59,1895.79,1900
ste_h76_init01,5x76,16000,1862.59,1895.78,1900
ste_h76_init01,5x76,17000,1862.63,1895.82,1900
ste_h76_init01,5x76,18000,1862.60,1895.79,1900
ste_h76_init01,5x76,19000,1862.58,1895.77,1900
ste_h76_init01,5x76,20000,1862.59,1895.78,1900
ste_h76_init01,5x76,21000,1862.55,1895.74,1900
ste_h76_init01,5x76,22000,1862.55,1895.74,1900
ste_h76_init01,5x76,23000,1862.57,1895.76,1900
ste_h76_init01,5x76,24000,1862.60,1895.79,1900
ste_h76_init01,5x76,25000,1862.53,1895.73,1900
ste_h76_init01,5x76,26000,1862.52,1895.72,1900
ste_h76_init01,5x76,27000,1862.58,1895.77,1900
ste_h76_init01,5x76,28000,1862.53,1895.72,1900
ste_h76_init01,5x76,29000,1862.56,1895.75,1900
ste_h76_init01,5x76,30000,1862.51,1895.70,1900
ste_h76_init01,5x76,31000,1862.56,1895.76,1900
ste_h76_init01,5x76,32000,1862.54,1895.73,1900
ste_h76_init01,5x76,33000,1862.56,1895.76,1900
ste_h76_init01,5x76,34000,1862.51,1895.70,1900
ste_h76_init01,5x76,35000,1862.52,1895.72,1900
ste_h76_init01,5x76,36000,1862.56,1895.75,1900
ste_h76_init01,5x76,37000,1862.51,1895.70,1900
ste_h76_init01,5x76,38000,1862.50,1895.70,1900
ste_h76_init01,5x76,39000,1862.52,1895.72,1900
ste_h76_init01,5x76,40000,1862.53,1895.72,1900
ste_h76_init01,5x76,41000,1862.54,1895.73,1900
ste_h76_init01,5x76,42000,1862.52,1895.72,1900
ste_h76_init01,5x76,43000,1862.54,1895.74,1900
ste_h76_init01,5x76,44000,1862.50,1895.69,1900
ste_h76_init01,5x76,45000,1862.49,1895.68,1900
ste_h76_init01,5x76,46000,1862.52,1895.71,1900
ste_h76_init01,5x76,47000,1862.51,1895.70,1900
ste_h76_init01,5x76,48000,1862.49,1895.68,1900
ste_h76_init01,5x76,49000,1862.52,1895.72,1900
ste_h76_init01,5x76,50000,1862.49,1895.69,1900
ste_h76_init01,5x76,51000,1862.50,1895.69,1900
ste_h76_init01,5x76,52000,1862.51,1895.70,1900
ste_h76_init01,5x76,53000,1862.46,1895.66,1900
ste_h76_init01,5x76,54000,1862.47,1895.67,1900
ste_h76_init01,5x76,55000,1862.47,1895.67,1900
ste_h76_init01,5x76,56000,1862.47,1895.67,1900
ste_h76_init01,5x76,57000,1862.53,1895.72,1900
ste_h76_init01,5x76,58000,1862.46,1895.65,1900
ste_h76_init01,5x76,59000,1862.50,1895.69,1900
ste_h76_init01,5x76,60000,1862.44,1895.64,1900
ste_h76_init01,5x76,61000,1862.45,1895.64,1900
ste_h76_init01,5x76,62000,1862.48,1895.67,1900
ste_h76_init01,5x76,63000,1862.50,1895.69,1900
ste_h76_init01,5x76,64000,1862.46,1895.66,1900
ste_h76_init01,5x76,65000,1862.51,1895.70,1900
ste_h76_init01,5x76,66000,1862.50,1895.69,1900
ste_h76_init01,5x76,67000,1862.46,1895.65,1900
ste_h76_init01,5x76,68000,1862.48,1895.67,1900
ste_h76_init01,5x76,69000,1862.47,1895.66,1900
ste_h76_init01,5x76,70000,1862.48,1895.67,1900
ste_h76_init01,5x76,71000,1862.48,1895.67,1900
ste_h76_init01,5x76,72000,1862.47,1895.67,1900
ste_h76_init01,5x76,73000,1862.45,1895.65,1900
ste_h76_init01,5x76,74000,1862.43,1895.63,1900
ste_h76_init01,5x76,75000,1862.46,1895.66,1900
ste_h76_init01,5x76,76000,1862.48,1895.67,1900
ste_h76_init01,5x76,77000,1862.45,1895.64,1900
ste_h76_init01,5x76,78000,1862.44,1895.64,1900
ste_h76_init01,5x76,79000,1862.46,1895.65,1900
ste_h76_init01,5x76,80000,1862.45,1895.65,1900
ste_h76_init01,5x76,81000,1862.47,1895.67,1900
ste_h76_init01,5x76,82000,1862.45,1895.65,1900
ste_h76_init01,5x76,83000,1862.47,1895.66,1900
ste_h76_init01,5x76,84000,1862.47,1895.67,1900
ste_h76_init01,5x76,85000,1862.45,1895.64,1900
ste_h76_init01,5x76,86000,1862.41,1895.60,1900
ste_h76_init01,5x76,87000,1862.43,1895.63,1900
ste_h76_init01,5x76,88000,1862.46,1895.66,1900
ste_h76_init01,5x76,89000,1862.42,1895.61,1900
ste_h76_init01,5x76,90000,1862.40,1895.60,1900
ste_h76_init01,5x76,91000,1862.44,1895.64,1900
ste_h76_init01,5x76,92000,1862.41,1895.60,1900
ste_h76_init01,5x76,93000,1862.42,1895.62,1900
ste_h76_init01,5x76,94000,1862.45,1895.65,1900
ste_h76_init01,5x76,95000,1862.42,1895.61,1900
ste_h76_init01,5x76,96000,1862.40,1895.60,1900
ste_h76_init01,5x76,97000,1862.42,1895.62,1900
ste_h76_init01,5x76,98000,1862.46,1895.65,1900
ste_h76_init01,5x76,99000,1862.44,1895.63,1900
ste_h76_init01,5x76,100000,1862.45,1895.65,1900
ste_h76_init01,5x76,101000,1862.44,1895.63,1900
ste_h76_init01,5x76,102000,1862.37,1895.57,1900
ste_h76_init01,5x76,103000,1862.45,1895.64,1900
ste_h76_init01,5x76,104000,1862.39,1895.59,1900
ste_h76_init01,5x76,105000,1862.41,1895.60,1900
ste_h76_init01,5x76,106000,1862.42,1895.61,1900
ste_h76_init01,5x76,107000,1862.43,1895.63,1900
ste_h76_init01,5x76,108000,1862.39,1895.58,1900
ste_h76_init01,5x76,109000,1862.39,1895.58,1900
ste_h76_init01,5x76,110000,1862.40,1895.59,1900
ste_h76_init01,5x76,111000,1862.39,1895.58,1900
ste_h76_init01,5x76,112000,1862.40,1895.60,1900
ste_h76_init01,5x76,113000,1862.40,1895.60,1900
ste_h76_init01,5x76,114000,1862.38,1895.57,1900
ste_h76_init01,5x76,115000,1862.38,1895.57,1900
ste_h76_init01,5x76,116000,1862.40,1895.60,1900
ste_h76_init01,5x76,117000,1862.40,1895.59,1900
ste_h76_init01,5x76,118000,1862.33,1895.52,1900
ste_h76_init01,5x76,119000,1862.39,1895.59,1900
ste_h76_init01,5x76,120000,1862.37,1895.56,1900
ste_h76_init01,5x76,121000,1862.36,1895.55,1900
ste_h76_init01,5x76,122000,1862.40,1895.59,1900
ste_h76_init01,5x76,123000,1862.39,1895.58,1900
ste_h76_init01,5x76,124000,1862.37,1895.56,1900
ste_h76_init01,5x76,125000,1862.40,1895.59,1900
ste_h76_init01,5x76,126000,1862.36,1895.55,1900
ste_h76_init01,5x76,127000,1862.38,1895.57,1900
ste_h76_init01,5x76,128000,1862.35,1895.54,1900
ste_h76_init01,5x76,129000,1862.36,1895.55,1900
ste_h76_init01,5x76,130000,1862.37,1895.56,1900
ste_h76_init01,5x76,131000,1862.36,1895.55,1900
ste_h76_init01,5x76,132000,1862.39,1895.58,1900
ste_h76_init01,5x76,133000,1862.40,1895.60,1900
ste_h76_init01,5x76,134000,1862.35,1895.54,1900
ste_h76_init01,5x76,135000,1862.40,1895.59,1900
ste_h76_init01,5x76,136000,1862.39,1895.58,1900
ste_h76_init01,5x76,137000,1862.36,1895.56,1900
ste_h76_init01,5x76,138000,1862.39,1895.58,1900
ste_h76_init01,5x76,139000,1862.36,1895.55,1900
ste_h76_init01,5x76,140000,1862.38,1895.58,1900
ste_h76_init01,5x76,141000,1862.39,1895.58,1900
ste_h76_init01,5x76,142000,1862.40,1895.59,1900
ste_h76_init01,5x76,143000,1862.36,1895.55,1900
ste_h76_init01,5x76,144000,1862.33,1895.53,1900
ste_h76_init01,5x76,145000,1862.37,1895.56,1900
ste_h76_init01,5x76,146000,1862.38,1895.57,1900
ste_h76_init01,5x76,147000,1862.33,1895.52,1900
ste_h76_init01,5x76,148000,1862.32,1895.52,1900
ste_h76_init01,5x76,149000,1862.38,1895.57,1900
ste_h76_init01,5x76,150000,1862.37,1895.57,1900
ste_h76_init01,5x76,151000,1862.31,1895.51,1900
ste_h76_init01,5x76,152000,1862.35,1895.55,1900
ste_h76_init01,5x76,153000,1862.35,1895.54,1900
ste_h76_init01,5x76,154000,1862.35,1895.55,1900
ste_h76_init01,5x76,155000,1862.39,1895.59,1900
ste_h76_init01,5x76,156000,1862.35,1895.54,1900
ste_h76_init01,5x76,157000,1862.34,1895.54,1900
ste_h76_init01,5x76,158000,1862.34,1895.53,1900
ste_h76_init01,5x76,159000,1862.37,1895.56,1900
ste_h76_init01,5x76,160000,1862.38,1895.57,1900
ste_h76_init01,5x76,161000,1862.32,1895.52,1900
ste_h76_init01,5x76,162000,1862.31,1895.50,1900
ste_h76_init01,5x76,163000,1862.34,1895.53,1900
ste_h76_init01,5x76,164000,1862.37,1895.57,1900
ste_h76_init01,5x76,165000,1862.35,1895.54,1900
ste_h76_init01,5x76,166000,1862.35,1895.54,1900
ste_h76_init01,5x76,167000,1862.34,1895.53,1900
ste_h76_init01,5x76,168000,1862.36,1895.55,1900
ste_h76_init01,5x76,169000,1862.36,1895.55,1900
ste_h76_init01,5x76,170000,1862.32,1895.51,1900
ste_h76_init01,5x76,171000,1862.32,1895.51,1900
ste_h76_init01,5x76,172000,1862.34,1895.54,1900
ste_h76_init01,5x76,173000,1862.31,1895.50,1900
ste_h76_init01,5x76,174000,1862.34,1895.53,1900
ste_h76_init01,5x76,175000,1862.32,1895.51,1900
ste_h76_init01,5x76,176000,1862.32,1895.51,1900
ste_h76_init01,5x76,177000,1862.31,1895.50,1900
ste_h76_init01,5x76,178000,1862.35,1895.55,1900
ste_h76_init01,5x76,179000,1862.30,1895.50,1900
ste_h76_init01,5x76,180000,1862.30,1895.50,1900
ste_h76_init01,5x76,181000,1862.34,1895.53,1900
ste_h76_init01,5x76,182000,1862.31,1895.51,1900
ste_h76_init01,5x76,183000,1862.28,1895.48,1900
ste_h76_init01,5x76,184000,1862.29,1895.48,1900
ste_h76_init01,5x76,185000,1862.34,1895.53,1900
ste_h76_init01,5x76,186000,1862.32,1895.52,1900
ste_h76_init01,5x76,187000,1862.33,1895.52,1900
ste_h76_init01,5x76,188000,1862.33,1895.52,1900
ste_h76_init01,5x76,189000,1862.30,1895.49,1900
ste_h76_init01,5x76,190000,1862.31,1895.50,1900
ste_h76_init01,5x76,191000,1862.36,1895.55,1900
ste_h76_init01,5x76,192000,1862.32,1895.52,1900
ste_h76_init01,5x76,193000,1862.31,1895.50,1900
ste_h76_init01,5x76,194000,1862.33,1895.52,1900
ste_h76_init01,5x76,195000,1862.31,1895.51,1900
ste_h76_init01,5x76,196000,1862.29,1895.48,1900
ste_h76_init01,5x76,197000,1862.31,1895.50,1900
ste_h76_init01,5x76,198000,1862.31,1895.50,1900
ste_h76_init01,5x76,199000,1862.31,1895.50,1900
ste_h76_init01,5x76,200000,1862.32,1895.52,1900
ste_h76_init01,5x76,201000,1862.32,1895.51,1900
ste_h76_init01,5x76,202000,1862.31,1895.50,1900
ste_h76_init01,5x76,203000,1862.31,1895.51,1900
ste_h76_init01,5x76,204000,1862.33,1895.52,1900
ste_h76_init01,5x76,205000,1862.32,1895.52,1900
ste_h76_init01,5x76,206000,1862.30,1895.49,1900
ste_h76_init01,5x76,207000,1862.32,1895.51,1900
ste_h76_init01,5x76,208000,1862.33,1895.52,1900
ste_h76_init01,5x76,209000,1862.31,1895.50,1900
ste_h76_init01,5x76,210000,1862.28,1895.47,1900
ste_h76_init01,5x76,211000,1862.29,1895.48,1900
ste_h76_init01,5x76,212000,1862.31,1895.50,1900
ste_h76_init01,5x76,213000,1862.30,1895.49,1900
ste_h76_init01,5x76,214000,1862.29,1895.49,1900
ste_h76_init01,5x76,215000,1862.27,1895.47,1900
ste_h76_init01,5x76,216000,1862.28,1895.47,1900
ste_h76_init01,5x76,217000,1862.28,1895.47,1900
ste_h76_init01,5x76,218000,1862.31,1895.50,1900
ste_h76_init01,5x76,219000,1862.27,1895.46,1900
ste_h76_init01,5x76,220000,1862.29,1895.49,1900
ste_h76_init01,5x76,221000,1862.25,1895.45,1900
ste_h76_init01,5x76,222000,1862.28,1895.47,1900
ste_h76_init01,5x76,223000,1862.30,1895.50,1900
ste_h76_init01,5x76,224000,1862.33,1895.52,1900
ste_h76_init01,5x76,225000,1862.30,1895.50,1900
ste_h76_init01,5x76,226000,1862.30,1895.50,1900
ste_h76_init01,5x76,227000,1862.33,1895.52,1900
ste_h76_init01,5x76,228000,1862.32,1895.51,1900
ste_h76_init01,5x76,229000,1862.32,1895.51,1900
ste_h76_init01,5x76,230000,1862.30,1895.50,1900
ste_h76_init01,5x76,231000,1862.30,1895.49,1900
ste_h76_init01,5x76,232000,1862.29,1895.48,1900
ste_h76_init01,5x76,233000,1862.27,1895.47,1900
ste_h76_init01,5x76,234000,1862.30,1895.50,1900
ste_h76_init01,5x76,235000,1862.26,1895.46,1900
ste_h76_init01,5x76,236000,1862.29,1895.48,1900
ste_h76_init01,5x76,237000,1862.30,1895.49,1900
ste_h76_init01,5x76,238000,1862.34,1895.53,1900
ste_h76_init01,5x76,239000,1862.29,1895.49,1900
ste_h76_init01,5x76,240000,1862.27,1895.46,1900
ste_h76_init01,5x76,241000,1862.30,1895.50,1900
ste_h76_init01,5x76,242000,1862.29,1895.48,1900
ste_h76_init01,5x76,243000,1862.31,1895.50,1900
ste_h76_init01,5x76,244000,1862.25,1895.44,1900
ste_h76_init01,5x76,245000,1862.32,1895.51,1900
ste_h76_init01,5x76,246000,1862.26,1895.45,1900
ste_h76_init01,5x76,247000,1862.32,1895.51,1900
ste_h76_init01,5x76,248000,1862.24,1895.44,1900
ste_h76_init01,5x76,249000,1862.29,1895.48,1900
ste_h76_init01,5x76,250000,1862.26,1895.45,1900
ste_h76_init01,5x76,251000,1862.31,1895.50,1900
ste_h76_init01,5x76,252000,1862.27,1895.47,1900
ste_h76_init01,5x76,253000,1862.28,1895.47,1900
ste_h76_init01,5x76,254000,1862.30,1895.49,1900
ste_h76_init01,5x76,255000,1862.29,1895.48,1900
ste_h76_init01,5x76,256000,1862.28,1895.47,1900
ste_h76_init01,5x76,257000,1862.27,1895.46,1900
ste_h76_init01,5x76,258000,1862.25,1895.45,1900
ste_h76_init01,5x76,259000,1862.30,1895.49,1900
ste_h76_init01,5x76,260000,1862.30,1895.49,1900
ste_h76_init01,5x76,261000,1862.29,1895.48,1900
ste_h76_init01,5x76,262000,1862.29,1895.49,1900
ste_h76_init01,5x76,263000,1862.31,1895.51,1900
ste_h76_init01,5x76,264000,1862.30,1895.49,1900
ste_h76_init01,5x76,265000,1862.29,1895.48,1900
ste_h76_init01,5x76,266000,1862.28,1895.48,1900
ste_h76_init01,5x76,267000,1862.30,1895.49,1900
ste_h76_init01,5x76,268000,1862.29,1895.48,1900
ste_h76_init01,5x76,269000,1862.31,1895.50,1900
ste_h76_init01,5x76,270000,1862.25,1895.45,1900
ste_h76_init01,5x76,271000,1862.29,1895.49,1900
ste_h76_init01,5x76,272000,1862.27,1895.47,1900
ste_h76_init01,5x76,273000,1862.30,1895.50,1900
ste_h76_init01,5x76,274000,1862.27,1895.46,1900
ste_h76_init01,5x76,275000,1862.29,1895.48,1900
ste_h76_init01,5x76,276000,1862.32,1895.51,1900
ste_h76_init01,5x76,277000,1862.28,1895.47,1900
ste_h76_init01,5x76,278000,1862.28,1895.48,1900
ste_h76_init01,5x76,279000,1862.29,1895.49,1900
ste_h76_init01,5x76,280000,1862.31,1895.51,1900
ste_h76_init01,5x76,281000,1862.32,1895.52,1900
ste_h76_init01,5x76,282000,1862.31,1895.50,1900
ste_h76_init01,5x76,283000,1862.30,1895.50,1900
ste_h76_init01,5x76,284000,1862.30,1895.49,1900
ste_h76_init01,5x76,285000,1862.28,1895.47,1900
ste_h76_init01,5x76,286000,1862.31,1895.50,1900
ste_h76_init01,5x76,287000,1862.30,1895.49,1900
ste_h76_init01,5x76,288000,1862.29,1895.49,1900
ste_h76_init01,5x76,289000,1862.28,1895.47,1900
ste_h76_init01,5x76,290000,1862.29,1895.48,1900
ste_h76_init01,5x76,291000,1862.31,1895.50,1900
ste_h76_init01,5x76,292000,1862.29,1895.48,1900
ste_h76_init01,5x76,293000,1862.28,1895.48,1900
ste_h76_init01,5x76,294000,1862.31,1895.50,1900
ste_h76_init01,5x76,295000,1862.29,1895.48,1900
ste_h76_init01,5x76,296000,1862.30,1895.49,1900
ste_h76_init01,5x76,297000,1862.29,1895.48,1900
ste_h76_init01,5x76,298000,1862.29,1895.49,1900
ste_h76_init01,5x76,299000,1862.32,1895.51,1900
ste_h76_init01,5x76,300000,1862.30,1895.50,1900
ste_h76_init01,5x76,301000,1862.32,1895.51,1900
ste_h76_init01,5x76,302000,1862.30,1895.49,1900
ste_h76_init01,5x76,303000,1862.29,1895.49,1900
ste_h76_init01,5x76,304000,1862.30,1895.49,1900
ste_h76_init01,5x76,305000,1862.29,1895.49,1900
ste_h76_init01,5x76,306000,1862.24,1895.44,1900
ste_h76_init01,5x76,307000,1862.28,1895.47,1900
ste_h76_init01,5x76,308000,1862.29,1895.48,1900
ste_h76_init01,5x76,309000,1862.31,1895.50,1900
ste_h76_init01,5x76,310000,1862.31,1895.50,1900
ste_h76_init01,5x76,311000,1862.29,1895.48,1900
ste_h76_init01,5x76,312000,1862.32,1895.51,1900
ste_h76_init01,5x76,313000,1862.32,1895.51,1900
ste_h76_init01,5x76,314000,1862.31,1895.51,1900
ste_h76_init01,5x76,315000,1862.30,1895.49,1900
ste_h76_init01,5x76,316000,1862.31,1895.50,1900
ste_h76_init01,5x76,317000,1862.30,1895.49,1900
ste_h76_init01,5x76,318000,1862.29,1895.48,1900
ste_h76_init01,5x76,319000,1862.33,1895.52,1900
ste_h76_init01,5x76,320000,1862.31,1895.50,1900
ste_h76_init01,5x76,321000,1862.32,1895.51,1900
ste_h76_init01,5x76,322000,1862.32,1895.52,1900
ste_h76_init01,5x76,323000,1862.33,1895.52,1900
ste_h76_init01,5x76,324000,1862.32,1895.51,1900
ste_h76_init01,5x76,325000,1862.30,1895.49,1900
ste_h76_init01,5x76,326000,1862.34,1895.53,1900
ste_h76_init01,5x76,327000,1862.36,1895.56,1900
ste_h76_init01,5x76,328000,1862.34,1895.54,1900
ste_h76_init01,5x76,329000,1862.30,1895.50,1900
ste_h76_init01,5x76,330000,1862.33,1895.52,1900
ste_h76_init01,5x76,331000,1862.35,1895.54,1900
ste_h76_init01,5x76,332000,1862.37,1895.56,1900
ste_h76_init01,5x76,333000,1862.33,1895.52,1900
ste_h76_init01,5x76,334000,1862.31,1895.51,1900
ste_h76_init01,5x76,335000,1862.33,1895.52,1900
ste_h76_init01,5x76,336000,1862.31,1895.51,1900
ste_h76_init01,5x76,337000,1862.34,1895.53,1900
ste_h76_init01,5x76,338000,1862.34,1895.53,1900
ste_h76_init01,5x76,339000,1862.32,1895.51,1900
ste_h76_init01,5x76,340000,1862.33,1895.53,1900
ste_h76_init01,5x76,341000,1862.37,1895.57,1900
ste_h76_init01,5x76,342000,1862.34,1895.53,1900
ste_h76_init01,5x76,343000,1862.36,1895.55,1900
ste_h76_init01,5x76,344000,1862.36,1895.55,1900
ste_h76_init01,5x76,345000,1862.33,1895.52,1900
ste_h76_init01,5x76,346000,1862.33,1895.53,1900
ste_h76_init01,5x76,347000,1862.33,1895.52,1900
ste_h76_init01,5x76,348000,1862.34,1895.53,1900
ste_h76_init01,5x76,349000,1862.37,1895.57,1900
ste_h76_init01,5x76,350000,1862.35,1895.54,1900
ste_h76_init01,5x76,351000,1862.35,1895.54,1900
ste_h76_init01,5x76,352000,1862.35,1895.54,1900
ste_h76_init01,5x76,353000,1862.38,1895.57,1900
ste_h76_init01,5x76,354000,1862.34,1895.53,1900
ste_h76_init01,5x76,355000,1862.35,1895.54,1900
ste_h76_init01,5x76,356000,1862.38,1895.58,1900
ste_h76_init01,5x76,357000,1862.34,1895.53,1900
ste_h76_init01,5x76,358000,1862.40,1895.59,1900
ste_h76_init01,5x76,359000,1862.40,1895.59,1900
ste_h76_init01,5x76,360000,1862.35,1895.54,1900
ste_h76_init01,5x76,361000,1862.36,1895.55,1900
ste_h76_init01,5x76,362000,1862.38,1895.57,1900
ste_h76_init01,5x76,363000,1862.41,1895.60,1900
ste_h76_init01,5x76,364000,1862.40,1895.59,1900
ste_h76_init01,5x76,365000,1862.39,1895.58,1900
ste_h76_init01,5x76,366000,1862.37,1895.56,1900
ste_h76_init01,5x76,367000,1862.35,1895.55,1900
ste_h76_init01,5x76,368000,1862.40,1895.60,1900
ste_h76_init01,5x76,369000,1862.40,1895.60,1900
ste_h76_init01,5x76,369500,1862.40,1895.59,1900
ste_h76_i01_s43,"5x76, seed 43",1000,1620.37,1653.56,1900
ste_h76_i01_s43,"5x76, seed 43",2000,1779.63,1812.82,1900
ste_h76_i01_s43,"5x76, seed 43",3000,1831.05,1864.24,1900
ste_h76_i01_s43,"5x76, seed 43",4000,1850.90,1884.10,1900
ste_h76_i01_s43,"5x76, seed 43",5000,1858.34,1891.53,1900
ste_h76_i01_s43,"5x76, seed 43",6000,1861.07,1894.27,1900
ste_h76_i01_s43,"5x76, seed 43",7000,1862.11,1895.31,1900
ste_h76_i01_s43,"5x76, seed 43",8000,1862.49,1895.69,1900
ste_h76_i01_s43,"5x76, seed 43",9000,1862.62,1895.81,1900
ste_h76_i01_s43,"5x76, seed 43",10000,1862.63,1895.82,1900
ste_h76_i01_s43,"5x76, seed 43",11000,1862.68,1895.87,1900
ste_h76_i01_s43,"5x76, seed 43",12000,1862.69,1895.88,1900
ste_h76_i01_s43,"5x76, seed 43",13000,1862.66,1895.86,1900
ste_h76_i01_s43,"5x76, seed 43",14000,1862.69,1895.88,1900
ste_h76_i01_s43,"5x76, seed 43",15000,1862.65,1895.85,1900
ste_h76_i01_s43,"5x76, seed 43",16000,1862.63,1895.82,1900
ste_h76_i01_s43,"5x76, seed 43",17000,1862.63,1895.82,1900
ste_h76_i01_s43,"5x76, seed 43",18000,1862.59,1895.78,1900
ste_h76_i01_s43,"5x76, seed 43",19000,1862.61,1895.80,1900
ste_h76_i01_s43,"5x76, seed 43",20000,1862.53,1895.73,1900
ste_h76_i01_s43,"5x76, seed 43",21000,1862.58,1895.77,1900
ste_h76_i01_s43,"5x76, seed 43",22000,1862.59,1895.78,1900
ste_h76_i01_s43,"5x76, seed 43",23000,1862.55,1895.75,1900
ste_h76_i01_s43,"5x76, seed 43",24000,1862.59,1895.79,1900
ste_h76_i01_s43,"5x76, seed 43",25000,1862.58,1895.77,1900
ste_h76_i01_s43,"5x76, seed 43",26000,1862.52,1895.71,1900
ste_h76_i01_s43,"5x76, seed 43",27000,1862.54,1895.73,1900
ste_h76_i01_s43,"5x76, seed 43",28000,1862.55,1895.74,1900
ste_h76_i01_s43,"5x76, seed 43",29000,1862.55,1895.74,1900
ste_h76_i01_s43,"5x76, seed 43",30000,1862.54,1895.73,1900
ste_h76_i01_s43,"5x76, seed 43",31000,1862.54,1895.73,1900
ste_h76_i01_s43,"5x76, seed 43",32000,1862.53,1895.73,1900
ste_h76_i01_s43,"5x76, seed 43",33000,1862.57,1895.77,1900
ste_h76_i01_s43,"5x76, seed 43",34000,1862.52,1895.72,1900
ste_h76_i01_s43,"5x76, seed 43",35000,1862.54,1895.74,1900
ste_h76_i01_s43,"5x76, seed 43",36000,1862.55,1895.74,1900
ste_h76_i01_s43,"5x76, seed 43",37000,1862.53,1895.72,1900
ste_h76_i01_s43,"5x76, seed 43",38000,1862.54,1895.73,1900
ste_h76_i01_s43,"5x76, seed 43",39000,1862.53,1895.72,1900
ste_h76_i01_s43,"5x76, seed 43",40000,1862.57,1895.76,1900
ste_h76_i01_s43,"5x76, seed 43",41000,1862.54,1895.74,1900
ste_h76_i01_s43,"5x76, seed 43",42000,1862.55,1895.74,1900
ste_h76_i01_s43,"5x76, seed 43",43000,1862.55,1895.75,1900
ste_h76_i01_s43,"5x76, seed 43",44000,1862.50,1895.70,1900
ste_h76_i01_s43,"5x76, seed 43",45000,1862.53,1895.72,1900
ste_h76_i01_s43,"5x76, seed 43",46000,1862.51,1895.71,1900
ste_h76_i01_s43,"5x76, seed 43",47000,1862.51,1895.71,1900
ste_h76_i01_s43,"5x76, seed 43",48000,1862.50,1895.70,1900
ste_h76_i01_s43,"5x76, seed 43",49000,1862.52,1895.71,1900
ste_h76_i01_s43,"5x76, seed 43",50000,1862.50,1895.69,1900
ste_h76_i01_s43,"5x76, seed 43",51000,1862.48,1895.67,1900
ste_h76_i01_s43,"5x76, seed 43",52000,1862.49,1895.68,1900
ste_h76_i01_s43,"5x76, seed 43",53000,1862.52,1895.71,1900
ste_h76_i01_s43,"5x76, seed 43",54000,1862.48,1895.68,1900
ste_h76_i01_s43,"5x76, seed 43",55000,1862.50,1895.70,1900
ste_h76_i01_s43,"5x76, seed 43",56000,1862.52,1895.72,1900
ste_h76_i01_s43,"5x76, seed 43",57000,1862.50,1895.69,1900
ste_h76_i01_s43,"5x76, seed 43",58000,1862.50,1895.70,1900
ste_h76_i01_s43,"5x76, seed 43",59000,1862.48,1895.68,1900
ste_h76_i01_s43,"5x76, seed 43",60000,1862.48,1895.68,1900
ste_h76_i01_s43,"5x76, seed 43",61000,1862.49,1895.69,1900
ste_h76_i01_s43,"5x76, seed 43",62000,1862.48,1895.67,1900
ste_h76_i01_s43,"5x76, seed 43",63000,1862.47,1895.67,1900
ste_h76_i01_s43,"5x76, seed 43",64000,1862.50,1895.69,1900
ste_h76_i01_s43,"5x76, seed 43",65000,1862.48,1895.67,1900
ste_h76_i01_s43,"5x76, seed 43",66000,1862.50,1895.69,1900
ste_h76_i01_s43,"5x76, seed 43",67000,1862.49,1895.68,1900
ste_h76_i01_s43,"5x76, seed 43",68000,1862.48,1895.68,1900
ste_h76_i01_s43,"5x76, seed 43",69000,1862.49,1895.68,1900
ste_h76_i01_s43,"5x76, seed 43",70000,1862.44,1895.63,1900
ste_h76_i01_s43,"5x76, seed 43",71000,1862.51,1895.71,1900
ste_h76_i01_s43,"5x76, seed 43",72000,1862.51,1895.70,1900
ste_h76_i01_s43,"5x76, seed 43",73000,1862.46,1895.66,1900
ste_h76_i01_s43,"5x76, seed 43",74000,1862.48,1895.67,1900
ste_h76_i01_s43,"5x76, seed 43",75000,1862.49,1895.69,1900
ste_h76_i01_s43,"5x76, seed 43",76000,1862.48,1895.68,1900
ste_h76_i01_s43,"5x76, seed 43",77000,1862.44,1895.64,1900
ste_h76_i01_s43,"5x76, seed 43",78000,1862.42,1895.61,1900
ste_h76_i01_s43,"5x76, seed 43",79000,1862.47,1895.67,1900
ste_h76_i01_s43,"5x76, seed 43",80000,1862.47,1895.67,1900
ste_h76_i01_s43,"5x76, seed 43",81000,1862.48,1895.68,1900
ste_h76_i01_s43,"5x76, seed 43",82000,1862.44,1895.63,1900
ste_h76_i01_s43,"5x76, seed 43",83000,1862.46,1895.65,1900
ste_h76_i01_s43,"5x76, seed 43",84000,1862.49,1895.68,1900
ste_h76_i01_s43,"5x76, seed 43",85000,1862.46,1895.65,1900
ste_h76_i01_s43,"5x76, seed 43",86000,1862.44,1895.64,1900
ste_h76_i01_s43,"5x76, seed 43",87000,1862.42,1895.62,1900
ste_h76_i01_s43,"5x76, seed 43",88000,1862.48,1895.67,1900
ste_h76_i01_s43,"5x76, seed 43",89000,1862.42,1895.61,1900
ste_h76_i01_s43,"5x76, seed 43",90000,1862.39,1895.58,1900
ste_h76_i01_s43,"5x76, seed 43",91000,1862.43,1895.62,1900
ste_h76_i01_s43,"5x76, seed 43",92000,1862.41,1895.60,1900
ste_h76_i01_s43,"5x76, seed 43",93000,1862.47,1895.67,1900
ste_h76_i01_s43,"5x76, seed 43",94000,1862.40,1895.59,1900
ste_h76_i01_s43,"5x76, seed 43",95000,1862.44,1895.63,1900
ste_h76_i01_s43,"5x76, seed 43",96000,1862.43,1895.62,1900
ste_h76_i01_s43,"5x76, seed 43",97000,1862.44,1895.64,1900
ste_h76_i01_s43,"5x76, seed 43",98000,1862.45,1895.64,1900
ste_h76_i01_s43,"5x76, seed 43",99000,1862.44,1895.64,1900
ste_h76_i01_s43,"5x76, seed 43",100000,1862.43,1895.62,1900
ste_h76_i01_s43,"5x76, seed 43",101000,1862.44,1895.63,1900
ste_h76_i01_s43,"5x76, seed 43",102000,1862.39,1895.59,1900
ste_h76_i01_s43,"5x76, seed 43",103000,1862.42,1895.62,1900
ste_h76_i01_s43,"5x76, seed 43",104000,1862.40,1895.60,1900
ste_h76_i01_s43,"5x76, seed 43",105000,1862.45,1895.64,1900
ste_h76_i01_s43,"5x76, seed 43",106000,1862.41,1895.60,1900
ste_h76_i01_s43,"5x76, seed 43",107000,1862.42,1895.61,1900
ste_h76_i01_s43,"5x76, seed 43",108000,1862.40,1895.60,1900
ste_h76_i01_s43,"5x76, seed 43",109000,1862.46,1895.65,1900
ste_h76_i01_s43,"5x76, seed 43",110000,1862.42,1895.62,1900
ste_h76_i01_s43,"5x76, seed 43",111000,1862.40,1895.60,1900
ste_h76_i01_s43,"5x76, seed 43",112000,1862.41,1895.61,1900
ste_h76_i01_s43,"5x76, seed 43",113000,1862.40,1895.59,1900
ste_h76_i01_s43,"5x76, seed 43",114000,1862.42,1895.61,1900
ste_h76_i01_s43,"5x76, seed 43",115000,1862.40,1895.60,1900
ste_h76_i01_s43,"5x76, seed 43",116000,1862.42,1895.62,1900
ste_h76_i01_s43,"5x76, seed 43",117000,1862.41,1895.61,1900
ste_h76_i01_s43,"5x76, seed 43",118000,1862.39,1895.58,1900
ste_h76_i01_s43,"5x76, seed 43",119000,1862.44,1895.63,1900
ste_h76_i01_s43,"5x76, seed 43",120000,1862.42,1895.61,1900
ste_h76_i01_s43,"5x76, seed 43",121000,1862.38,1895.58,1900
ste_h76_i01_s43,"5x76, seed 43",122000,1862.41,1895.60,1900
ste_h76_i01_s43,"5x76, seed 43",123000,1862.37,1895.56,1900
ste_h76_i01_s43,"5x76, seed 43",124000,1862.35,1895.55,1900
ste_h76_i01_s43,"5x76, seed 43",125000,1862.42,1895.61,1900
ste_h76_i01_s43,"5x76, seed 43",126000,1862.36,1895.56,1900
ste_h76_i01_s43,"5x76, seed 43",127000,1862.39,1895.58,1900
ste_h76_i01_s43,"5x76, seed 43",128000,1862.39,1895.59,1900
ste_h76_i01_s43,"5x76, seed 43",129000,1862.39,1895.58,1900
ste_h76_i01_s43,"5x76, seed 43",130000,1862.37,1895.56,1900
ste_h76_i01_s43,"5x76, seed 43",131000,1862.41,1895.61,1900
ste_h76_i01_s43,"5x76, seed 43",132000,1862.42,1895.61,1900
ste_h76_i01_s43,"5x76, seed 43",133000,1862.37,1895.56,1900
ste_h76_i01_s43,"5x76, seed 43",134000,1862.36,1895.56,1900
ste_h76_i01_s43,"5x76, seed 43",135000,1862.37,1895.56,1900
ste_h76_i01_s43,"5x76, seed 43",136000,1862.38,1895.58,1900
ste_h76_i01_s43,"5x76, seed 43",137000,1862.38,1895.57,1900
ste_h76_i01_s43,"5x76, seed 43",138000,1862.37,1895.56,1900
ste_h76_i01_s43,"5x76, seed 43",139000,1862.38,1895.57,1900
ste_h76_i01_s43,"5x76, seed 43",140000,1862.42,1895.61,1900
ste_h76_i01_s43,"5x76, seed 43",141000,1862.38,1895.57,1900
ste_h76_i01_s43,"5x76, seed 43",142000,1862.38,1895.57,1900
ste_h76_i01_s43,"5x76, seed 43",143000,1862.34,1895.54,1900
ste_h76_i01_s43,"5x76, seed 43",144000,1862.37,1895.56,1900
ste_h76_i01_s43,"5x76, seed 43",145000,1862.37,1895.56,1900
ste_h76_i01_s43,"5x76, seed 43",146000,1862.38,1895.57,1900
ste_h76_i01_s43,"5x76, seed 43",147000,1862.37,1895.57,1900
ste_h76_i01_s43,"5x76, seed 43",148000,1862.36,1895.56,1900
ste_h76_i01_s43,"5x76, seed 43",149000,1862.35,1895.54,1900
ste_h76_i01_s43,"5x76, seed 43",150000,1862.34,1895.54,1900
ste_h76_i01_s43,"5x76, seed 43",151000,1862.37,1895.56,1900
ste_h76_i01_s43,"5x76, seed 43",152000,1862.38,1895.57,1900
ste_h76_i01_s43,"5x76, seed 43",153000,1862.37,1895.56,1900
ste_h76_i01_s43,"5x76, seed 43",154000,1862.35,1895.54,1900
ste_h76_i01_s43,"5x76, seed 43",155000,1862.32,1895.51,1900
ste_h76_i01_s43,"5x76, seed 43",156000,1862.37,1895.56,1900
ste_h76_i01_s43,"5x76, seed 43",157000,1862.32,1895.51,1900
ste_h76_i01_s43,"5x76, seed 43",158000,1862.36,1895.55,1900
ste_h76_i01_s43,"5x76, seed 43",159000,1862.32,1895.51,1900
ste_h76_i01_s43,"5x76, seed 43",160000,1862.34,1895.53,1900
ste_h76_i01_s43,"5x76, seed 43",161000,1862.34,1895.53,1900
ste_h76_i01_s43,"5x76, seed 43",162000,1862.38,1895.57,1900
ste_h76_i01_s43,"5x76, seed 43",163000,1862.34,1895.53,1900
ste_h76_i01_s43,"5x76, seed 43",164000,1862.34,1895.54,1900
ste_h76_i01_s43,"5x76, seed 43",165000,1862.35,1895.55,1900
ste_h76_i01_s43,"5x76, seed 43",166000,1862.35,1895.55,1900
ste_h76_i01_s43,"5x76, seed 43",167000,1862.32,1895.51,1900
ste_h76_i01_s43,"5x76, seed 43",168000,1862.35,1895.54,1900
ste_h76_i01_s43,"5x76, seed 43",169000,1862.34,1895.53,1900
ste_h76_i01_s43,"5x76, seed 43",170000,1862.35,1895.55,1900
ste_h76_i01_s43,"5x76, seed 43",171000,1862.35,1895.54,1900
ste_h76_i01_s43,"5x76, seed 43",172000,1862.32,1895.51,1900
ste_h76_i01_s43,"5x76, seed 43",173000,1862.33,1895.52,1900
ste_h76_i01_s43,"5x76, seed 43",174000,1862.35,1895.54,1900
ste_h76_i01_s43,"5x76, seed 43",175000,1862.33,1895.52,1900
ste_h76_i01_s43,"5x76, seed 43",176000,1862.32,1895.52,1900
ste_h76_i01_s43,"5x76, seed 43",177000,1862.32,1895.51,1900
ste_h76_i01_s43,"5x76, seed 43",178000,1862.37,1895.56,1900
ste_h76_i01_s43,"5x76, seed 43",179000,1862.29,1895.49,1900
ste_h76_i01_s43,"5x76, seed 43",180000,1862.30,1895.50,1900
ste_h76_i01_s43,"5x76, seed 43",181000,1862.31,1895.51,1900
ste_h76_i01_s43,"5x76, seed 43",182000,1862.32,1895.52,1900
ste_h76_i01_s43,"5x76, seed 43",183000,1862.32,1895.51,1900
ste_h76_i01_s43,"5x76, seed 43",184000,1862.37,1895.56,1900
ste_h76_i01_s43,"5x76, seed 43",185000,1862.31,1895.51,1900
ste_h76_i01_s43,"5x76, seed 43",186000,1862.33,1895.53,1900
ste_h76_i01_s43,"5x76, seed 43",187000,1862.36,1895.56,1900
ste_h76_i01_s43,"5x76, seed 43",188000,1862.31,1895.50,1900
ste_h76_i01_s43,"5x76, seed 43",189000,1862.32,1895.51,1900
ste_h76_i01_s43,"5x76, seed 43",190000,1862.32,1895.52,1900
ste_h76_i01_s43,"5x76, seed 43",191000,1862.34,1895.54,1900
ste_h76_i01_s43,"5x76, seed 43",192000,1862.31,1895.50,1900
ste_h76_i01_s43,"5x76, seed 43",193000,1862.35,1895.54,1900
ste_h76_i01_s43,"5x76, seed 43",194000,1862.32,1895.51,1900
ste_h76_i01_s43,"5x76, seed 43",195000,1862.32,1895.51,1900
ste_h76_i01_s43,"5x76, seed 43",196000,1862.30,1895.49,1900
ste_h76_i01_s43,"5x76, seed 43",197000,1862.34,1895.53,1900
ste_h76_i01_s43,"5x76, seed 43",198000,1862.34,1895.53,1900
ste_h76_i01_s43,"5x76, seed 43",199000,1862.32,1895.51,1900
ste_h76_i01_s43,"5x76, seed 43",200000,1862.31,1895.50,1900
ste_h76_i01_s43,"5x76, seed 43",201000,1862.31,1895.51,1900
ste_h76_i01_s43,"5x76, seed 43",202000,1862.29,1895.48,1900
ste_h76_i01_s43,"5x76, seed 43",203000,1862.32,1895.51,1900
ste_h76_i01_s43,"5x76, seed 43",204000,1862.30,1895.49,1900
ste_h76_i01_s43,"5x76, seed 43",205000,1862.29,1895.48,1900
ste_h76_i01_s43,"5x76, seed 43",206000,1862.31,1895.50,1900
ste_h76_i01_s43,"5x76, seed 43",207000,1862.31,1895.51,1900
ste_h76_i01_s43,"5x76, seed 43",208000,1862.31,1895.51,1900
ste_h76_i01_s43,"5x76, seed 43",209000,1862.29,1895.49,1900
ste_h76_i01_s43,"5x76, seed 43",210000,1862.28,1895.48,1900
ste_h76_i01_s43,"5x76, seed 43",211000,1862.34,1895.53,1900
ste_h76_i01_s43,"5x76, seed 43",212000,1862.31,1895.50,1900
ste_h76_i01_s43,"5x76, seed 43",213000,1862.30,1895.49,1900
ste_h76_i01_s43,"5x76, seed 43",214000,1862.31,1895.50,1900
ste_h76_i01_s43,"5x76, seed 43",215000,1862.33,1895.52,1900
ste_h76_i01_s43,"5x76, seed 43",216000,1862.27,1895.47,1900
ste_h76_i01_s43,"5x76, seed 43",217000,1862.31,1895.50,1900
ste_h76_i01_s43,"5x76, seed 43",218000,1862.29,1895.49,1900
ste_h76_i01_s43,"5x76, seed 43",219000,1862.28,1895.47,1900
ste_h76_i01_s43,"5x76, seed 43",220000,1862.31,1895.51,1900
ste_h76_i01_s43,"5x76, seed 43",221000,1862.34,1895.53,1900
ste_h76_i01_s43,"5x76, seed 43",222000,1862.32,1895.51,1900
ste_h76_i01_s43,"5x76, seed 43",223000,1862.27,1895.46,1900
ste_h76_i01_s43,"5x76, seed 43",224000,1862.31,1895.51,1900
ste_h76_i01_s43,"5x76, seed 43",225000,1862.33,1895.52,1900
ste_h76_i01_s43,"5x76, seed 43",226000,1862.26,1895.45,1900
ste_h76_i01_s43,"5x76, seed 43",227000,1862.31,1895.50,1900
ste_h76_i01_s43,"5x76, seed 43",228000,1862.25,1895.44,1900
ste_h76_i01_s43,"5x76, seed 43",229000,1862.28,1895.48,1900
ste_h76_i01_s43,"5x76, seed 43",230000,1862.36,1895.55,1900
ste_h76_i01_s43,"5x76, seed 43",231000,1862.28,1895.47,1900
ste_h76_i01_s43,"5x76, seed 43",232000,1862.32,1895.51,1900
ste_h76_i01_s43,"5x76, seed 43",233000,1862.32,1895.51,1900
ste_h76_i01_s43,"5x76, seed 43",234000,1862.29,1895.48,1900
ste_h76_i01_s43,"5x76, seed 43",235000,1862.31,1895.50,1900
ste_h76_i01_s43,"5x76, seed 43",236000,1862.30,1895.49,1900
ste_h76_i01_s43,"5x76, seed 43",237000,1862.34,1895.54,1900
ste_h76_i01_s43,"5x76, seed 43",238000,1862.29,1895.48,1900
ste_h76_i01_s43,"5x76, seed 43",239000,1862.28,1895.48,1900
ste_h76_i01_s43,"5x76, seed 43",240000,1862.29,1895.49,1900
ste_h76_i01_s43,"5x76, seed 43",241000,1862.30,1895.50,1900
ste_h76_i01_s43,"5x76, seed 43",242000,1862.30,1895.49,1900
ste_h76_i01_s43,"5x76, seed 43",243000,1862.32,1895.51,1900
ste_h76_i01_s43,"5x76, seed 43",244000,1862.28,1895.47,1900
ste_h76_i01_s43,"5x76, seed 43",245000,1862.30,1895.50,1900
ste_h76_i01_s43,"5x76, seed 43",246000,1862.29,1895.48,1900
ste_h76_i01_s43,"5x76, seed 43",247000,1862.32,1895.51,1900
ste_h76_i01_s43,"5x76, seed 43",248000,1862.27,1895.46,1900
ste_h76_i01_s43,"5x76, seed 43",249000,1862.29,1895.49,1900
ste_h76_i01_s43,"5x76, seed 43",250000,1862.28,1895.47,1900
ste_h76_i01_s43,"5x76, seed 43",251000,1862.29,1895.48,1900
ste_h76_i01_s43,"5x76, seed 43",252000,1862.31,1895.51,1900
ste_h76_i01_s43,"5x76, seed 43",253000,1862.29,1895.48,1900
ste_h76_i01_s43,"5x76, seed 43",254000,1862.31,1895.50,1900
ste_h76_i01_s43,"5x76, seed 43",255000,1862.31,1895.50,1900
ste_h76_i01_s43,"5x76, seed 43",256000,1862.31,1895.51,1900
ste_h76_i01_s43,"5x76, seed 43",257000,1862.27,1895.47,1900
ste_h76_i01_s43,"5x76, seed 43",258000,1862.23,1895.42,1900
ste_h76_i01_s43,"5x76, seed 43",259000,1862.29,1895.48,1900
ste_h76_i01_s43,"5x76, seed 43",260000,1862.30,1895.49,1900
ste_h76_i01_s43,"5x76, seed 43",261000,1862.30,1895.50,1900
ste_h76_i01_s43,"5x76, seed 43",262000,1862.27,1895.46,1900
ste_h76_i01_s43,"5x76, seed 43",263000,1862.28,1895.47,1900
ste_h76_i01_s43,"5x76, seed 43",264000,1862.30,1895.49,1900
ste_h76_i01_s43,"5x76, seed 43",265000,1862.33,1895.52,1900
ste_h76_i01_s43,"5x76, seed 43",266000,1862.29,1895.49,1900
ste_h76_i01_s43,"5x76, seed 43",267000,1862.29,1895.49,1900
ste_h76_i01_s43,"5x76, seed 43",268000,1862.32,1895.52,1900
ste_h76_i01_s43,"5x76, seed 43",269000,1862.28,1895.48,1900
ste_h76_i01_s43,"5x76, seed 43",270000,1862.29,1895.49,1900
ste_h76_i01_s43,"5x76, seed 43",271000,1862.29,1895.49,1900
ste_h76_i01_s43,"5x76, seed 43",272000,1862.27,1895.46,1900
ste_h76_i01_s43,"5x76, seed 43",273000,1862.30,1895.49,1900
ste_h76_i01_s43,"5x76, seed 43",274000,1862.31,1895.50,1900
ste_h76_i01_s43,"5x76, seed 43",275000,1862.31,1895.50,1900
ste_h76_i01_s43,"5x76, seed 43",276000,1862.31,1895.50,1900
ste_h76_i01_s43,"5x76, seed 43",277000,1862.29,1895.48,1900
ste_h76_i01_s43,"5x76, seed 43",278000,1862.28,1895.48,1900
ste_h76_i01_s43,"5x76, seed 43",279000,1862.31,1895.50,1900
ste_h76_i01_s43,"5x76, seed 43",280000,1862.30,1895.49,1900
ste_h76_i01_s43,"5x76, seed 43",281000,1862.27,1895.47,1900
ste_h76_i01_s43,"5x76, seed 43",282000,1862.29,1895.49,1900
ste_h76_i01_s43,"5x76, seed 43",283000,1862.27,1895.46,1900
ste_h76_i01_s43,"5x76, seed 43",284000,1862.28,1895.47,1900
ste_h76_i01_s43,"5x76, seed 43",285000,1862.27,1895.46,1900
ste_h76_i01_s43,"5x76, seed 43",286000,1862.33,1895.52,1900
ste_h76_i01_s43,"5x76, seed 43",287000,1862.32,1895.52,1900
ste_h76_i01_s43,"5x76, seed 43",288000,1862.32,1895.51,1900
ste_h76_i01_s43,"5x76, seed 43",289000,1862.31,1895.51,1900
ste_h76_i01_s43,"5x76, seed 43",290000,1862.26,1895.45,1900
ste_h76_i01_s43,"5x76, seed 43",291000,1862.29,1895.49,1900
ste_h76_i01_s43,"5x76, seed 43",292000,1862.31,1895.50,1900
ste_h76_i01_s43,"5x76, seed 43",293000,1862.28,1895.48,1900
ste_h76_i01_s43,"5x76, seed 43",294000,1862.32,1895.52,1900
ste_h76_i01_s43,"5x76, seed 43",295000,1862.29,1895.49,1900
ste_h76_i01_s43,"5x76, seed 43",296000,1862.29,1895.48,1900
ste_h76_i01_s43,"5x76, seed 43",297000,1862.29,1895.48,1900
ste_h76_i01_s43,"5x76, seed 43",298000,1862.30,1895.50,1900
ste_h76_i01_s43,"5x76, seed 43",299000,1862.28,1895.48,1900
ste_h76_i01_s43,"5x76, seed 43",300000,1862.29,1895.48,1900
ste_h76_i01_s43,"5x76, seed 43",301000,1862.31,1895.51,1900
ste_h76_i01_s43,"5x76, seed 43",302000,1862.29,1895.48,1900
ste_h76_i01_s43,"5x76, seed 43",303000,1862.28,1895.48,1900
ste_h76_i01_s43,"5x76, seed 43",304000,1862.28,1895.47,1900
ste_h76_i01_s43,"5x76, seed 43",305000,1862.32,1895.52,1900
ste_h76_i01_s43,"5x76, seed 43",306000,1862.30,1895.50,1900
ste_h76_i01_s43,"5x76, seed 43",307000,1862.30,1895.50,1900
ste_h76_i01_s43,"5x76, seed 43",308000,1862.28,1895.47,1900
ste_h76_i01_s43,"5x76, seed 43",309000,1862.28,1895.47,1900
ste_h76_i01_s43,"5x76, seed 43",310000,1862.29,1895.48,1900
ste_h76_i01_s43,"5x76, seed 43",311000,1862.30,1895.49,1900
ste_h76_i01_s43,"5x76, seed 43",312000,1862.32,1895.52,1900
ste_h76_i01_s43,"5x76, seed 43",313000,1862.30,1895.50,1900
ste_h76_i01_s43,"5x76, seed 43",314000,1862.33,1895.52,1900
ste_h76_i01_s43,"5x76, seed 43",315000,1862.29,1895.48,1900
ste_h76_i01_s43,"5x76, seed 43",316000,1862.31,1895.51,1900
ste_h76_i01_s43,"5x76, seed 43",317000,1862.26,1895.46,1900
ste_h76_i01_s43,"5x76, seed 43",318000,1862.29,1895.48,1900
ste_h76_i01_s43,"5x76, seed 43",319000,1862.29,1895.48,1900
ste_h76_i01_s43,"5x76, seed 43",320000,1862.31,1895.51,1900
ste_h76_i01_s43,"5x76, seed 43",321000,1862.29,1895.49,1900
ste_h76_i01_s43,"5x76, seed 43",322000,1862.31,1895.50,1900
ste_h76_i01_s43,"5x76, seed 43",323000,1862.32,1895.51,1900
ste_h76_i01_s43,"5x76, seed 43",324000,1862.31,1895.50,1900
ste_h76_i01_s43,"5x76, seed 43",325000,1862.33,1895.52,1900
ste_h76_i01_s43,"5x76, seed 43",326000,1862.30,1895.49,1900
ste_h76_i01_s43,"5x76, seed 43",327000,1862.32,1895.51,1900
ste_h76_i01_s43,"5x76, seed 43",328000,1862.34,1895.53,1900
ste_h76_i01_s43,"5x76, seed 43",329000,1862.34,1895.53,1900
ste_h76_i01_s43,"5x76, seed 43",330000,1862.32,1895.51,1900
ste_h76_i01_s43,"5x76, seed 43",331000,1862.35,1895.54,1900
ste_h76_i01_s43,"5x76, seed 43",332000,1862.33,1895.53,1900
ste_h76_i01_s43,"5x76, seed 43",333000,1862.32,1895.52,1900
ste_h76_i01_s43,"5x76, seed 43",334000,1862.31,1895.50,1900
ste_h76_i01_s43,"5x76, seed 43",335000,1862.34,1895.53,1900
ste_h76_i01_s43,"5x76, seed 43",336000,1862.33,1895.52,1900
ste_h76_i01_s43,"5x76, seed 43",337000,1862.36,1895.55,1900
ste_h76_i01_s43,"5x76, seed 43",338000,1862.34,1895.53,1900
ste_h76_i01_s43,"5x76, seed 43",339000,1862.32,1895.52,1900
ste_h76_i01_s43,"5x76, seed 43",340000,1862.35,1895.55,1900
ste_h76_i01_s43,"5x76, seed 43",341000,1862.35,1895.54,1900
ste_h76_i01_s43,"5x76, seed 43",342000,1862.35,1895.55,1900
ste_h76_i01_s43,"5x76, seed 43",343000,1862.33,1895.53,1900
ste_h76_i01_s43,"5x76, seed 43",344000,1862.34,1895.54,1900
ste_h76_i01_s43,"5x76, seed 43",345000,1862.36,1895.55,1900
ste_h76_i01_s43,"5x76, seed 43",346000,1862.34,1895.53,1900
ste_h76_i01_s43,"5x76, seed 43",347000,1862.31,1895.50,1900
ste_h76_i01_s43,"5x76, seed 43",348000,1862.37,1895.56,1900
ste_h76_i01_s43,"5x76, seed 43",349000,1862.35,1895.54,1900
ste_h76_i01_s43,"5x76, seed 43",350000,1862.37,1895.56,1900
ste_h76_i01_s43,"5x76, seed 43",351000,1862.33,1895.53,1900
ste_h76_i01_s43,"5x76, seed 43",352000,1862.38,1895.57,1900
ste_h76_i01_s43,"5x76, seed 43",353000,1862.34,1895.54,1900
ste_h76_i01_s43,"5x76, seed 43",354000,1862.36,1895.56,1900
ste_h76_i01_s43,"5x76, seed 43",355000,1862.35,1895.55,1900
ste_h76_i01_s43,"5x76, seed 43",356000,1862.35,1895.54,1900
ste_h76_i01_s43,"5x76, seed 43",357000,1862.36,1895.56,1900
ste_h76_i01_s43,"5x76, seed 43",358000,1862.38,1895.57,1900
ste_h76_i01_s43,"5x76, seed 43",359000,1862.35,1895.55,1900
ste_h76_i01_s43,"5x76, seed 43",360000,1862.35,1895.54,1900
ste_h76_i01_s43,"5x76, seed 43",361000,1862.37,1895.56,1900
ste_h76_i01_s43,"5x76, seed 43",362000,1862.35,1895.54,1900
ste_h76_i01_s43,"5x76, seed 43",363000,1862.36,1895.55,1900
ste_h76_i01_s43,"5x76, seed 43",364000,1862.36,1895.56,1900
ste_h76_i01_s43,"5x76, seed 43",365000,1862.37,1895.57,1900
ste_h76_i01_s43,"5x76, seed 43",366000,1862.40,1895.59,1900
ste_h76_i01_s43,"5x76, seed 43",367000,1862.40,1895.59,1900
ste_h76_i01_s43,"5x76, seed 43",368000,1862.43,1895.62,1900
ste_h76_i01_s43,"5x76, seed 43",369000,1862.41,1895.60,1900
ste_h76_i01_s43,"5x76, seed 43",369500,1862.43,1895.63,1900
ste_l1_h380_i01_hm1e4,"1x380, s_Hm 1e-4",1000,1703.28,1736.48,1900
ste_l1_h380_i01_hm1e4,"1x380, s_Hm 1e-4",2000,1853.65,1886.85,1900
ste_l1_h380_i01_hm1e4,"1x380, s_Hm 1e-4",3000,1862.45,1895.64,1900
ste_l1_h380_i01_hm1e4,"1x380, s_Hm 1e-4",4000,1863.97,1897.17,1900
ste_l1_h380_i01_hm1e4,"1x380, s_Hm 1e-4",5000,1864.46,1897.65,1900
ste_l1_h380_i01_hm1e4,"1x380, s_Hm 1e-4",6000,1864.78,1897.98,1900
ste_l1_h380_i01_hm1e4,"1x380, s_Hm 1e-4",7000,1864.81,1898.00,1900
ste_l1_h380_i01_hm1e4,"1x380, s_Hm 1e-4",8000,1865.03,1898.22,1900
ste_l1_h380_i01_hm1e4,"1x380, s_Hm 1e-4",9000,1865.06,1898.25,1900
ste_l1_h380_i01_hm1e4,"1x380, s_Hm 1e-4",10000,1865.10,1898.29,1900
ste_l1_h380_i01_hm1e4,"1x380, s_Hm 1e-4",11000,1865.14,1898.33,1900
ste_l1_h380_i01_hm1e4,"1x380, s_Hm 1e-4",12000,1865.12,1898.32,1900
ste_l1_h380_i01_hm1e4,"1x380, s_Hm 1e-4",13000,1865.15,1898.34,1900
ste_l1_h380_i01_hm1e4,"1x380, s_Hm 1e-4",14000,1865.16,1898.35,1900
ste_l1_h380_i01_hm1e4,"1x380, s_Hm 1e-4",15000,1865.11,1898.31,1900
ste_l1_h380_i01_hm1e4,"1x380, s_Hm 1e-4",16000,1865.16,1898.35,1900
ste_l1_h380_i01_hm1e4,"1x380, s_Hm 1e-4",17000,1865.17,1898.37,1900
ste_l1_h380_i01_hm1e4,"1x380, s_Hm 1e-4",18000,1865.18,1898.38,1900
ste_l1_h380_i01_hm1e4,"1x380, s_Hm 1e-4",19000,1865.23,1898.43,1900
ste_l1_h380_i01_hm1e4,"1x380, s_Hm 1e-4",20000,1865.15,1898.34,1900
ste_l1_h380_i01_hm1e4,"1x380, s_Hm 1e-4",21000,1865.22,1898.41,1900
ste_l1_h380_i01_hm1e4,"1x380, s_Hm 1e-4",22000,1865.22,1898.42,1900
ste_l1_h380_i01_hm1e4,"1x380, s_Hm 1e-4",23000,1865.21,1898.40,1900
ste_l1_h380_i01_hm1e4,"1x380, s_Hm 1e-4",24000,1865.22,1898.42,1900
ste_l1_h380_i01_hm1e4,"1x380, s_Hm 1e-4",25000,1865.22,1898.41,1900
ste_l1_h380_i01_hm1e4,"1x380, s_Hm 1e-4",26000,1865.18,1898.37,1900
ste_l1_h380_i01_hm1e4,"1x380, s_Hm 1e-4",27000,1865.25,1898.44,1900
ste_l1_h380_i01_hm1e4,"1x380, s_Hm 1e-4",28000,1865.20,1898.39,1900
ste_l1_h380_i01_hm1e4,"1x380, s_Hm 1e-4",29000,1865.27,1898.46,1900
ste_l1_h380_i01_hm1e4,"1x380, s_Hm 1e-4",30000,1865.21,1898.41,1900
ste_l1_h380_i01_hm1e4,"1x380, s_Hm 1e-4",31000,1865.21,1898.41,1900
ste_l1_h380_i01_hm1e4,"1x380, s_Hm 1e-4",32000,1865.26,1898.45,1900
ste_l1_h380_i01_hm1e4,"1x380, s_Hm 1e-4",33000,1865.27,1898.46,1900
ste_l1_h380_i01_hm1e4,"1x380, s_Hm 1e-4",34000,1865.22,1898.41,1900
ste_l1_h380_i01_hm1e4,"1x380, s_Hm 1e-4",35000,1865.26,1898.45,1900
ste_l1_h380_i01_hm1e4,"1x380, s_Hm 1e-4",36000,1865.25,1898.44,1900
ste_l1_h380_i01_hm1e4,"1x380, s_Hm 1e-4",37000,1865.26,1898.46,1900
ste_l1_h380_i01_hm1e4,"1x380, s_Hm 1e-4",38000,1865.27,1898.46,1900
ste_l1_h380_i01_hm1e4,"1x380, s_Hm 1e-4",39000,1865.27,1898.46,1900
ste_l1_h380_i01_hm1e4,"1x380, s_Hm 1e-4",40000,1865.27,1898.46,1900
ste_l1_h380_i01_hm1e4,"1x380, s_Hm 1e-4",41000,1865.28,1898.47,1900
ste_l1_h380_i01_hm1e4,"1x380, s_Hm 1e-4",42000,1865.30,1898.49,1900
ste_l1_h380_i01_hm1e4,"1x380, s_Hm 1e-4",43000,1865.30,1898.49,1900
ste_l1_h380_i01_hm1e4,"1x380, s_Hm 1e-4",44000,1865.31,1898.50,1900
ste_l1_h380_i01_hm1e4,"1x380, s_Hm 1e-4",45000,1865.26,1898.45,1900
ste_l1_h380_i01_hm1e4,"1x380, s_Hm 1e-4",46000,1865.29,1898.49,1900
ste_l1_h380_i01_hm1e4,"1x380, s_Hm 1e-4",47000,1865.27,1898.46,1900
ste_l1_h380_i01_hm1e4,"1x380, s_Hm 1e-4",48000,1865.30,1898.50,1900
ste_l1_h380_i01_hm1e4,"1x380, s_Hm 1e-4",49000,1865.31,1898.51,1900
ste_l1_h380_i01_hm1e4,"1x380, s_Hm 1e-4",50000,1865.27,1898.47,1900
ste_l1_h380_i01_hm1e4,"1x380, s_Hm 1e-4",51000,1865.29,1898.48,1900
ste_l1_h380_i01_hm1e4,"1x380, s_Hm 1e-4",52000,1865.28,1898.48,1900
ste_l1_h380_i01_hm1e4,"1x380, s_Hm 1e-4",53000,1865.28,1898.48,1900
ste_l1_h380_i01_hm1e4,"1x380, s_Hm 1e-4",54000,1865.30,1898.50,1900
ste_l1_h380_i01_hm1e4,"1x380, s_Hm 1e-4",55000,1865.29,1898.48,1900
ste_l1_h380_i01_hm1e4,"1x380, s_Hm 1e-4",56000,1865.32,1898.51,1900
ste_l1_h380_i01_hm1e4,"1x380, s_Hm 1e-4",57000,1865.31,1898.50,1900
ste_l1_h380_i01_hm1e4,"1x380, s_Hm 1e-4",58000,1865.33,1898.52,1900
ste_l1_h380_i01_hm1e4,"1x380, s_Hm 1e-4",59000,1865.30,1898.49,1900
ste_l1_h380_i01_hm1e4,"1x380, s_Hm 1e-4",60000,1865.29,1898.48,1900
ste_l1_h380_i01_hm1e4,"1x380, s_Hm 1e-4",61000,1865.33,1898.52,1900
ste_l1_h380_i01_hm1e4,"1x380, s_Hm 1e-4",62000,1865.29,1898.49,1900
ste_l1_h380_i01_hm1e4,"1x380, s_Hm 1e-4",63000,1865.32,1898.52,1900
ste_l1_h380_i01_hm1e4,"1x380, s_Hm 1e-4",64000,1865.33,1898.52,1900
ste_l1_h380_i01_hm1e4,"1x380, s_Hm 1e-4",65000,1865.31,1898.51,1900
ste_l1_h380_i01_hm1e4,"1x380, s_Hm 1e-4",66000,1865.32,1898.52,1900
ste_l1_h380_i01_hm1e4,"1x380, s_Hm 1e-4",67000,1865.34,1898.53,1900
ste_l1_h380_i01_hm1e4,"1x380, s_Hm 1e-4",68000,1865.33,1898.52,1900
ste_l1_h380_i01_hm1e4,"1x380, s_Hm 1e-4",69000,1865.30,1898.50,1900
ste_l1_h380_i01_hm1e4,"1x380, s_Hm 1e-4",70000,1865.34,1898.53,1900
ste_l1_h380_i01_hm1e4,"1x380, s_Hm 1e-4",71000,1865.32,1898.52,1900
ste_l1_h380_i01_hm1e4,"1x380, s_Hm 1e-4",72000,1865.32,1898.51,1900
ste_l1_h380_i01_hm1e4,"1x380, s_Hm 1e-4",73000,1865.34,1898.53,1900
ste_l1_h380_i01_hm1e4,"1x380, s_Hm 1e-4",74000,1865.32,1898.51,1900
ste_l1_h380_i01_hm1e4,"1x380, s_Hm 1e-4",75000,1865.32,1898.52,1900
ste_l1_h380_i01_hm1e4,"1x380, s_Hm 1e-4",76000,1865.33,1898.53,1900
ste_l1_h380_i01_hm1e4,"1x380, s_Hm 1e-4",77000,1865.33,1898.52,1900
ste_l1_h380_i01_hm1e4,"1x380, s_Hm 1e-4",78000,1865.32,1898.51,1900
ste_l1_h380_i01_hm1e4,"1x380, s_Hm 1e-4",79000,1865.34,1898.53,1900
ste_l1_h380_i01_hm1e4,"1x380, s_Hm 1e-4",80000,1865.32,1898.51,1900
ste_l1_h380_i01_hm1e4,"1x380, s_Hm 1e-4",81000,1865.33,1898.53,1900
ste_l1_h380_i01_hm1e4,"1x380, s_Hm 1e-4",82000,1865.32,1898.51,1900
ste_l1_h380_i01_hm1e4,"1x380, s_Hm 1e-4",83000,1865.30,1898.49,1900
ste_l1_h380_i01_hm1e4,"1x380, s_Hm 1e-4",84000,1865.32,1898.52,1900
ste_l1_h380_i01_hm1e4,"1x380, s_Hm 1e-4",85000,1865.33,1898.52,1900
ste_l1_h380_i01_hm1e4,"1x380, s_Hm 1e-4",86000,1865.33,1898.52,1900
ste_l1_h380_i01_hm1e4,"1x380, s_Hm 1e-4",87000,1865.32,1898.52,1900
ste_l1_h380_i01_hm1e4,"1x380, s_Hm 1e-4",88000,1865.33,1898.52,1900
ste_l1_h380_i01_hm1e4,"1x380, s_Hm 1e-4",89000,1865.35,1898.55,1900
ste_l1_h380_i01_hm1e4,"1x380, s_Hm 1e-4",90000,1865.30,1898.49,1900
ste_l1_h380_i01_hm1e4,"1x380, s_Hm 1e-4",91000,1865.33,1898.52,1900
ste_l1_h380_i01_hm1e4,"1x380, s_Hm 1e-4",92000,1865.33,1898.53,1900
ste_l1_h380_i01_hm1e4,"1x380, s_Hm 1e-4",93000,1865.35,1898.54,1900
ste_l1_h380_i01_hm1e4,"1x380, s_Hm 1e-4",94000,1865.32,1898.51,1900
ste_l1_h380_i01_hm1e4,"1x380, s_Hm 1e-4",95000,1865.36,1898.55,1900
ste_l1_h380_i01_hm1e4,"1x380, s_Hm 1e-4",96000,1865.33,1898.52,1900
ste_l1_h380_i01_hm1e4,"1x380, s_Hm 1e-4",97000,1865.33,1898.52,1900
ste_l1_h380_i01_hm1e4,"1x380, s_Hm 1e-4",98000,1865.33,1898.53,1900
ste_l1_h380_i01_hm1e4,"1x380, s_Hm 1e-4",99000,1865.33,1898.52,1900
ste_l1_h380_i01_hm1e4,"1x380, s_Hm 1e-4",100000,1865.31,1898.50,1900
ste_l1_h380_i01_hm1e4,"1x380, s_Hm 1e-4",101000,1865.33,1898.53,1900
ste_l1_h380_i01_hm1e4,"1x380, s_Hm 1e-4",102000,1865.32,1898.51,1900
ste_l1_h380_i01_hm1e4,"1x380, s_Hm 1e-4",103000,1865.32,1898.51,1900
ste_l1_h380_i01_hm1e4,"1x380, s_Hm 1e-4",104000,1865.31,1898.50,1900
ste_l1_h380_i01_hm1e4,"1x380, s_Hm 1e-4",105000,1865.30,1898.50,1900
ste_l1_h380_i01_hm1e4,"1x380, s_Hm 1e-4",106000,1865.31,1898.50,1900
ste_l1_h380_i01_hm1e4,"1x380, s_Hm 1e-4",107000,1865.30,1898.50,1900
ste_l1_h380_i01_hm1e4,"1x380, s_Hm 1e-4",108000,1865.31,1898.51,1900
ste_l1_h380_i01_hm1e4,"1x380, s_Hm 1e-4",109000,1865.33,1898.52,1900
ste_l1_h380_i01_hm1e4,"1x380, s_Hm 1e-4",110000,1865.31,1898.50,1900
ste_l1_h380_i01_hm1e4,"1x380, s_Hm 1e-4",111000,1865.32,1898.52,1900
ste_l1_h380_i01_hm1e4,"1x380, s_Hm 1e-4",112000,1865.30,1898.50,1900
ste_l1_h380_i01_hm1e4,"1x380, s_Hm 1e-4",113000,1865.31,1898.51,1900
ste_l1_h380_i01_hm1e4,"1x380, s_Hm 1e-4",114000,1865.30,1898.49,1900
ste_l1_h380_i01_hm1e4,"1x380, s_Hm 1e-4",115000,1865.29,1898.48,1900
ste_l1_h380_i01_hm1e4,"1x380, s_Hm 1e-4",116000,1865.32,1898.51,1900
ste_l1_h380_i01_hm1e4,"1x380, s_Hm 1e-4",117000,1865.32,1898.51,1900
ste_l1_h380_i01_hm1e4,"1x380, s_Hm 1e-4",118000,1865.31,1898.50,1900
ste_l1_h380_i01_hm1e4,"1x380, s_Hm 1e-4",119000,1865.28,1898.48,1900
ste_l1_h380_i01_hm1e4,"1x380, s_Hm 1e-4",120000,1865.32,1898.51,1900
ste_l1_h380_i01_hm1e4,"1x380, s_Hm 1e-4",121000,1865.31,1898.50,1900
ste_l1_h380_i01_hm1e4,"1x380, s_Hm 1e-4",122000,1865.30,1898.49,1900
ste_l1_h380_i01_hm1e4,"1x380, s_Hm 1e-4",123000,1865.30,1898.50,1900
ste_l1_h380_i01_hm1e4,"1x380, s_Hm 1e-4",124000,1865.29,1898.48,1900
ste_l1_h380_i01_hm1e4,"1x380, s_Hm 1e-4",125000,1865.32,1898.52,1900
ste_l1_h380_i01_hm1e4,"1x380, s_Hm 1e-4",126000,1865.28,1898.48,1900
ste_l1_h380_i01_hm1e4,"1x380, s_Hm 1e-4",127000,1865.32,1898.51,1900
ste_l1_h380_i01_hm1e4,"1x380, s_Hm 1e-4",128000,1865.32,1898.51,1900
ste_l1_h380_i01_hm1e4,"1x380, s_Hm 1e-4",129000,1865.32,1898.51,1900
ste_l1_h380_i01_hm1e4,"1x380, s_Hm 1e-4",130000,1865.30,1898.50,1900
ste_l1_h380_i01_hm1e4,"1x380, s_Hm 1e-4",131000,1865.28,1898.48,1900
ste_l1_h380_i01_hm1e4,"1x380, s_Hm 1e-4",132000,1865.29,1898.48,1900
ste_l1_h380_i01_hm1e4,"1x380, s_Hm 1e-4",133000,1865.32,1898.51,1900
ste_l1_h380_i01_hm1e4,"1x380, s_Hm 1e-4",134000,1865.30,1898.49,1900
ste_l1_h380_i01_hm1e4,"1x380, s_Hm 1e-4",135000,1865.29,1898.49,1900
ste_l1_h380_i01_hm1e4,"1x380, s_Hm 1e-4",136000,1865.29,1898.48,1900
ste_l1_h380_i01_hm1e4,"1x380, s_Hm 1e-4",137000,1865.31,1898.50,1900
ste_l1_h380_i01_hm1e4,"1x380, s_Hm 1e-4",138000,1865.32,1898.51,1900
ste_l1_h380_i01_hm1e4,"1x380, s_Hm 1e-4",139000,1865.29,1898.48,1900
ste_l1_h380_i01_hm1e4,"1x380, s_Hm 1e-4",140000,1865.29,1898.49,1900
ste_l1_h380_i01_hm1e4,"1x380, s_Hm 1e-4",141000,1865.28,1898.47,1900
ste_l1_h380_i01_hm1e4,"1x380, s_Hm 1e-4",142000,1865.33,1898.53,1900
ste_l1_h380_i01_hm1e4,"1x380, s_Hm 1e-4",143000,1865.31,1898.50,1900
ste_l1_h380_i01_hm1e4,"1x380, s_Hm 1e-4",144000,1865.29,1898.48,1900
ste_l1_h380_i01_hm1e4,"1x380, s_Hm 1e-4",145000,1865.30,1898.49,1900
ste_l1_h380_i01_hm1e4,"1x380, s_Hm 1e-4",146000,1865.29,1898.49,1900
ste_l1_h380_i01_hm1e4,"1x380, s_Hm 1e-4",147000,1865.27,1898.46,1900
ste_l1_h380_i01_hm1e4,"1x380, s_Hm 1e-4",148000,1865.30,1898.49,1900
ste_l1_h380_i01_hm1e4,"1x380, s_Hm 1e-4",149000,1865.29,1898.49,1900
ste_l1_h380_i01_hm1e4,"1x380, s_Hm 1e-4",150000,1865.27,1898.46,1900
ste_l1_h380_i01_hm1e4,"1x380, s_Hm 1e-4",151000,1865.30,1898.49,1900
ste_l1_h380_i01_hm1e4,"1x380, s_Hm 1e-4",152000,1865.30,1898.50,1900
ste_l1_h380_i01_hm1e4,"1x380, s_Hm 1e-4",153000,1865.30,1898.49,1900
ste_l1_h380_i01_hm1e4,"1x380, s_Hm 1e-4",154000,1865.32,1898.51,1900
ste_l1_h380_i01_hm1e4,"1x380, s_Hm 1e-4",155000,1865.29,1898.49,1900
ste_l1_h380_i01_hm1e4,"1x380, s_Hm 1e-4",156000,1865.30,1898.49,1900
ste_l1_h380_i01_hm1e4,"1x380, s_Hm 1e-4",157000,1865.29,1898.49,1900
ste_l1_h380_i01_hm1e4,"1x380, s_Hm 1e-4",158000,1865.30,1898.49,1900
ste_l1_h380_i01_hm1e4,"1x380, s_Hm 1e-4",159000,1865.30,1898.49,1900
ste_l1_h380_i01_hm1e4,"1x380, s_Hm 1e-4",160000,1865.29,1898.48,1900
ste_l1_h380_i01_hm1e4,"1x380, s_Hm 1e-4",161000,1865.27,1898.46,1900
ste_l1_h380_i01_hm1e4,"1x380, s_Hm 1e-4",162000,1865.27,1898.46,1900
ste_l1_h380_i01_hm1e4,"1x380, s_Hm 1e-4",163000,1865.27,1898.46,1900
ste_l1_h380_i01_hm1e4,"1x380, s_Hm 1e-4",164000,1865.29,1898.49,1900
ste_l1_h380_i01_hm1e4,"1x380, s_Hm 1e-4",165000,1865.29,1898.48,1900
ste_l1_h380_i01_hm1e4,"1x380, s_Hm 1e-4",166000,1865.31,1898.50,1900
ste_l1_h380_i01_hm1e4,"1x380, s_Hm 1e-4",167000,1865.26,1898.46,1900
ste_l1_h380_i01_hm1e4,"1x380, s_Hm 1e-4",168000,1865.25,1898.45,1900
ste_l1_h380_i01_hm1e4,"1x380, s_Hm 1e-4",169000,1865.27,1898.46,1900
ste_l1_h380_i01_hm1e4,"1x380, s_Hm 1e-4",170000,1865.28,1898.47,1900
ste_l1_h380_i01_hm1e4,"1x380, s_Hm 1e-4",171000,1865.31,1898.50,1900
ste_l1_h380_i01_hm1e4,"1x380, s_Hm 1e-4",172000,1865.24,1898.44,1900
ste_l1_h380_i01_hm1e4,"1x380, s_Hm 1e-4",173000,1865.29,1898.48,1900
ste_l1_h380_i01_hm1e4,"1x380, s_Hm 1e-4",174000,1865.28,1898.47,1900
ste_l1_h380_i01_hm1e4,"1x380, s_Hm 1e-4",175000,1865.26,1898.45,1900
ste_l1_h380_i01_hm1e4,"1x380, s_Hm 1e-4",176000,1865.22,1898.41,1900
ste_l1_h380_i01_hm1e4,"1x380, s_Hm 1e-4",177000,1865.28,1898.48,1900
ste_l1_h380_i01_hm1e4,"1x380, s_Hm 1e-4",178000,1865.23,1898.42,1900
ste_l1_h380_i01_hm1e4,"1x380, s_Hm 1e-4",179000,1865.28,1898.47,1900
ste_l1_h380_i01_hm1e4,"1x380, s_Hm 1e-4",180000,1865.26,1898.45,1900
ste_l1_h380_i01_hm1e4,"1x380, s_Hm 1e-4",181000,1865.27,1898.46,1900
ste_l1_h380_i01_hm1e4,"1x380, s_Hm 1e-4",182000,1865.26,1898.45,1900
ste_l1_h380_i01_hm1e4,"1x380, s_Hm 1e-4",183000,1865.26,1898.45,1900
ste_l1_h380_i01_hm1e4,"1x380, s_Hm 1e-4",184000,1865.26,1898.45,1900
ste_l1_h380_i01_hm1e4,"1x380, s_Hm 1e-4",185000,1865.25,1898.45,1900
ste_l1_h380_i01_hm1e4,"1x380, s_Hm 1e-4",186000,1865.28,1898.47,1900
ste_l1_h380_i01_hm1e4,"1x380, s_Hm 1e-4",187000,1865.24,1898.44,1900
ste_l1_h380_i01_hm1e4,"1x380, s_Hm 1e-4",188000,1865.27,1898.46,1900
ste_l1_h380_i01_hm1e4,"1x380, s_Hm 1e-4",189000,1865.26,1898.45,1900
ste_l1_h380_i01_hm1e4,"1x380, s_Hm 1e-4",190000,1865.25,1898.45,1900
ste_l1_h380_i01_hm1e4,"1x380, s_Hm 1e-4",191000,1865.27,1898.46,1900
ste_l1_h380_i01_hm1e4,"1x380, s_Hm 1e-4",192000,1865.24,1898.43,1900
ste_l1_h380_i01_hm1e4,"1x380, s_Hm 1e-4",193000,1865.25,1898.44,1900
ste_l1_h380_i01_hm1e4,"1x380, s_Hm 1e-4",194000,1865.24,1898.44,1900
ste_l1_h380_i01_hm1e4,"1x380, s_Hm 1e-4",195000,1865.23,1898.42,1900
ste_l1_h380_i01_hm1e4,"1x380, s_Hm 1e-4",196000,1865.27,1898.46,1900
ste_l1_h380_i01_hm1e4,"1x380, s_Hm 1e-4",197000,1865.25,1898.44,1900
ste_l1_h380_i01_hm1e4,"1x380, s_Hm 1e-4",198000,1865.23,1898.43,1900
ste_l1_h380_i01_hm1e4,"1x380, s_Hm 1e-4",199000,1865.22,1898.41,1900
ste_l1_h380_i01_hm1e4,"1x380, s_Hm 1e-4",200000,1865.26,1898.45,1900
ste_l1_h380_i01_hm1e4,"1x380, s_Hm 1e-4",201000,1865.25,1898.44,1900
ste_l1_h380_i01_hm1e4,"1x380, s_Hm 1e-4",202000,1865.24,1898.43,1900
ste_l1_h380_i01_hm1e4,"1x380, s_Hm 1e-4",203000,1865.23,1898.43,1900
ste_l1_h380_i01_hm1e4,"1x380, s_Hm 1e-4",204000,1865.22,1898.41,1900
ste_l1_h380_i01_hm1e4,"1x380, s_Hm 1e-4",205000,1865.24,1898.43,1900
ste_l1_h380_i01_hm1e4,"1x380, s_Hm 1e-4",206000,1865.21,1898.41,1900
ste_l1_h380_i01_hm1e4,"1x380, s_Hm 1e-4",207000,1865.24,1898.43,1900
ste_l1_h380_i01_hm1e4,"1x380, s_Hm 1e-4",208000,1865.21,1898.41,1900
ste_l1_h380_i01_hm1e4,"1x380, s_Hm 1e-4",209000,1865.23,1898.42,1900
ste_l1_h380_i01_hm1e4,"1x380, s_Hm 1e-4",210000,1865.21,1898.41,1900
ste_l1_h380_i01_hm1e4,"1x380, s_Hm 1e-4",211000,1865.22,1898.41,1900
ste_l1_h380_i01_hm1e4,"1x380, s_Hm 1e-4",212000,1865.21,1898.41,1900
ste_l1_h380_i01_hm1e4,"1x380, s_Hm 1e-4",213000,1865.21,1898.41,1900
ste_l1_h380_i01_hm1e4,"1x380, s_Hm 1e-4",214000,1865.21,1898.41,1900
ste_l1_h380_i01_hm1e4,"1x380, s_Hm 1e-4",215000,1865.22,1898.42,1900
ste_l1_h380_i01_hm1e4,"1x380, s_Hm 1e-4",216000,1865.21,1898.40,1900
ste_l1_h380_i01_hm1e4,"1x380, s_Hm 1e-4",217000,1865.19,1898.38,1900
ste_l1_h380_i01_hm1e4,"1x380, s_Hm 1e-4",218000,1865.23,1898.42,1900
ste_l1_h380_i01_hm1e4,"1x380, s_Hm 1e-4",219000,1865.24,1898.43,1900
ste_l1_h380_i01_hm1e4,"1x380, s_Hm 1e-4",220000,1865.21,1898.41,1900
ste_l1_h380_i01_hm1e4,"1x380, s_Hm 1e-4",221000,1865.22,1898.42,1900
ste_l1_h380_i01_hm1e4,"1x380, s_Hm 1e-4",222000,1865.22,1898.41,1900
ste_l1_h380_i01_hm1e4,"1x380, s_Hm 1e-4",223000,1865.18,1898.37,1900
ste_l1_h380_i01_hm1e4,"1x380, s_Hm 1e-4",224000,1865.23,1898.42,1900
ste_l1_h380_i01_hm1e4,"1x380, s_Hm 1e-4",225000,1865.21,1898.40,1900
ste_l1_h380_i01_hm1e4,"1x380, s_Hm 1e-4",226000,1865.23,1898.42,1900
ste_l1_h380_i01_hm1e4,"1x380, s_Hm 1e-4",227000,1865.20,1898.39,1900
ste_l1_h380_i01_hm1e4,"1x380, s_Hm 1e-4",228000,1865.19,1898.39,1900
ste_l1_h380_i01_hm1e4,"1x380, s_Hm 1e-4",229000,1865.18,1898.37,1900
ste_l1_h380_i01_hm1e4,"1x380, s_Hm 1e-4",230000,1865.21,1898.40,1900
ste_l1_h380_i01_hm1e4,"1x380, s_Hm 1e-4",231000,1865.21,1898.40,1900
ste_l1_h380_i01_hm1e4,"1x380, s_Hm 1e-4",232000,1865.20,1898.39,1900
ste_l1_h380_i01_hm1e4,"1x380, s_Hm 1e-4",233000,1865.17,1898.36,1900
ste_l1_h380_i01_hm1e4,"1x380, s_Hm 1e-4",234000,1865.17,1898.37,1900
ste_l1_h380_i01_hm1e4,"1x380, s_Hm 1e-4",235000,1865.20,1898.39,1900
ste_l1_h380_i01_hm1e4,"1x380, s_Hm 1e-4",236000,1865.19,1898.38,1900
ste_l1_h380_i01_hm1e4,"1x380, s_Hm 1e-4",237000,1865.19,1898.38,1900
ste_l1_h380_i01_hm1e4,"1x380, s_Hm 1e-4",238000,1865.18,1898.37,1900
ste_l1_h380_i01_hm1e4,"1x380, s_Hm 1e-4",239000,1865.18,1898.37,1900
ste_l1_h380_i01_hm1e4,"1x380, s_Hm 1e-4",240000,1865.17,1898.36,1900
ste_l1_h380_i01_hm1e4,"1x380, s_Hm 1e-4",241000,1865.20,1898.39,1900
ste_l1_h380_i01_hm1e4,"1x380, s_Hm 1e-4",242000,1865.18,1898.37,1900
ste_l1_h380_i01_hm1e4,"1x380, s_Hm 1e-4",243000,1865.17,1898.37,1900
ste_l1_h380_i01_hm1e4,"1x380, s_Hm 1e-4",244000,1865.18,1898.37,1900
ste_l1_h380_i01_hm1e4,"1x380, s_Hm 1e-4",245000,1865.20,1898.39,1900
ste_l1_h380_i01_hm1e4,"1x380, s_Hm 1e-4",246000,1865.17,1898.37,1900
ste_l1_h380_i01_hm1e4,"1x380, s_Hm 1e-4",247000,1865.19,1898.38,1900
ste_l1_h380_i01_hm1e4,"1x380, s_Hm 1e-4",248000,1865.16,1898.35,1900
ste_l1_h380_i01_hm1e4,"1x380, s_Hm 1e-4",249000,1865.15,1898.35,1900
ste_l1_h380_i01_hm1e4,"1x380, s_Hm 1e-4",250000,1865.16,1898.35,1900
ste_l1_h380_i01_hm1e4,"1x380, s_Hm 1e-4",251000,1865.18,1898.37,1900
ste_l1_h380_i01_hm1e4,"1x380, s_Hm 1e-4",252000,1865.16,1898.36,1900
ste_l1_h380_i01_hm1e4,"1x380, s_Hm 1e-4",253000,1865.19,1898.39,1900
ste_l1_h380_i01_hm1e4,"1x380, s_Hm 1e-4",254000,1865.18,1898.38,1900
ste_l1_h380_i01_hm1e4,"1x380, s_Hm 1e-4",255000,1865.15,1898.34,1900
ste_l1_h380_i01_hm1e4,"1x380, s_Hm 1e-4",256000,1865.15,1898.35,1900
ste_l1_h380_i01_hm1e4,"1x380, s_Hm 1e-4",257000,1865.15,1898.35,1900
ste_l1_h380_i01_hm1e4,"1x380, s_Hm 1e-4",258000,1865.14,1898.34,1900
ste_l1_h380_i01_hm1e4,"1x380, s_Hm 1e-4",259000,1865.13,1898.32,1900
ste_l1_h380_i01_hm1e4,"1x380, s_Hm 1e-4",260000,1865.15,1898.34,1900
ste_l1_h380_i01_hm1e4,"1x380, s_Hm 1e-4",261000,1865.16,1898.35,1900
ste_l1_h380_i01_hm1e4,"1x380, s_Hm 1e-4",262000,1865.11,1898.31,1900
ste_l1_h380_i01_hm1e4,"1x380, s_Hm 1e-4",263000,1865.16,1898.35,1900
ste_l1_h380_i01_hm1e4,"1x380, s_Hm 1e-4",264000,1865.15,1898.34,1900
ste_l1_h380_i01_hm1e4,"1x380, s_Hm 1e-4",265000,1865.15,1898.34,1900
ste_l1_h380_i01_hm1e4,"1x380, s_Hm 1e-4",266000,1865.14,1898.33,1900
ste_l1_h380_i01_hm1e4,"1x380, s_Hm 1e-4",267000,1865.11,1898.30,1900
ste_l1_h380_i01_hm1e4,"1x380, s_Hm 1e-4",268000,1865.15,1898.34,1900
ste_l1_h380_i01_hm1e4,"1x380, s_Hm 1e-4",269000,1865.14,1898.33,1900
ste_l1_h380_i01_hm1e4,"1x380, s_Hm 1e-4",270000,1865.14,1898.34,1900
ste_l1_h380_i01_hm1e4,"1x380, s_Hm 1e-4",271000,1865.16,1898.36,1900
ste_l1_h380_i01_hm1e4,"1x380, s_Hm 1e-4",272000,1865.12,1898.31,1900
ste_l1_h380_i01_hm1e4,"1x380, s_Hm 1e-4",273000,1865.12,1898.32,1900
ste_l1_h380_i01_hm1e4,"1x380, s_Hm 1e-4",274000,1865.15,1898.34,1900
ste_l1_h380_i01_hm1e4,"1x380, s_Hm 1e-4",275000,1865.12,1898.31,1900
ste_l1_h380_i01_hm1e4,"1x380, s_Hm 1e-4",276000,1865.14,1898.33,1900
ste_l1_h380_i01_hm1e4,"1x380, s_Hm 1e-4",277000,1865.13,1898.32,1900
ste_l1_h380_i01_hm1e4,"1x380, s_Hm 1e-4",278000,1865.13,1898.32,1900
ste_l1_h380_i01_hm1e4,"1x380, s_Hm 1e-4",279000,1865.11,1898.30,1900
ste_l1_h380_i01_hm1e4,"1x380, s_Hm 1e-4",280000,1865.13,1898.32,1900
ste_l1_h380_i01_hm1e4,"1x380, s_Hm 1e-4",281000,1865.15,1898.34,1900
ste_l1_h380_i01_hm1e4,"1x380, s_Hm 1e-4",282000,1865.11,1898.30,1900
ste_l1_h380_i01_hm1e4,"1x380, s_Hm 1e-4",283000,1865.11,1898.31,1900
ste_l1_h380_i01_hm1e4,"1x380, s_Hm 1e-4",284000,1865.10,1898.30,1900
ste_l1_h380_i01_hm1e4,"1x380, s_Hm 1e-4",285000,1865.09,1898.28,1900
ste_l1_h380_i01_hm1e4,"1x380, s_Hm 1e-4",286000,1865.14,1898.33,1900
ste_l1_h380_i01_hm1e4,"1x380, s_Hm 1e-4",287000,1865.10,1898.29,1900
ste_l1_h380_i01_hm1e4,"1x380, s_Hm 1e-4",288000,1865.12,1898.31,1900
ste_l1_h380_i01_hm1e4,"1x380, s_Hm 1e-4",289000,1865.11,1898.30,1900
ste_l1_h380_i01_hm1e4,"1x380, s_Hm 1e-4",290000,1865.09,1898.29,1900
ste_l1_h380_i01_hm1e4,"1x380, s_Hm 1e-4",291000,1865.12,1898.31,1900
ste_l1_h380_i01_hm1e4,"1x380, s_Hm 1e-4",292000,1865.12,1898.32,1900
ste_l1_h380_i01_hm1e4,"1x380, s_Hm 1e-4",293000,1865.10,1898.29,1900
ste_l1_h380_i01_hm1e4,"1x380, s_Hm 1e-4",294000,1865.09,1898.29,1900
ste_l1_h380_i01_hm1e4,"1x380, s_Hm 1e-4",295000,1865.10,1898.29,1900
ste_l1_h380_i01_hm1e4,"1x380, s_Hm 1e-4",296000,1865.10,1898.29,1900
ste_l1_h380_i01_hm1e4,"1x380, s_Hm 1e-4",297000,1865.11,1898.30,1900
ste_l1_h380_i01_hm1e4,"1x380, s_Hm 1e-4",298000,1865.11,1898.31,1900
ste_l1_h380_i01_hm1e4,"1x380, s_Hm 1e-4",299000,1865.09,1898.28,1900
ste_l1_h380_i01_hm1e4,"1x380, s_Hm 1e-4",300000,1865.09,1898.28,1900
ste_l1_h380_i01_hm1e4,"1x380, s_Hm 1e-4",301000,1865.11,1898.30,1900
ste_l1_h380_i01_hm1e4,"1x380, s_Hm 1e-4",302000,1865.05,1898.24,1900
ste_l1_h380_i01_hm1e4,"1x380, s_Hm 1e-4",303000,1865.09,1898.28,1900
ste_l1_h380_i01_hm1e4,"1x380, s_Hm 1e-4",304000,1865.08,1898.27,1900
ste_l1_h380_i01_hm1e4,"1x380, s_Hm 1e-4",305000,1865.08,1898.28,1900
ste_l1_h380_i01_hm1e4,"1x380, s_Hm 1e-4",306000,1865.05,1898.24,1900
ste_l1_h380_i01_hm1e4,"1x380, s_Hm 1e-4",307000,1865.05,1898.25,1900
ste_l1_h380_i01_hm1e4,"1x380, s_Hm 1e-4",308000,1865.09,1898.28,1900
ste_l1_h380_i01_hm1e4,"1x380, s_Hm 1e-4",309000,1865.09,1898.28,1900
ste_l1_h380_i01_hm1e4,"1x380, s_Hm 1e-4",310000,1865.06,1898.25,1900
ste_l1_h380_i01_hm1e4,"1x380, s_Hm 1e-4",311000,1865.03,1898.23,1900
ste_l1_h380_i01_hm1e4,"1x380, s_Hm 1e-4",312000,1865.08,1898.28,1900
ste_l1_h380_i01_hm1e4,"1x380, s_Hm 1e-4",313000,1865.07,1898.27,1900
ste_l1_h380_i01_hm1e4,"1x380, s_Hm 1e-4",314000,1865.07,1898.26,1900
ste_l1_h380_i01_hm1e4,"1x380, s_Hm 1e-4",315000,1865.06,1898.25,1900
ste_l1_h380_i01_hm1e4,"1x380, s_Hm 1e-4",316000,1865.05,1898.24,1900
ste_l1_h380_i01_hm1e4,"1x380, s_Hm 1e-4",317000,1865.06,1898.26,1900
ste_l1_h380_i01_hm1e4,"1x380, s_Hm 1e-4",318000,1865.04,1898.23,1900
ste_l1_h380_i01_hm1e4,"1x380, s_Hm 1e-4",319000,1865.05,1898.25,1900
ste_l1_h380_i01_hm1e4,"1x380, s_Hm 1e-4",320000,1865.05,1898.24,1900
ste_l1_h380_i01_hm1e4,"1x380, s_Hm 1e-4",321000,1865.04,1898.24,1900
ste_l1_h380_i01_hm1e4,"1x380, s_Hm 1e-4",322000,1865.02,1898.22,1900
ste_l1_h380_i01_hm1e4,"1x380, s_Hm 1e-4",323000,1865.05,1898.24,1900
ste_l1_h380_i01_hm1e4,"1x380, s_Hm 1e-4",324000,1865.07,1898.26,1900
ste_l1_h380_i01_hm1e4,"1x380, s_Hm 1e-4",325000,1865.05,1898.24,1900
ste_l1_h380_i01_hm1e4,"1x380, s_Hm 1e-4",326000,1865.04,1898.23,1900
ste_l1_h380_i01_hm1e4,"1x380, s_Hm 1e-4",327000,1865.05,1898.24,1900
ste_l1_h380_i01_hm1e4,"1x380, s_Hm 1e-4",328000,1865.02,1898.21,1900
ste_l1_h380_i01_hm1e4,"1x380, s_Hm 1e-4",329000,1865.06,1898.25,1900
ste_l1_h380_i01_hm1e4,"1x380, s_Hm 1e-4",330000,1865.04,1898.24,1900
ste_l1_h380_i01_hm1e4,"1x380, s_Hm 1e-4",331000,1865.06,1898.26,1900
ste_l1_h380_i01_hm1e4,"1x380, s_Hm 1e-4",332000,1865.05,1898.24,1900
ste_l1_h380_i01_hm1e4,"1x380, s_Hm 1e-4",333000,1865.04,1898.23,1900
ste_l1_h380_i01_hm1e4,"1x380, s_Hm 1e-4",334000,1864.99,1898.18,1900
ste_l1_h380_i01_hm1e4,"1x380, s_Hm 1e-4",335000,1865.03,1898.22,1900
ste_l1_h380_i01_hm1e4,"1x380, s_Hm 1e-4",336000,1865.03,1898.23,1900
ste_l1_h380_i01_hm1e4,"1x380, s_Hm 1e-4",337000,1865.03,1898.22,1900
ste_l1_h380_i01_hm1e4,"1x380, s_Hm 1e-4",338000,1865.00,1898.19,1900
ste_l1_h380_i01_hm1e4,"1x380, s_Hm 1e-4",339000,1864.99,1898.18,1900
ste_l1_h380_i01_hm1e4,"1x380, s_Hm 1e-4",340000,1865.02,1898.21,1900
ste_l1_h380_i01_hm1e4,"1x380, s_Hm 1e-4",341000,1864.99,1898.19,1900
ste_l1_h380_i01_hm1e4,"1x380, s_Hm 1e-4",342000,1865.01,1898.21,1900
ste_l1_h380_i01_hm1e4,"1x380, s_Hm 1e-4",343000,1864.98,1898.17,1900
ste_l1_h380_i01_hm1e4,"1x380, s_Hm 1e-4",344000,1865.02,1898.21,1900
ste_l1_h380_i01_hm1e4,"1x380, s_Hm 1e-4",345000,1864.98,1898.18,1900
ste_l1_h380_i01_hm1e4,"1x380, s_Hm 1e-4",346000,1864.99,1898.18,1900
ste_l1_h380_i01_hm1e4,"1x380, s_Hm 1e-4",347000,1864.98,1898.18,1900
ste_l1_h380_i01_hm1e4,"1x380, s_Hm 1e-4",348000,1864.99,1898.18,1900
ste_l1_h380_i01_hm1e4,"1x380, s_Hm 1e-4",349000,1864.97,1898.17,1900
ste_l1_h380_i01_hm1e4,"1x380, s_Hm 1e-4",350000,1865.01,1898.20,1900
ste_l1_h380_i01_hm1e4,"1x380, s_Hm 1e-4",351000,1864.98,1898.18,1900
ste_l1_h380_i01_hm1e4,"1x380, s_Hm 1e-4",352000,1864.96,1898.16,1900
ste_l1_h380_i01_hm1e4,"1x380, s_Hm 1e-4",353000,1864.98,1898.18,1900
ste_l1_h380_i01_hm1e4,"1x380, s_Hm 1e-4",354000,1864.98,1898.17,1900
ste_l1_h380_i01_hm1e4,"1x380, s_Hm 1e-4",355000,1864.97,1898.16,1900
ste_l1_h380_i01_hm1e4,"1x380, s_Hm 1e-4",356000,1865.00,1898.19,1900
ste_l1_h380_i01_hm1e4,"1x380, s_Hm 1e-4",357000,1864.93,1898.12,1900
ste_l1_h380_i01_hm1e4,"1x380, s_Hm 1e-4",358000,1864.96,1898.15,1900
ste_l1_h380_i01_hm1e4,"1x380, s_Hm 1e-4",359000,1864.98,1898.17,1900
ste_l1_h380_i01_hm1e4,"1x380, s_Hm 1e-4",360000,1864.96,1898.15,1900
ste_l1_h380_i01_hm1e4,"1x380, s_Hm 1e-4",361000,1864.97,1898.16,1900
ste_l1_h380_i01_hm1e4,"1x380, s_Hm 1e-4",362000,1864.97,1898.16,1900
ste_l1_h380_i01_hm1e4,"1x380, s_Hm 1e-4",363000,1865.01,1898.20,1900
ste_l1_h380_i01_hm1e4,"1x380, s_Hm 1e-4",364000,1864.94,1898.14,1900
ste_l1_h380_i01_hm1e4,"1x380, s_Hm 1e-4",365000,1864.96,1898.15,1900
ste_l1_h380_i01_hm1e4,"1x380, s_Hm 1e-4",366000,1864.97,1898.16,1900
ste_l1_h380_i01_hm1e4,"1x380, s_Hm 1e-4",367000,1864.94,1898.14,1900
ste_l1_h380_i01_hm1e4,"1x380, s_Hm 1e-4",368000,1864.96,1898.15,1900
ste_l1_h380_i01_hm1e4,"1x380, s_Hm 1e-4",369000,1864.95,1898.15,1900
ste_l1_h380_i01_hm1e4,"1x380, s_Hm 1e-4",369500,1864.94,1898.13,1900
