layer,head,entry,label,count,n_entry,expected,log2OR,neglog10_FDR
0,15,5,punct,679,689,89.090,9.0187,600.159
0,15,2,digit,566,1980,42.056,6.5559,581.473
0,15,9,punct,716,1031,133.311,4.1856,399.207
0,15,9,word,13,1031,608.569,-6.8768,374.964
0,15,31,punct,418,473,61.160,5.8130,306.793
0,15,5,word,0,689,406.697,-11.0321,268.729
0,15,30,punct,313,319,41.248,8.4536,267.851
0,15,10,newline,141,243,4.042,6.7764,186.779
0,15,25,Word,623,1970,221.962,2.0635,137.616
0,15,11,word,3,344,203.053,-7.1720,124.675
0,15,22,Word,229,356,40.111,3.9112,124.313
0,15,30,word,0,319,188.296,-9.8811,122.181
0,15,21,cont,715,2319,299.146,1.7739,120.469
0,15,11,newline,118,344,5.721,5.2913,119.944
0,15,31,word,41,473,279.198,-3.9523,116.578
0,15,11,punct,221,344,44.480,3.6651,107.160
0,15,28,word,1210,1419,837.595,2.0745,103.471
0,15,9,newline,155,1031,17.148,3.8320,100.381
0,15,13,word,1632,2027,1196.479,1.6027,97.224
0,15,2,word,736,1980,1168.737,-1.3678,87.879
0,15,10,word,4,243,143.436,-6.2863,83.682
0,15,3,word,1306,1615,953.288,1.6183,79.166
0,15,18,word,757,870,513.536,2.2573,72.007
0,15,8,word,1587,2066,1219.500,1.2716,66.374
0,15,25,punct,45,1970,254.727,-2.7373,64.342
0,15,25,word,803,1970,1162.834,-1.1358,60.912
0,15,22,word,58,356,210.136,-2.9060,59.807
0,15,6,punct,85,2427,313.818,-2.1190,58.827
0,15,6,word,1791,2427,1432.588,1.0364,53.450
0,15,0,word,1930,2638,1557.135,0.9929,53.419
0,15,26,punct,84,2218,286.794,-1.9908,49.563
0,15,25,cont,491,1970,254.126,1.2667,48.079
0,15,18,punct,2,870,112.494,-5.7331,47.177
0,15,28,punct,38,1419,183.481,-2.4725,41.274
0,15,7,punct,88,2085,269.597,-1.8195,41.267
0,15,21,word,1052,2319,1368.838,-0.8572,40.566
0,15,3,Word,38,1615,181.964,-2.4450,40.358
0,15,5,cont,0,689,88.879,-7.7095,39.921
0,15,9,space,28,1031,0.912,9.2310,38.902
0,15,29,punct,36,1325,171.326,-2.4459,38.039
0,15,23,digit,0,3745,79.545,-7.5250,35.276
0,15,8,Word,77,2066,232.778,-1.7767,34.511
0,15,5,Word,0,689,77.630,-7.4868,34.356
0,15,0,punct,154,2638,341.101,-1.3340,32.958
0,15,9,Word,15,1031,116.164,-3.1035,32.775
0,15,3,punct,66,1615,208.824,-1.8489,32.672
0,15,1,punct,1,582,75.254,-5.8767,31.601
0,15,13,Word,80,2027,228.384,-1.6877,31.517
0,15,10,punct,97,243,31.421,2.1899,23.714
0,15,28,cont,76,1419,183.048,-1.4226,19.647
0,15,11,cont,0,344,44.375,-6.6907,19.144
0,15,31,cont,6,473,61.016,-3.4350,18.711
0,15,29,word,943,1325,782.109,0.8063,18.684
0,15,8,cont,139,2066,266.509,-1.0858,18.589
0,15,8,digit,0,2066,43.882,-6.5840,18.310
0,15,13,digit,1,2027,43.054,-4.9668,16.280
0,15,26,newline,0,2218,36.890,-6.3339,15.200
0,15,30,cont,2,319,41.150,-4.2489,14.640
0,15,15,newline,9,9,0.150,10.1563,14.523
0,15,26,Word,375,2218,249.904,0.7417,14.377
0,15,21,newline,1,2319,38.570,-4.8147,14.376
0,15,13,cont,150,2027,261.479,-0.9318,14.122
0,15,13,newline,0,2027,33.713,-6.1948,13.745
0,15,1,Word,133,582,65.574,1.2562,13.545
0,15,31,Word,8,473,53.293,-2.8181,13.541
0,15,11,Word,2,344,38.759,-4.1371,13.458
0,15,10,cont,0,243,31.346,-6.1849,13.149
0,15,2,punct,150,1980,256.020,-0.8968,12.956
0,15,25,digit,4,1970,41.843,-3.3294,12.199
0,15,0,newline,5,2638,43.875,-3.1286,12.187
0,15,23,word,2423,3745,2210.565,0.3907,12.155
0,15,28,digit,0,1419,30.140,-6.0114,12.069
0,15,7,cont,382,2085,268.960,0.6481,11.235
0,15,3,digit,2,1615,34.303,-3.8793,11.150
0,15,30,Word,3,319,35.942,-3.5361,11.120
0,15,26,digit,8,2218,47.111,-2.5840,10.837
0,15,13,punct,164,2027,262.097,-0.7911,10.654
0,15,21,punct,195,2319,299.854,-0.7343,10.644
0,15,2,newline,2,1980,32.932,-3.8300,10.625
0,15,10,Word,1,243,27.379,-4.3714,9.748
0,15,0,digit,15,2638,56.032,-1.9697,9.407
0,15,28,newline,0,1419,23.601,-5.6517,9.171
0,15,25,newline,4,1970,32.765,-2.9673,8.556
0,15,29,newline,0,1325,22.038,-5.5485,8.473
0,15,8,newline,6,2066,34.362,-2.5033,7.558
0,15,28,Word,95,1419,159.880,-0.8463,7.379
0,15,7,digit,12,2085,44.286,-1.9203,7.145
0,15,18,cont,60,870,112.228,-1.0095,6.938
0,15,26,cont,377,2218,286.117,0.5074,6.934
0,15,18,digit,0,870,18.479,-5.2803,6.885
0,15,18,Word,51,870,98.024,-1.0361,6.350
0,15,7,newline,9,2085,34.678,-1.9597,5.693
0,15,6,cont,234,2427,313.078,-0.5036,5.529
0,15,5,digit,0,689,14.635,-4.9357,5.214
0,15,18,newline,0,870,14.470,-4.9208,5.147
0,15,9,digit,3,1031,21.899,-2.7147,5.125
0,15,21,Word,335,2319,261.284,0.4480,4.894
0,15,21,digit,20,2319,49.256,-1.3498,4.826
0,15,1,digit,0,582,12.362,-4.6875,4.238
0,15,29,digit,8,1325,28.143,-1.7949,4.071
0,15,7,Word,298,2085,234.919,0.4249,3.928
0,15,22,punct,21,356,46.032,-1.2225,3.787
0,15,23,punct,405,3745,484.240,-0.3257,3.592
0,15,31,digit,0,473,10.047,-4.3836,3.261
0,15,0,cont,276,2638,340.296,-0.3670,3.247
0,15,1,newline,0,582,9.680,-4.3280,3.107
0,15,6,newline,19,2427,40.366,-1.1250,2.930
0,15,15,word,0,9,5.312,-4.7756,2.376
0,15,31,newline,0,473,7.867,-4.0242,2.360
0,15,22,digit,0,356,7.562,-3.9688,2.239
0,15,11,digit,0,344,7.307,-3.9188,2.138
0,15,30,digit,0,319,6.776,-3.8090,1.929
0,15,9,cont,101,1031,132.997,-0.4542,1.913
0,15,7,word,1296,2085,1230.715,0.2016,1.813
0,15,1,word,378,582,343.538,0.3679,1.711
0,15,3,newline,13,1615,26.861,-1.0456,1.700
0,15,26,word,1374,2218,1309.221,0.1887,1.680
0,15,22,newline,0,356,5.921,-3.6094,1.594
0,15,23,newline,43,3745,62.287,-0.5846,1.425
0,15,10,digit,0,243,5.161,-3.4137,1.314
0,15,0,Word,258,2638,297.226,-0.2445,1.284
0,15,2,cont,289,1980,255.416,0.2226,1.026
0,15,6,Word,241,2427,273.452,-0.2167,0.939
0,15,30,newline,1,319,5.306,-1.8575,0.722
0,15,23,cont,448,3745,483.097,-0.1385,0.666
0,15,29,Word,167,1325,149.289,0.1953,0.481
0,15,3,cont,190,1615,208.331,-0.1560,0.401
0,15,2,Word,237,1980,223.088,0.1077,0.231
0,15,12,word,5,12,7.083,-0.9745,0.211
0,15,6,digit,57,2427,51.550,0.1720,0.145
0,15,8,punct,257,2066,267.140,-0.0659,0.120
0,15,1,cont,70,582,75.077,-0.1087,0.095
0,15,22,cont,48,356,45.923,0.0868,0.028
0,15,5,newline,10,689,11.460,-0.1357,0.023
0,15,23,Word,426,3745,421.953,0.0188,0.015
0,15,29,cont,171,1325,170.922,0.0042,-0.000
