substrate,by,layer,head,excess,null_sd,z
GPT-2,tokclass,0,0,0.057863,0.00013138,440.44
GPT-2,tokclass,0,1,0.0535773,8.8032e-05,608.61
GPT-2,tokclass,0,2,0.0567835,0.00011773,482.31
GPT-2,tokclass,0,3,0.13038,5.3564e-05,2434.2
GPT-2,tokclass,0,4,0.0815953,0.00015938,511.95
GPT-2,tokclass,0,5,0.0538827,8.6494e-05,622.96
GPT-2,tokclass,0,6,0.136965,8.0634e-05,1698.6
GPT-2,tokclass,0,7,0.0815008,0.00015194,536.42
GPT-2,tokclass,0,8,0.110919,0.00010113,1096.7
GPT-2,tokclass,0,9,0.0825591,0.00013311,620.21
GPT-2,tokclass,0,10,0.0516456,4.4678e-05,1156
GPT-2,tokclass,0,11,0.0723071,0.00015785,458.08
GPT-2,tokclass,0,12,0.0831278,0.00015348,541.6
GPT-2,tokclass,0,13,0.0507124,4.6539e-05,1089.7
GPT-2,tokclass,0,14,0.060132,9.6223e-05,624.93
GPT-2,tokclass,0,15,0.148529,0.00015128,981.82
GPT-2,tokclass,0,16,0.0646118,8.9631e-05,720.86
GPT-2,tokclass,0,17,0.0722311,0.00010652,678.13
GPT-2,tokclass,0,18,0.0627127,4.6908e-05,1336.9
GPT-2,tokclass,0,19,0.0659575,0.00011051,596.86
GPT-2,tokclass,0,20,0.0916106,0.00022885,400.3
GPT-2,tokclass,0,21,0.0691169,6.5007e-05,1063.2
GPT-2,tokclass,0,22,0.0605987,7.5499e-05,802.65
GPT-2,tokclass,0,23,0.0932509,0.00012682,735.31
GPT-2,tokclass,0,24,0.0478259,0.00015746,303.74
GPT-2,tokclass,0,25,0.0605644,0.00010923,554.48
GPT-2,tokclass,0,26,0.058624,7.9968e-05,733.1
GPT-2,tokclass,0,27,0.0879104,8.6463e-05,1016.7
GPT-2,tokclass,0,28,0.10801,0.00017363,622.05
GPT-2,tokclass,0,29,0.0656327,0.00017004,385.97
GPT-2,tokclass,0,30,0.0667149,5.1965e-05,1283.8
GPT-2,tokclass,0,31,0.088093,0.00012535,702.8
GPT-2,tokclass,0,32,0.110006,7.2903e-05,1509
GPT-2,tokclass,0,33,0.0712404,0.00012274,580.41
GPT-2,tokclass,0,34,0.133398,8.5115e-05,1567.3
GPT-2,tokclass,0,35,0.0689382,6.1173e-05,1126.9
GPT-2,tokclass,0,36,0.0651446,6.6449e-05,980.37
GPT-2,tokclass,0,37,0.0816212,0.00011785,692.61
GPT-2,tokclass,0,38,0.0734409,0.00023476,312.83
GPT-2,tokclass,0,39,0.0613044,0.00017047,359.62
GPT-2,tokclass,0,40,0.096284,0.00010382,927.37
GPT-2,tokclass,0,41,0.0546697,0.00023851,229.21
GPT-2,tokclass,0,42,0.046101,0.0002151,214.33
GPT-2,tokclass,0,43,0.0717672,0.00011587,619.4
GPT-2,tokclass,0,44,0.112052,0.00012579,890.77
GPT-2,tokclass,0,45,0.106455,0.00011609,917.03
GPT-2,tokclass,0,46,0.0561485,0.00013017,431.33
GPT-2,tokclass,0,47,0.055992,9.4535e-05,592.28
GPT-2,tokclass,0,48,0.0830882,6.4219e-05,1293.8
GPT-2,tokclass,0,49,0.137436,0.00012667,1085
GPT-2,tokclass,0,50,0.106248,7.7745e-05,1366.6
GPT-2,tokclass,0,51,0.0520472,0.00010809,481.51
GPT-2,tokclass,0,52,0.0887015,0.00010842,818.1
GPT-2,tokclass,0,53,0.0723006,6.1207e-05,1181.3
GPT-2,tokclass,0,54,0.0595802,0.00015293,389.59
GPT-2,tokclass,0,55,0.0488677,9.6364e-05,507.12
GPT-2,tokclass,0,56,0.123507,9.0687e-05,1361.9
GPT-2,tokclass,0,57,0.0687636,0.00012749,539.35
GPT-2,tokclass,0,58,0.0717572,0.00014473,495.79
GPT-2,tokclass,0,59,0.114213,0.00018664,611.94
GPT-2,tokclass,0,60,0.107685,8.8906e-05,1211.2
GPT-2,tokclass,0,61,0.10197,0.0001307,780.22
GPT-2,tokclass,0,62,0.0815269,0.00016775,486.01
GPT-2,tokclass,0,63,0.0675127,0.00012204,553.2
GPT-2,tokclass,0,64,0.0973309,9.8161e-05,991.54
GPT-2,tokclass,0,65,0.11403,8.8656e-05,1286.2
GPT-2,tokclass,0,66,0.0595357,0.00016879,352.72
GPT-2,tokclass,0,67,0.0991461,0.00021738,456.13
GPT-2,tokclass,0,68,0.103023,8.1924e-05,1257.6
GPT-2,tokclass,0,69,0.0841197,8.0231e-05,1048.5
GPT-2,tokclass,0,70,0.0688193,0.0001519,453.05
GPT-2,tokclass,0,71,0.0973263,0.00012421,783.54
GPT-2,tokclass,0,72,0.0505603,6.8919e-05,733.62
GPT-2,tokclass,0,73,0.0801072,8.404e-05,953.2
GPT-2,tokclass,0,74,0.0837526,7.8095e-05,1072.4
GPT-2,tokclass,0,75,0.0672155,0.00010407,645.84
GPT-2,tokclass,1,0,0.0052125,4.8272e-05,107.98
GPT-2,tokclass,1,1,0.0042224,0.00019217,21.972
GPT-2,tokclass,1,2,0.0165384,6.0464e-05,273.53
GPT-2,tokclass,1,3,0.0030073,0.00011527,26.088
GPT-2,tokclass,1,4,0.0031204,0.00030599,10.198
GPT-2,tokclass,1,5,0.0033842,7.2623e-05,46.599
GPT-2,tokclass,1,6,0.0150929,0.00014832,101.75
GPT-2,tokclass,1,7,0.0043137,0.00010224,42.192
GPT-2,tokclass,1,8,0.0020795,0.00010085,20.62
GPT-2,tokclass,1,9,0.0050254,0.00022866,21.977
GPT-2,tokclass,1,10,0.0023538,0.00020819,11.306
GPT-2,tokclass,1,11,0.0049822,9.9848e-05,49.898
GPT-2,tokclass,1,12,0.0037724,0.00023664,15.942
GPT-2,tokclass,1,13,0.0045793,0.00013795,33.194
GPT-2,tokclass,1,14,0.0023616,0.00024042,9.8227
GPT-2,tokclass,1,15,0.0035418,7.9845e-05,44.358
GPT-2,tokclass,1,16,0.0028929,9.0979e-05,31.797
GPT-2,tokclass,1,17,0.0025412,0.00017451,14.562
GPT-2,tokclass,1,18,0.0041144,0.0002243,18.343
GPT-2,tokclass,1,19,0.0024394,0.00017798,13.706
GPT-2,tokclass,1,20,0.0023219,0.00014513,15.999
GPT-2,tokclass,1,21,0.0285509,0.00012159,234.82
GPT-2,tokclass,1,22,0.0023307,0.00016763,13.904
GPT-2,tokclass,1,23,0.0047663,0.00020862,22.847
GPT-2,tokclass,1,24,0.0048667,0.00018547,26.24
GPT-2,tokclass,1,25,0.0130867,0.0003619,36.161
GPT-2,tokclass,1,26,0.0030688,0.00011447,26.809
GPT-2,tokclass,1,27,0.0020651,0.0001805,11.441
GPT-2,tokclass,1,28,0.0023108,8.2574e-05,27.984
GPT-2,tokclass,1,29,0.0017205,0.00015368,11.195
GPT-2,tokclass,1,30,0.0018016,0.00030099,5.9855
GPT-2,tokclass,1,31,0.0042382,0.00018407,23.025
GPT-2,tokclass,1,32,0.004168,6.4954e-05,64.169
GPT-2,tokclass,1,33,0.0048118,0.00027413,17.553
GPT-2,tokclass,1,34,0.0069861,0.00028804,24.254
GPT-2,tokclass,1,35,0.0023572,0.00010087,23.37
GPT-2,tokclass,1,36,0.0027513,7.1082e-05,38.705
GPT-2,tokclass,1,37,0.0020107,0.00023218,8.6598
GPT-2,tokclass,1,38,0.0037395,0.00023238,16.092
GPT-2,tokclass,1,39,0.0042865,0.00015817,27.101
GPT-2,tokclass,1,40,0.0063207,7.6026e-05,83.139
GPT-2,tokclass,1,41,0.0040403,0.00026285,15.371
GPT-2,tokclass,1,42,0.0030344,0.0002064,14.702
GPT-2,tokclass,1,43,0.0045759,0.00022319,20.502
GPT-2,tokclass,1,44,0.0023894,0.00021879,10.921
GPT-2,tokclass,1,45,0.001519,0.00019214,7.9055
GPT-2,tokclass,1,46,0.0070919,0.00024179,29.331
GPT-2,tokclass,1,47,0.0038067,0.00016403,23.207
GPT-2,tokclass,1,48,0.0019361,0.00018829,10.283
GPT-2,tokclass,1,49,0.0076938,6.1314e-05,125.48
GPT-2,tokclass,1,50,0.0072461,0.00012544,57.767
GPT-2,tokclass,1,51,0.0028556,0.00021609,13.215
GPT-2,tokclass,1,52,0.0017275,0.00011426,15.119
GPT-2,tokclass,1,53,0.0023633,0.00012147,19.455
GPT-2,tokclass,1,54,0.0054615,0.00015095,36.18
GPT-2,tokclass,1,55,0.0043433,9.3551e-05,46.428
GPT-2,tokclass,1,56,0.0037856,0.00019103,19.817
GPT-2,tokclass,1,57,0.0067929,0.00016844,40.329
GPT-2,tokclass,1,58,0.0046672,0.00017924,26.039
GPT-2,tokclass,1,59,0.003079,0.000174,17.695
GPT-2,tokclass,1,60,0.0019031,0.00023967,7.9408
GPT-2,tokclass,1,61,0.0020909,0.00014587,14.334
GPT-2,tokclass,1,62,0.0022752,0.00019003,11.973
GPT-2,tokclass,1,63,0.0022529,0.00011609,19.406
GPT-2,tokclass,1,64,0.0047047,0.00012953,36.32
GPT-2,tokclass,1,65,0.0035767,0.00014426,24.793
GPT-2,tokclass,1,66,0.0032372,0.00023041,14.049
GPT-2,tokclass,1,67,0.0021162,0.00012503,16.925
GPT-2,tokclass,1,68,0.00329,0.00015831,20.781
GPT-2,tokclass,1,69,0.002808,0.00025044,11.212
GPT-2,tokclass,1,70,0.009419,0.00014541,64.777
GPT-2,tokclass,1,71,0.0052006,0.0001753,29.666
GPT-2,tokclass,1,72,0.0014357,0.00016185,8.8699
GPT-2,tokclass,1,73,0.011091,0.00017582,63.08
GPT-2,tokclass,1,74,0.0040395,0.00015492,26.074
GPT-2,tokclass,1,75,0.0027271,0.00016628,16.4
GPT-2,tokclass,2,0,0.0022003,6.6371e-05,33.152
GPT-2,tokclass,2,1,0.0019508,8.8955e-05,21.931
GPT-2,tokclass,2,2,0.0014906,9.1742e-05,16.249
GPT-2,tokclass,2,3,0.0008814,0.00015795,5.5806
GPT-2,tokclass,2,4,0.0017175,0.00012182,14.099
GPT-2,tokclass,2,5,0.0018179,0.00015542,11.696
GPT-2,tokclass,2,6,0.0014985,0.00011704,12.804
GPT-2,tokclass,2,7,0.0017027,0.00011456,14.862
GPT-2,tokclass,2,8,0.0018562,0.00011925,15.566
GPT-2,tokclass,2,9,0.0028449,9.5566e-05,29.77
GPT-2,tokclass,2,10,0.001973,9.5243e-05,20.716
GPT-2,tokclass,2,11,0.0015499,9.4959e-05,16.322
GPT-2,tokclass,2,12,0.0018019,0.00010142,17.766
GPT-2,tokclass,2,13,0.0017665,0.00012814,13.785
GPT-2,tokclass,2,14,0.001404,0.00018112,7.7514
GPT-2,tokclass,2,15,0.0015309,6.9289e-05,22.096
GPT-2,tokclass,2,16,0.002562,9.3597e-05,27.372
GPT-2,tokclass,2,17,0.0047096,0.00014252,33.046
GPT-2,tokclass,2,18,0.001259,9.6058e-05,13.107
GPT-2,tokclass,2,19,0.0018638,0.00012366,15.073
GPT-2,tokclass,2,20,0.0021647,0.00011376,19.029
GPT-2,tokclass,2,21,0.002581,0.00012706,20.312
GPT-2,tokclass,2,22,0.0014081,0.00010588,13.3
GPT-2,tokclass,2,23,0.002483,0.00017273,14.375
GPT-2,tokclass,2,24,0.0017583,0.0001492,11.784
GPT-2,tokclass,2,25,0.0027227,0.0001166,23.35
GPT-2,tokclass,2,26,0.0022681,8.3018e-05,27.321
GPT-2,tokclass,2,27,0.0016193,0.00017926,9.0332
GPT-2,tokclass,2,28,0.0007856,0.00017232,4.5588
GPT-2,tokclass,2,29,0.001596,0.00016779,9.5121
GPT-2,tokclass,2,30,0.0020641,0.00015474,13.339
GPT-2,tokclass,2,31,0.0013793,0.0001356,10.172
GPT-2,tokclass,2,32,0.0011723,0.00014576,8.0428
GPT-2,tokclass,2,33,0.0012638,0.00010528,12.005
GPT-2,tokclass,2,34,0.0020021,0.00021958,9.1177
GPT-2,tokclass,2,35,0.0015741,0.00014136,11.135
GPT-2,tokclass,2,36,0.0011241,7.6978e-05,14.604
GPT-2,tokclass,2,37,0.0018437,0.00010726,17.19
GPT-2,tokclass,2,38,0.0017516,8.9563e-05,19.557
GPT-2,tokclass,2,39,0.0022434,6.6463e-05,33.753
GPT-2,tokclass,2,40,0.0028427,0.00015719,18.084
GPT-2,tokclass,2,41,0.0014025,4.1973e-05,33.413
GPT-2,tokclass,2,42,0.0018158,0.00012285,14.78
GPT-2,tokclass,2,43,0.000665,0.00027088,2.4548
GPT-2,tokclass,2,44,0.0017919,0.00013135,13.642
GPT-2,tokclass,2,45,0.0025668,0.00014825,17.314
GPT-2,tokclass,2,46,0.0016936,0.00011336,14.94
GPT-2,tokclass,2,47,0.0015212,0.00012638,12.036
GPT-2,tokclass,2,48,0.0023887,0.00015347,15.564
GPT-2,tokclass,2,49,0.0014015,8.9912e-05,15.588
GPT-2,tokclass,2,50,0.0015306,0.00014256,10.737
GPT-2,tokclass,2,51,0.002454,8.6952e-05,28.223
GPT-2,tokclass,2,52,0.001759,0.00010905,16.13
GPT-2,tokclass,2,53,0.0022192,0.00011539,19.232
GPT-2,tokclass,2,54,0.0015898,0.00010295,15.443
GPT-2,tokclass,2,55,0.0013035,8.8768e-05,14.684
GPT-2,tokclass,2,56,0.0010279,0.00018104,5.6772
GPT-2,tokclass,2,57,0.0017401,0.00019709,8.8287
GPT-2,tokclass,2,58,0.0016195,0.00019839,8.1631
GPT-2,tokclass,2,59,0.0027035,0.00016854,16.041
GPT-2,tokclass,2,60,0.0023753,0.00014991,15.845
GPT-2,tokclass,2,61,0.0011821,0.00013121,9.0098
GPT-2,tokclass,2,62,0.0011947,0.00015456,7.729
GPT-2,tokclass,2,63,0.0022966,0.00016844,13.634
GPT-2,tokclass,2,64,0.0023495,6.8734e-05,34.182
GPT-2,tokclass,2,65,0.002139,7.7793e-05,27.495
GPT-2,tokclass,2,66,0.0012932,0.00021117,6.1241
GPT-2,tokclass,2,67,0.0021195,0.00021117,10.037
GPT-2,tokclass,2,68,0.0016443,9.6504e-05,17.039
GPT-2,tokclass,2,69,0.0013336,0.00018011,7.4047
GPT-2,tokclass,2,70,0.0018306,0.00018837,9.7183
GPT-2,tokclass,2,71,0.0020648,0.00016672,12.385
GPT-2,tokclass,2,72,0.0015525,0.00014553,10.668
GPT-2,tokclass,2,73,0.0011519,7.2766e-05,15.831
GPT-2,tokclass,2,74,0.0014435,0.00013382,10.787
GPT-2,tokclass,2,75,0.0014536,8.4653e-05,17.172
GPT-2,tokclass,3,0,0.0009105,0.00013487,6.7508
GPT-2,tokclass,3,1,0.0011335,7.3744e-05,15.37
GPT-2,tokclass,3,2,0.0012492,0.00016184,7.7192
GPT-2,tokclass,3,3,0.0015575,0.00016692,9.3309
GPT-2,tokclass,3,4,0.0012733,0.00012769,9.9721
GPT-2,tokclass,3,5,0.0012077,5.2319e-05,23.082
GPT-2,tokclass,3,6,0.0008265,8.6934e-05,9.508
GPT-2,tokclass,3,7,0.0012733,9.5667e-05,13.309
GPT-2,tokclass,3,8,0.0010384,0.00013171,7.8836
GPT-2,tokclass,3,9,0.001539,7.9527e-05,19.352
GPT-2,tokclass,3,10,0.001235,0.00018708,6.6014
GPT-2,tokclass,3,11,0.0016986,0.00014391,11.803
GPT-2,tokclass,3,12,0.0005717,0.00013308,4.2958
GPT-2,tokclass,3,13,0.0013857,8.2796e-05,16.736
GPT-2,tokclass,3,14,0.0010313,7.9911e-05,12.906
GPT-2,tokclass,3,15,0.0010312,0.00013802,7.4719
GPT-2,tokclass,3,16,0.0009255,0.00015487,5.9762
GPT-2,tokclass,3,17,0.0011569,8.5682e-05,13.502
GPT-2,tokclass,3,18,0.0013386,9.0929e-05,14.722
GPT-2,tokclass,3,19,0.0009014,0.00020142,4.4752
GPT-2,tokclass,3,20,0.0010093,5.2254e-05,19.314
GPT-2,tokclass,3,21,0.0011991,5.8918e-05,20.353
GPT-2,tokclass,3,22,0.0011911,0.00011111,10.72
GPT-2,tokclass,3,23,0.0012795,0.00010117,12.647
GPT-2,tokclass,3,24,0.0010287,8.3274e-05,12.354
GPT-2,tokclass,3,25,0.0009587,0.00013252,7.234
GPT-2,tokclass,3,26,0.0018775,0.00010525,17.838
GPT-2,tokclass,3,27,0.0007689,9.0339e-05,8.5114
GPT-2,tokclass,3,28,0.0008821,0.00018076,4.8796
GPT-2,tokclass,3,29,0.001158,7.491e-05,15.458
GPT-2,tokclass,3,30,0.001279,0.00017417,7.3433
GPT-2,tokclass,3,31,0.0014532,6.8506e-05,21.213
GPT-2,tokclass,3,32,0.0009391,0.00017732,5.2961
GPT-2,tokclass,3,33,0.0016281,3.9653e-05,41.057
GPT-2,tokclass,3,34,0.0010735,8.9195e-05,12.036
GPT-2,tokclass,3,35,0.0006167,0.00014647,4.2106
GPT-2,tokclass,3,36,0.0010239,0.00019643,5.2127
GPT-2,tokclass,3,37,0.0010074,0.00019206,5.2449
GPT-2,tokclass,3,38,0.0009593,0.0001723,5.5677
GPT-2,tokclass,3,39,0.0010026,5.8472e-05,17.148
GPT-2,tokclass,3,40,0.0009877,6.8512e-05,14.417
GPT-2,tokclass,3,41,0.0009592,0.00010428,9.1982
GPT-2,tokclass,3,42,0.001284,9.4074e-05,13.65
GPT-2,tokclass,3,43,0.001329,0.00018766,7.0819
GPT-2,tokclass,3,44,0.0013964,9.1032e-05,15.34
GPT-2,tokclass,3,45,0.0012222,0.00011103,11.008
GPT-2,tokclass,3,46,0.001103,8.809e-05,12.521
GPT-2,tokclass,3,47,0.0011788,7.0626e-05,16.691
GPT-2,tokclass,3,48,0.0012019,9.3254e-05,12.888
GPT-2,tokclass,3,49,0.0006938,0.00011589,5.9875
GPT-2,tokclass,3,50,0.0013187,0.00011809,11.167
GPT-2,tokclass,3,51,0.0012831,5.7484e-05,22.322
GPT-2,tokclass,3,52,0.0011689,0.00010631,10.995
GPT-2,tokclass,3,53,0.0014123,5.816e-05,24.283
GPT-2,tokclass,3,54,0.0017232,9.5309e-05,18.081
GPT-2,tokclass,3,55,0.0006934,0.0001483,4.6758
GPT-2,tokclass,3,56,0.0015741,9.9598e-05,15.805
GPT-2,tokclass,3,57,0.0009161,8.6551e-05,10.586
GPT-2,tokclass,3,58,0.0007993,0.00010008,7.9866
GPT-2,tokclass,3,59,0.0008435,0.00016084,5.2442
GPT-2,tokclass,3,60,0.0010137,5.953e-05,17.028
GPT-2,tokclass,3,61,-4.87e-05,0.00043376,-0.11221
GPT-2,tokclass,3,62,0.0011604,0.0001513,7.6699
GPT-2,tokclass,3,63,0.0011675,8.3416e-05,13.996
GPT-2,tokclass,3,64,0.0014447,0.00022706,6.3628
GPT-2,tokclass,3,65,0.0010841,0.0001758,6.1667
GPT-2,tokclass,3,66,0.0011827,7.6695e-05,15.42
GPT-2,tokclass,3,67,0.0011597,0.00013084,8.8634
GPT-2,tokclass,3,68,0.0006124,0.00011443,5.3515
GPT-2,tokclass,3,69,0.001342,0.00012362,10.856
GPT-2,tokclass,3,70,0.0014667,0.00013685,10.718
GPT-2,tokclass,3,71,0.0010085,0.00012197,8.2691
GPT-2,tokclass,3,72,0.0015456,6.9765e-05,22.155
GPT-2,tokclass,3,73,0.0012525,0.00015221,8.2285
GPT-2,tokclass,3,74,0.0009925,0.00013894,7.1431
GPT-2,tokclass,3,75,0.0008928,0.00016201,5.5109
GPT-2,tokclass,4,0,0.0007751,0.00013769,5.6296
GPT-2,tokclass,4,1,0.00140139,0.00010586,13.237
GPT-2,tokclass,4,2,0.0008579,0.00012326,6.9602
GPT-2,tokclass,4,3,0.0014391,0.00014621,9.8429
GPT-2,tokclass,4,4,0.0010944,0.0001515,7.2237
GPT-2,tokclass,4,5,0.0011849,0.00016941,6.9946
GPT-2,tokclass,4,6,0.0012829,0.00014137,9.0749
GPT-2,tokclass,4,7,0.0005146,0.00011597,4.437
GPT-2,tokclass,4,8,0.0010087,7.3913e-05,13.648
GPT-2,tokclass,4,9,0.0007915,0.00010005,7.9112
GPT-2,tokclass,4,10,0.000964,9.2995e-05,10.366
GPT-2,tokclass,4,11,0.0007149,0.00016238,4.4028
GPT-2,tokclass,4,12,0.0006992,8.0642e-05,8.6708
GPT-2,tokclass,4,13,0.0009987,0.00012675,7.8792
GPT-2,tokclass,4,14,0.0010314,0.00012924,7.9799
GPT-2,tokclass,4,15,0.0012338,0.00010532,11.714
GPT-2,tokclass,4,16,0.000563,0.00011969,4.7041
GPT-2,tokclass,4,17,0.0002999,0.00017481,1.7154
GPT-2,tokclass,4,18,0.0007288,0.00013053,5.5836
GPT-2,tokclass,4,19,0.0007048,0.0001738,4.0553
GPT-2,tokclass,4,20,0.0011702,0.00020452,5.7216
GPT-2,tokclass,4,21,0.0004269,0.00016427,2.5988
GPT-2,tokclass,4,22,0.0008172,0.00010672,7.6583
GPT-2,tokclass,4,23,0.0004922,0.0001022,4.8156
GPT-2,tokclass,4,24,0.0012123,0.00014936,8.1169
GPT-2,tokclass,4,25,0.00083155,0.00017778,4.6777
GPT-2,tokclass,4,26,0.0010091,0.0001726,5.8466
GPT-2,tokclass,4,27,0.0004956,0.00010229,4.8452
GPT-2,tokclass,4,28,0.0014774,0.00013605,10.859
GPT-2,tokclass,4,29,0.0012213,0.00010766,11.345
GPT-2,tokclass,4,30,0.0004723,0.00012284,3.8448
GPT-2,tokclass,4,31,0.0003869,8.7804e-05,4.407
GPT-2,tokclass,4,32,0.0008494,9.5334e-05,8.9097
GPT-2,tokclass,4,33,0.000449,0.00011737,3.8248
GPT-2,tokclass,4,34,0.0007198,0.00020979,3.431
GPT-2,tokclass,4,35,0.0007123,0.00016457,4.3279
GPT-2,tokclass,4,36,0.00076089,0.00013863,5.4883
GPT-2,tokclass,4,37,0.0012699,7.2345e-05,17.554
GPT-2,tokclass,4,38,0.0004844,6.3153e-05,7.6703
GPT-2,tokclass,4,39,0.0010794,8.5607e-05,12.609
GPT-2,tokclass,4,40,0.0009979,0.00012876,7.7502
GPT-2,tokclass,4,41,0.0007523,0.0001172,6.4189
GPT-2,tokclass,4,42,0.0012357,8.3267e-05,14.84
GPT-2,tokclass,4,43,0.0016497,0.0001315,12.545
GPT-2,tokclass,4,44,0.0011921,0.00011951,9.9743
GPT-2,tokclass,4,45,0.0013476,0.00020958,6.43
GPT-2,tokclass,4,46,0.0010019,0.00011428,8.7671
GPT-2,tokclass,4,47,0.0005043,0.00013035,3.8684
GPT-2,tokclass,4,48,0.0006463,5.9354e-05,10.888
GPT-2,tokclass,4,49,0.0010956,0.00012706,8.6227
GPT-2,tokclass,4,50,0.00077037,0.0001014,7.5977
GPT-2,tokclass,4,51,0.0008193,0.00019681,4.1628
GPT-2,tokclass,4,52,0.0004816,0.00011793,4.0836
GPT-2,tokclass,4,53,0.00127091,0.00014024,9.0623
GPT-2,tokclass,4,54,0.0006174,9.1037e-05,6.7822
GPT-2,tokclass,4,55,0.0009171,0.00011438,8.0184
GPT-2,tokclass,4,56,0.000553,0.0001341,4.1238
GPT-2,tokclass,4,57,0.0012444,8.4056e-05,14.804
GPT-2,tokclass,4,58,0.0009081,0.00011818,7.6844
GPT-2,tokclass,4,59,0.001008,0.00024494,4.1149
GPT-2,tokclass,4,60,0.0009349,0.00015409,6.0672
GPT-2,tokclass,4,61,0.0008194,4.0079e-05,20.443
GPT-2,tokclass,4,62,0.0011118,6.0371e-05,18.416
GPT-2,tokclass,4,63,0.0010888,9.769e-05,11.145
GPT-2,tokclass,4,64,0.00046887,0.0001057,4.4363
GPT-2,tokclass,4,65,0.00071566,0.00015794,4.5313
GPT-2,tokclass,4,66,0.0008861,0.00010868,8.1532
GPT-2,tokclass,4,67,0.0010545,9.3267e-05,11.306
GPT-2,tokclass,4,68,0.0009471,0.0001128,8.3958
GPT-2,tokclass,4,69,0.0007803,7.223e-05,10.803
GPT-2,tokclass,4,70,0.00085301,0.00016369,5.2115
GPT-2,tokclass,4,71,0.0007542,0.00010662,7.0729
GPT-2,tokclass,4,72,0.0013468,0.00019435,6.93
GPT-2,tokclass,4,73,0.0014763,0.00011688,12.632
GPT-2,tokclass,4,74,0.0010154,0.00015966,6.3599
GPT-2,tokclass,4,75,0.0007678,8.2458e-05,9.3118
GPT-2,pos,0,0,0.00534943,9.1471e-05,58.482
GPT-2,pos,0,1,0.00359812,0.00013147,27.368
GPT-2,pos,0,2,0.00552928,0.00015027,36.796
GPT-2,pos,0,3,0.00637273,0.0001621,39.313
GPT-2,pos,0,4,0.0158185,0.00016878,93.724
GPT-2,pos,0,5,0.0041241,0.00015854,26.012
GPT-2,pos,0,6,0.00833552,6.6677e-05,125.01
GPT-2,pos,0,7,0.0381944,0.00019764,193.25
GPT-2,pos,0,8,0.0369122,0.00014223,259.52
GPT-2,pos,0,9,0.0515529,0.00013292,387.85
GPT-2,pos,0,10,0.00537908,0.00011985,44.881
GPT-2,pos,0,11,0.0129551,0.00019144,67.675
GPT-2,pos,0,12,0.0119119,3.9767e-05,299.55
GPT-2,pos,0,13,0.0052321,8.1937e-05,63.856
GPT-2,pos,0,14,0.00543044,7.918e-05,68.583
GPT-2,pos,0,15,0.0155705,7.1869e-05,216.65
GPT-2,pos,0,16,0.00664587,0.00015251,43.577
GPT-2,pos,0,17,0.00702112,7.61e-05,92.261
GPT-2,pos,0,18,0.00607485,6.6069e-05,91.946
GPT-2,pos,0,19,0.00845404,8.0397e-05,105.15
GPT-2,pos,0,20,0.0165268,7.5192e-05,219.79
GPT-2,pos,0,21,0.0114508,0.00017182,66.643
GPT-2,pos,0,22,0.0079896,0.00011957,66.819
GPT-2,pos,0,23,0.0126702,9.4924e-05,133.48
GPT-2,pos,0,24,0.0109797,3.4848e-05,315.08
GPT-2,pos,0,25,0.00508919,0.00011982,42.475
GPT-2,pos,0,26,0.00854286,0.00010588,80.687
GPT-2,pos,0,27,0.0132399,3.6207e-05,365.67
GPT-2,pos,0,28,0.00630898,9.1529e-05,68.928
GPT-2,pos,0,29,0.0042411,7.7865e-05,54.468
GPT-2,pos,0,30,0.00335781,0.00014783,22.714
GPT-2,pos,0,31,0.0328213,0.00013923,235.73
GPT-2,pos,0,32,0.00621164,0.00015834,39.23
GPT-2,pos,0,33,0.0144633,0.00014671,98.588
GPT-2,pos,0,34,0.00756659,0.00011704,64.648
GPT-2,pos,0,35,0.00460691,0.0001019,45.21
GPT-2,pos,0,36,0.0270871,0.0001125,240.76
GPT-2,pos,0,37,0.00657296,0.00013198,49.801
GPT-2,pos,0,38,0.0054208,0.00011217,48.325
GPT-2,pos,0,39,0.0124798,0.0001059,117.85
GPT-2,pos,0,40,0.0222136,0.00012234,181.57
GPT-2,pos,0,41,0.00879942,0.00017712,49.679
GPT-2,pos,0,42,0.0482989,0.0001079,447.61
GPT-2,pos,0,43,0.00660958,0.00016583,39.857
GPT-2,pos,0,44,0.0139977,8.9504e-05,156.39
GPT-2,pos,0,45,0.00648182,9.2782e-05,69.86
GPT-2,pos,0,46,0.00944051,0.00013422,70.34
GPT-2,pos,0,47,0.0101132,0.00010517,96.155
GPT-2,pos,0,48,0.00481504,0.00011492,41.9
GPT-2,pos,0,49,0.00873929,0.00015032,58.139
GPT-2,pos,0,50,0.00767244,6.3889e-05,120.09
GPT-2,pos,0,51,0.0461764,0.00010941,422.06
GPT-2,pos,0,52,0.010715,0.0001691,63.364
GPT-2,pos,0,53,0.0112157,0.00014767,75.949
GPT-2,pos,0,54,0.0121918,5.4093e-05,225.38
GPT-2,pos,0,55,0.015093,8.77e-05,172.1
GPT-2,pos,0,56,0.0185907,8.3073e-05,223.78
GPT-2,pos,0,57,0.00412262,5.7745e-05,71.394
GPT-2,pos,0,58,0.104864,6.1035e-05,1718.1
GPT-2,pos,0,59,0.0161536,0.0001013,159.45
GPT-2,pos,0,60,0.0083834,5.4445e-05,153.98
GPT-2,pos,0,61,0.00612575,0.00010966,55.859
GPT-2,pos,0,62,0.0280668,7.848e-05,357.62
GPT-2,pos,0,63,0.00456581,3.0127e-05,151.55
GPT-2,pos,0,64,0.00419688,5.5288e-05,75.91
GPT-2,pos,0,65,0.0147523,9.5275e-05,154.84
GPT-2,pos,0,66,0.0177584,9.6206e-05,184.59
GPT-2,pos,0,67,0.006542,8.8075e-05,74.278
GPT-2,pos,0,68,0.00496881,0.00014102,35.235
GPT-2,pos,0,69,0.00683645,0.00012798,53.419
GPT-2,pos,0,70,0.0151367,0.00017045,88.804
GPT-2,pos,0,71,0.0208664,9.7521e-05,213.97
GPT-2,pos,0,72,0.00565224,0.00014408,39.23
GPT-2,pos,0,73,0.00628572,9.8748e-05,63.654
GPT-2,pos,0,74,0.0182454,0.00021148,86.279
GPT-2,pos,0,75,0.0479929,0.00016116,297.8
GPT-2,pos,1,0,0.002996,0.00019653,15.245
GPT-2,pos,1,1,0.002608,0.00014283,18.26
GPT-2,pos,1,2,0.002792,0.00014481,19.281
GPT-2,pos,1,3,0.0026363,0.00020115,13.106
GPT-2,pos,1,4,0.0048072,0.00016101,29.855
GPT-2,pos,1,5,0.00545189,0.00010553,51.66
GPT-2,pos,1,6,0.002978,0.00017585,16.935
GPT-2,pos,1,7,0.0015447,0.00010471,14.752
GPT-2,pos,1,8,0.0030957,6.0076e-05,51.53
GPT-2,pos,1,9,0.0049905,0.00015381,32.445
GPT-2,pos,1,10,0.0026493,8.2578e-05,32.082
GPT-2,pos,1,11,0.004218,0.00023998,17.577
GPT-2,pos,1,12,0.0041368,6.3083e-05,65.576
GPT-2,pos,1,13,0.0041069,7.9014e-05,51.977
GPT-2,pos,1,14,0.0031845,0.00021035,15.139
GPT-2,pos,1,15,0.0035862,0.00013456,26.65
GPT-2,pos,1,16,0.0024748,7.7787e-05,31.815
GPT-2,pos,1,17,0.0005315,0.00013559,3.9203
GPT-2,pos,1,18,0.0026387,0.00010199,25.872
GPT-2,pos,1,19,0.0030074,0.00020466,14.695
GPT-2,pos,1,20,0.0024445,0.00016371,14.932
GPT-2,pos,1,21,0.0028985,8.0461e-05,36.023
GPT-2,pos,1,22,0.0057296,0.00012079,47.436
GPT-2,pos,1,23,0.0033676,0.00018531,18.173
GPT-2,pos,1,24,0.0039535,9.3982e-05,42.067
GPT-2,pos,1,25,0.0036135,0.00016513,21.883
GPT-2,pos,1,26,0.006274,0.00014674,42.757
GPT-2,pos,1,27,0.0045948,0.00013182,34.858
GPT-2,pos,1,28,0.0032684,0.00017373,18.813
GPT-2,pos,1,29,0.0015803,0.00011935,13.241
GPT-2,pos,1,30,0.0028104,0.00022416,12.538
GPT-2,pos,1,31,0.0066415,0.00017108,38.822
GPT-2,pos,1,32,0.0022691,0.00011246,20.177
GPT-2,pos,1,33,0.0019911,8.9597e-05,22.223
GPT-2,pos,1,34,0.0014037,0.00023185,6.0542
GPT-2,pos,1,35,0.0018903,0.00016931,11.165
GPT-2,pos,1,36,0.0037886,9.3401e-05,40.563
GPT-2,pos,1,37,0.0067276,9.1127e-05,73.828
GPT-2,pos,1,38,0.0021208,0.00013544,15.658
GPT-2,pos,1,39,0.0026574,0.00011305,23.507
GPT-2,pos,1,40,0.0042185,0.00010159,41.525
GPT-2,pos,1,41,0.0041767,6.4918e-05,64.339
GPT-2,pos,1,42,0.0056541,0.00015675,36.07
GPT-2,pos,1,43,0.0021962,0.00016463,13.341
GPT-2,pos,1,44,0.0038386,0.00010765,35.658
GPT-2,pos,1,45,0.002416,0.00025374,9.5215
GPT-2,pos,1,46,0.0007771,0.00014442,5.3806
GPT-2,pos,1,47,0.0030424,0.00017099,17.792
GPT-2,pos,1,48,0.0032973,0.00014056,23.458
GPT-2,pos,1,49,0.0107949,0.0001456,74.143
GPT-2,pos,1,50,0.00364644,0.00012473,29.234
GPT-2,pos,1,51,0.006287,0.00019469,32.293
GPT-2,pos,1,52,0.0034058,0.0002169,15.702
GPT-2,pos,1,53,0.0031317,0.00015678,19.975
GPT-2,pos,1,54,0.00223,0.0001396,15.974
GPT-2,pos,1,55,0.0033527,7.4351e-05,45.092
GPT-2,pos,1,56,0.0030735,8.7291e-05,35.21
GPT-2,pos,1,57,0.0030448,0.00011746,25.922
GPT-2,pos,1,58,0.0028367,0.00015129,18.75
GPT-2,pos,1,59,0.0024069,9.7235e-05,24.754
GPT-2,pos,1,60,0.0027836,0.00010372,26.839
GPT-2,pos,1,61,0.0017228,0.00015734,10.95
GPT-2,pos,1,62,0.0036655,0.00019169,19.122
GPT-2,pos,1,63,0.0081452,0.00014952,54.477
GPT-2,pos,1,64,0.0014769,6.8164e-05,21.666
GPT-2,pos,1,65,0.0018801,5.2075e-05,36.104
GPT-2,pos,1,66,0.003502,0.00017466,20.05
GPT-2,pos,1,67,0.0020402,0.00016068,12.697
GPT-2,pos,1,68,0.0037161,0.00019751,18.815
GPT-2,pos,1,69,0.0042884,0.0001658,25.865
GPT-2,pos,1,70,0.00203014,0.00011956,16.98
GPT-2,pos,1,71,0.0027559,0.00013131,20.988
GPT-2,pos,1,72,0.0034364,0.00024774,13.871
GPT-2,pos,1,73,0.0038913,0.00021003,18.528
GPT-2,pos,1,74,0.0023679,0.00015028,15.756
GPT-2,pos,1,75,0.0029885,0.00011411,26.19
GPT-2,pos,2,0,0.00092833,0.00014572,6.371
GPT-2,pos,2,1,0.00181743,5.4895e-05,33.107
GPT-2,pos,2,2,0.00093442,7.5691e-05,12.345
GPT-2,pos,2,3,0.0012843,0.00019806,6.4843
GPT-2,pos,2,4,0.00179013,0.00015711,11.394
GPT-2,pos,2,5,0.00165631,7.8171e-05,21.188
GPT-2,pos,2,6,0.0011143,0.00015396,7.2374
GPT-2,pos,2,7,0.0009221,0.00012892,7.1522
GPT-2,pos,2,8,0.0014274,0.00012231,11.67
GPT-2,pos,2,9,0.00098385,0.0001791,5.4934
GPT-2,pos,2,10,0.00180561,7.4336e-05,24.29
GPT-2,pos,2,11,0.00149954,0.00012376,12.116
GPT-2,pos,2,12,0.00189027,4.976e-05,37.988
GPT-2,pos,2,13,0.001301,0.00013199,9.8567
GPT-2,pos,2,14,0.0012799,0.00014029,9.1235
GPT-2,pos,2,15,0.001954,0.00016486,11.853
GPT-2,pos,2,16,0.00114767,6.704e-05,17.12
GPT-2,pos,2,17,0.0023499,0.00011743,20.012
GPT-2,pos,2,18,0.0005506,0.00013825,3.9825
GPT-2,pos,2,19,0.001015,0.00013978,7.2614
GPT-2,pos,2,20,0.0022121,7.2169e-05,30.652
GPT-2,pos,2,21,0.0013816,0.00013955,9.9005
GPT-2,pos,2,22,0.0025259,0.0001776,14.223
GPT-2,pos,2,23,0.00157062,4.2106e-05,37.302
GPT-2,pos,2,24,0.00133142,7.6326e-05,17.443
GPT-2,pos,2,25,0.00167893,0.00011598,14.476
GPT-2,pos,2,26,0.00165172,7.6665e-05,21.545
GPT-2,pos,2,27,0.00182622,0.0001327,13.762
GPT-2,pos,2,28,0.0017288,0.00011436,15.117
GPT-2,pos,2,29,0.00218615,7.3436e-05,29.77
GPT-2,pos,2,30,0.0017569,0.00016986,10.344
GPT-2,pos,2,31,0.0011999,0.00016864,7.1149
GPT-2,pos,2,32,0.00110619,0.00017885,6.1849
GPT-2,pos,2,33,0.0026541,5.4367e-05,48.819
GPT-2,pos,2,34,0.00150009,0.00011473,13.075
GPT-2,pos,2,35,0.0010538,7.8995e-05,13.34
GPT-2,pos,2,36,0.0007816,0.00010341,7.5582
GPT-2,pos,2,37,0.00146445,0.00018867,7.762
GPT-2,pos,2,38,0.000951,4.2336e-05,22.464
GPT-2,pos,2,39,0.00178832,8.9042e-05,20.084
GPT-2,pos,2,40,0.0010648,9.8433e-05,10.818
GPT-2,pos,2,41,0.00180616,0.00014545,12.418
GPT-2,pos,2,42,0.0014423,3.5444e-05,40.691
GPT-2,pos,2,43,0.000705,5.6316e-05,12.519
GPT-2,pos,2,44,0.0013687,0.00017761,7.706
GPT-2,pos,2,45,0.00196491,0.00014583,13.474
GPT-2,pos,2,46,0.0013004,0.00014383,9.0408
GPT-2,pos,2,47,0.00089936,6.1522e-05,14.618
GPT-2,pos,2,48,0.0023442,0.00017303,13.548
GPT-2,pos,2,49,0.0006167,0.00021149,2.9157
GPT-2,pos,2,50,0.0011979,0.00011699,10.239
GPT-2,pos,2,51,0.00161957,0.00011922,13.585
GPT-2,pos,2,52,0.0013496,7.7303e-05,17.459
GPT-2,pos,2,53,0.00118896,8.792e-05,13.523
GPT-2,pos,2,54,0.00113592,0.00018091,6.2786
GPT-2,pos,2,55,0.00101393,0.00013596,7.4574
GPT-2,pos,2,56,0.0010024,0.00010586,9.469
GPT-2,pos,2,57,0.0016104,0.00013456,11.968
GPT-2,pos,2,58,0.00139988,6.846e-05,20.448
GPT-2,pos,2,59,0.00119604,0.00020518,5.8294
GPT-2,pos,2,60,0.00128004,0.00011889,10.766
GPT-2,pos,2,61,0.001097,0.00017635,6.2202
GPT-2,pos,2,62,0.00172813,0.00014738,11.725
GPT-2,pos,2,63,0.0012554,7.3448e-05,17.093
GPT-2,pos,2,64,0.0012323,0.0001407,8.7585
GPT-2,pos,2,65,0.00140393,9.8895e-05,14.196
GPT-2,pos,2,66,0.0023238,0.00014111,16.468
GPT-2,pos,2,67,0.00110035,0.00027415,4.0136
GPT-2,pos,2,68,0.00135395,9.5655e-05,14.155
GPT-2,pos,2,69,0.00183697,0.00012702,14.462
GPT-2,pos,2,70,0.00183217,0.00010309,17.773
GPT-2,pos,2,71,0.00169423,9.649e-05,17.559
GPT-2,pos,2,72,0.0008793,6.6667e-05,13.189
GPT-2,pos,2,73,0.00229902,9.1067e-05,25.246
GPT-2,pos,2,74,0.00063849,0.00016191,3.9438
GPT-2,pos,2,75,0.0013344,0.00018045,7.3946
GPT-2,pos,3,0,0.00083947,2.632e-05,31.894
GPT-2,pos,3,1,0.00141362,6.7179e-05,21.042
GPT-2,pos,3,2,0.00128373,6.529e-05,19.662
GPT-2,pos,3,3,0.00091672,8.207e-05,11.17
GPT-2,pos,3,4,0.00058335,0.00010435,5.5903
GPT-2,pos,3,5,0.0009658,0.00015059,6.4138
GPT-2,pos,3,6,0.00097236,0.00013313,7.3039
GPT-2,pos,3,7,0.00114526,8.1309e-05,14.085
GPT-2,pos,3,8,0.0012795,7.3369e-05,17.439
GPT-2,pos,3,9,0.00074078,0.00012411,5.9687
GPT-2,pos,3,10,0.00114448,9.6624e-05,11.845
GPT-2,pos,3,11,0.00064235,5.8217e-05,11.033
GPT-2,pos,3,12,0.00135286,0.0001152,11.743
GPT-2,pos,3,13,0.00060266,0.00017384,3.4668
GPT-2,pos,3,14,0.00100839,0.0001623,6.2132
GPT-2,pos,3,15,0.0008197,8.1654e-05,10.039
GPT-2,pos,3,16,0.00116785,0.00012336,9.4675
GPT-2,pos,3,17,0.0005783,5.8415e-05,9.8993
GPT-2,pos,3,18,0.00060598,9.0128e-05,6.724
GPT-2,pos,3,19,0.00066975,7.8506e-05,8.5311
GPT-2,pos,3,20,0.00058736,0.00011107,5.2882
GPT-2,pos,3,21,0.00136431,0.00016702,8.169
GPT-2,pos,3,22,0.00129084,0.00013235,9.7529
GPT-2,pos,3,23,0.0004443,0.00013319,3.3357
GPT-2,pos,3,24,0.00108245,0.0001706,6.3448
GPT-2,pos,3,25,0.00105432,0.00012315,8.5609
GPT-2,pos,3,26,0.00097629,7.0533e-05,13.841
GPT-2,pos,3,27,0.00112003,9.0038e-05,12.439
GPT-2,pos,3,28,0.0016448,0.00010642,15.457
GPT-2,pos,3,29,0.00117401,7.2112e-05,16.28
GPT-2,pos,3,30,0.00064748,5.3222e-05,12.166
GPT-2,pos,3,31,0.00128527,0.00011941,10.763
GPT-2,pos,3,32,0.00092567,0.00016767,5.5204
GPT-2,pos,3,33,0.00118544,0.00011226,10.56
GPT-2,pos,3,34,0.00072587,0.00014305,5.074
GPT-2,pos,3,35,0.00130841,8.5721e-05,15.263
GPT-2,pos,3,36,0.0011577,8.1907e-05,14.134
GPT-2,pos,3,37,0.0006923,0.00011436,6.0536
GPT-2,pos,3,38,0.0010191,0.000168,6.0657
GPT-2,pos,3,39,0.00183568,8.3058e-05,22.101
GPT-2,pos,3,40,0.00134212,0.00017323,7.7475
GPT-2,pos,3,41,0.00114203,0.00014415,7.9225
GPT-2,pos,3,42,0.00116012,9.9886e-05,11.614
GPT-2,pos,3,43,0.00060757,8.4333e-05,7.2039
GPT-2,pos,3,44,0.00115278,0.00011604,9.9347
GPT-2,pos,3,45,0.00109398,0.00011101,9.8547
GPT-2,pos,3,46,0.00116252,7.6534e-05,15.19
GPT-2,pos,3,47,0.00125134,0.00013177,9.4962
GPT-2,pos,3,48,0.00110438,9.5205e-05,11.6
GPT-2,pos,3,49,0.00072773,0.0001561,4.6621
GPT-2,pos,3,50,0.00082949,0.00010438,7.9474
GPT-2,pos,3,51,0.00109277,0.00016767,6.5172
GPT-2,pos,3,52,0.00111571,8.864e-05,12.587
GPT-2,pos,3,53,0.00069199,5.4892e-05,12.606
GPT-2,pos,3,54,0.00045987,0.00011703,3.9292
GPT-2,pos,3,55,0.0011532,9.9956e-05,11.537
GPT-2,pos,3,56,0.0006272,0.00021076,2.9762
GPT-2,pos,3,57,0.00136507,0.00011361,12.015
GPT-2,pos,3,58,0.00141971,7.3733e-05,19.254
GPT-2,pos,3,59,0.00062435,9.4778e-05,6.5872
GPT-2,pos,3,60,0.00097404,5.878e-05,16.57
GPT-2,pos,3,61,0.0005642,0.00018703,3.0169
GPT-2,pos,3,62,0.00106184,9.2066e-05,11.533
GPT-2,pos,3,63,0.0010654,0.00011814,9.0179
GPT-2,pos,3,64,0.00083135,0.00014813,5.6122
GPT-2,pos,3,65,0.00116703,0.00013663,8.5418
GPT-2,pos,3,66,0.00115785,0.00019143,6.0483
GPT-2,pos,3,67,0.00130564,0.00014889,8.7691
GPT-2,pos,3,68,0.00082281,7.5402e-05,10.913
GPT-2,pos,3,69,0.0016499,0.00020429,8.0765
GPT-2,pos,3,70,0.00083303,0.00017036,4.8899
GPT-2,pos,3,71,0.00151573,9.6964e-05,15.632
GPT-2,pos,3,72,0.00113274,0.00010952,10.342
GPT-2,pos,3,73,0.00080299,0.00016238,4.945
GPT-2,pos,3,74,0.00141693,0.00016653,8.5088
GPT-2,pos,3,75,0.00134452,9.5743e-05,14.043
GPT-2,pos,4,0,0.00038371,0.00013153,2.9172
GPT-2,pos,4,1,0.00092464,5.1241e-05,18.044
GPT-2,pos,4,2,0.00121836,7.0178e-05,17.36
GPT-2,pos,4,3,0.00034289,0.00012668,2.7069
GPT-2,pos,4,4,0.0002631,0.00010277,2.5604
GPT-2,pos,4,5,0.00107171,0.00011924,8.9883
GPT-2,pos,4,6,0.00113633,7.2668e-05,15.637
GPT-2,pos,4,7,0.0009893,3.1464e-05,31.441
GPT-2,pos,4,8,0.00121457,0.00011276,10.772
GPT-2,pos,4,9,0.00062505,0.00020271,3.0833
GPT-2,pos,4,10,0.00077673,8.8632e-05,8.763
GPT-2,pos,4,11,0.00069965,6.0658e-05,11.534
GPT-2,pos,4,12,0.00098767,0.00013176,7.4956
GPT-2,pos,4,13,0.00082079,0.00021633,3.7943
GPT-2,pos,4,14,0.00098001,0.00016354,5.9923
GPT-2,pos,4,15,0.00082351,5.946e-05,13.85
GPT-2,pos,4,16,0.000791,0.00014977,5.2818
GPT-2,pos,4,17,0.00126872,4.9746e-05,25.505
GPT-2,pos,4,18,0.00045909,0.00014334,3.2027
GPT-2,pos,4,19,0.00085343,8.2014e-05,10.406
GPT-2,pos,4,20,0.0005979,6.2917e-05,9.5035
GPT-2,pos,4,21,0.00095145,0.00012704,7.4895
GPT-2,pos,4,22,0.00074146,6.417e-05,11.554
GPT-2,pos,4,23,0.00034725,0.00013365,2.5983
GPT-2,pos,4,24,0.00072865,8.011e-05,9.0955
GPT-2,pos,4,25,0.00149299,0.00016037,9.3095
GPT-2,pos,4,26,0.00064812,0.00018528,3.498
GPT-2,pos,4,27,0.0006595,0.00016416,4.0173
GPT-2,pos,4,28,0.00089575,0.00012346,7.255
GPT-2,pos,4,29,0.0006402,0.00011975,5.3461
GPT-2,pos,4,30,0.00094851,0.00015749,6.023
GPT-2,pos,4,31,0.00046528,0.00010418,4.466
GPT-2,pos,4,32,0.00060965,0.00022964,2.6547
GPT-2,pos,4,33,0.00058201,5.0868e-05,11.442
GPT-2,pos,4,34,0.00051082,0.00012769,4.0004
GPT-2,pos,4,35,0.00032638,0.00010994,2.9687
GPT-2,pos,4,36,0.00079201,0.00010481,7.5561
GPT-2,pos,4,37,0.00083711,0.00014938,5.6043
GPT-2,pos,4,38,0.00059392,6.7371e-05,8.8156
GPT-2,pos,4,39,0.00070442,0.00013252,5.3155
GPT-2,pos,4,40,0.00054375,9.3431e-05,5.8196
GPT-2,pos,4,41,0.00105644,0.00014234,7.4218
GPT-2,pos,4,42,0.00108283,5.1035e-05,21.218
GPT-2,pos,4,43,0.00090209,0.0001258,7.171
GPT-2,pos,4,44,0.00077399,0.00012375,6.2544
GPT-2,pos,4,45,0.00177945,0.00013229,13.452
GPT-2,pos,4,46,0.00091101,0.00011859,7.6825
GPT-2,pos,4,47,0.0005642,9.9141e-05,5.6911
GPT-2,pos,4,48,0.00085695,8.7425e-05,9.8026
GPT-2,pos,4,49,0.00129203,6.057e-05,21.332
GPT-2,pos,4,50,0.000577,0.00013619,4.2367
GPT-2,pos,4,51,0.00073634,0.0001503,4.8996
GPT-2,pos,4,52,0.00083703,1.8831e-05,44.45
GPT-2,pos,4,53,0.00091936,0.00015019,6.1213
GPT-2,pos,4,54,0.00041931,6.7979e-05,6.1687
GPT-2,pos,4,55,0.00090239,6.6444e-05,13.581
GPT-2,pos,4,56,0.00075948,8.8143e-05,8.616
GPT-2,pos,4,57,0.00082495,9.5615e-05,8.6277
GPT-2,pos,4,58,0.00052454,6.4528e-05,8.1282
GPT-2,pos,4,59,0.00147714,8.1139e-05,18.205
GPT-2,pos,4,60,0.0007528,0.00013296,5.6619
GPT-2,pos,4,61,0.00042316,0.00017774,2.3807
GPT-2,pos,4,62,0.00070495,6.6166e-05,10.654
GPT-2,pos,4,63,0.00133142,0.00014423,9.2309
GPT-2,pos,4,64,0.00104256,3.7567e-05,27.751
GPT-2,pos,4,65,0.0009739,6.2057e-05,15.693
GPT-2,pos,4,66,0.00074806,4.8021e-05,15.577
GPT-2,pos,4,67,0.00106517,7.654e-05,13.917
GPT-2,pos,4,68,0.00067982,0.0001369,4.9654
GPT-2,pos,4,69,0.00058429,0.00011306,5.1682
GPT-2,pos,4,70,0.00064984,6.5667e-05,9.8958
GPT-2,pos,4,71,0.00110335,7.1916e-05,15.342
GPT-2,pos,4,72,0.0005516,4.7848e-05,11.529
GPT-2,pos,4,73,0.00099002,9.1325e-05,10.841
GPT-2,pos,4,74,0.00042904,0.00014615,2.9357
GPT-2,pos,4,75,0.00088942,8.0533e-05,11.045
SONAR,lang,0,0,0.050269,0.00018628,269.85
SONAR,lang,0,1,0.013292,0.0001881,70.668
SONAR,lang,0,2,0.019267,0.00028783,66.939
SONAR,lang,0,3,0.0114831,0.00015245,75.326
SONAR,lang,0,4,0.017176,0.00025725,66.768
SONAR,lang,0,5,0.01476,0.00014455,102.11
SONAR,lang,0,6,0.016481,0.00033265,49.542
SONAR,lang,0,7,0.016824,7.7949e-05,215.82
SONAR,lang,0,8,0.018672,0.00017459,106.95
SONAR,lang,0,9,0.016189,0.00032703,49.504
SONAR,lang,0,10,0.019224,0.00016777,114.58
SONAR,lang,0,11,0.014369,0.00016875,85.145
SONAR,lang,0,12,0.01479,0.00033893,43.638
SONAR,lang,0,13,0.020605,0.0002032,101.4
SONAR,lang,0,14,0.014342,0.00034034,42.139
SONAR,lang,0,15,0.0175606,0.00019265,91.151
SONAR,lang,0,16,0.0135573,0.00022241,60.956
SONAR,lang,0,17,0.015953,0.00035752,44.621
SONAR,lang,0,18,0.020256,0.00016559,122.33
SONAR,lang,0,19,0.0204427,0.00040095,50.984
SONAR,lang,0,20,0.01453,0.00019512,74.463
SONAR,lang,0,21,0.0139309,0.00020706,67.28
SONAR,lang,0,22,0.0159537,0.00018384,86.782
SONAR,lang,0,23,0.0136401,0.00036383,37.491
SONAR,lang,0,24,0.01765,0.0001821,96.927
SONAR,lang,0,25,0.028778,0.00041751,68.928
SONAR,lang,0,26,0.015367,0.00019865,77.36
SONAR,lang,0,27,0.020205,0.00014066,143.64
SONAR,lang,0,28,0.012697,0.0001162,109.27
SONAR,lang,0,29,0.0137227,0.00017642,77.784
SONAR,lang,0,30,0.015816,0.0005195,30.445
SONAR,lang,0,31,0.0196476,0.00012756,154.02
SONAR,lang,1,0,0.004285,0.00019376,22.115
SONAR,lang,1,1,0.004582,0.0001592,28.778
SONAR,lang,1,2,0.005677,0.0001461,38.862
SONAR,lang,1,3,0.00428,0.00023448,18.253
SONAR,lang,1,4,0.004776,0.00019874,24.031
SONAR,lang,1,5,0.005208,0.00022369,23.282
SONAR,lang,1,6,0.004414,0.00019556,22.569
SONAR,lang,1,7,0.00481,0.00029613,16.241
SONAR,lang,1,8,0.003901,0.00010934,35.678
SONAR,lang,1,9,0.003802,0.00012764,29.79
SONAR,lang,1,10,0.00433,0.00022564,19.192
SONAR,lang,1,11,0.005461,0.00028638,19.07
SONAR,lang,1,12,0.004991,0.00015354,32.502
SONAR,lang,1,13,0.004057,0.00042348,9.5809
SONAR,lang,1,14,0.005102,0.0002479,20.578
SONAR,lang,1,15,0.004871,0.00015717,30.994
SONAR,lang,1,16,0.003775,0.00013787,27.382
SONAR,lang,1,17,0.005144,0.00012724,40.433
SONAR,lang,1,18,0.004348,0.00022554,19.278
SONAR,lang,1,19,0.005104,0.00016647,30.662
SONAR,lang,1,20,0.005298,0.00034301,15.446
SONAR,lang,1,21,0.00462,0.00031172,14.82
SONAR,lang,1,22,0.0047436,0.00032633,14.536
SONAR,lang,1,23,0.005346,0.0002985,17.911
SONAR,lang,1,24,0.004691,0.00026564,17.659
SONAR,lang,1,25,0.005223,0.00010246,50.975
SONAR,lang,1,26,0.004114,0.00027977,14.705
SONAR,lang,1,27,0.004264,0.00032249,13.224
SONAR,lang,1,28,0.00495,0.0002576,19.214
SONAR,lang,1,29,0.003897,0.00033366,11.677
SONAR,lang,1,30,0.004263,0.00012331,34.568
SONAR,lang,1,31,0.004515,0.00034512,13.081
SONAR,lang,2,0,0.002836,0.00034784,8.1527
SONAR,lang,2,1,0.002762,0.00024474,11.286
SONAR,lang,2,2,0.002696,0.00039005,6.9114
SONAR,lang,2,3,0.002515,0.00018009,13.965
SONAR,lang,2,4,0.0026276,0.00022826,11.512
SONAR,lang,2,5,0.002202,0.00028337,7.7697
SONAR,lang,2,6,0.0030895,0.00025118,12.301
SONAR,lang,2,7,0.002256,0.00023389,9.6484
SONAR,lang,2,8,0.0018299,0.0004463,4.0994
SONAR,lang,2,9,0.0025761,0.000283,9.1033
SONAR,lang,2,10,0.002065,0.00026891,7.6792
SONAR,lang,2,11,0.0019262,0.00012193,15.8
SONAR,lang,2,12,0.001689,0.00018616,9.0697
SONAR,lang,2,13,0.002342,0.00010831,21.624
SONAR,lang,2,14,0.002129,0.00041706,5.1037
SONAR,lang,2,15,0.002757,0.00014768,18.667
SONAR,lang,2,16,0.002222,0.00025901,8.5806
SONAR,lang,2,17,0.002624,7.5653e-05,34.682
SONAR,lang,2,18,0.002585,0.00029756,8.6853
SONAR,lang,2,19,0.002285,0.00017791,12.84
SONAR,lang,2,20,0.0024632,0.00037136,6.6339
SONAR,lang,2,21,0.002785,0.0002814,9.8974
SONAR,lang,2,22,0.002652,0.000239,11.094
SONAR,lang,2,23,0.002254,0.00017276,13.049
SONAR,lang,2,24,0.003181,0.00022398,14.203
SONAR,lang,2,25,0.0032649,0.00010178,32.079
SONAR,lang,2,26,0.001888,0.000306,6.1714
SONAR,lang,2,27,0.00183,0.00037575,4.8684
SONAR,lang,2,28,0.0023343,0.00045493,5.1304
SONAR,lang,2,29,0.00239,0.00021321,11.21
SONAR,lang,2,30,0.0023277,0.00029172,7.978
SONAR,lang,2,31,0.0025956,0.00020064,12.938
SONAR,lang,3,0,0.0015647,0.00023844,6.5619
SONAR,lang,3,1,0.001297,0.0001835,7.0637
SONAR,lang,3,2,0.0006841,0.00044093,1.5514
SONAR,lang,3,3,0.000832,0.00051338,1.62
SONAR,lang,3,4,0.000725,0.00018341,3.9551
SONAR,lang,3,5,0.0010124,6.9485e-05,14.569
SONAR,lang,3,6,0.0007537,0.00033275,2.2664
SONAR,lang,3,7,0.0011217,0.00027263,4.1143
SONAR,lang,3,8,0.001227,0.00019487,6.2949
SONAR,lang,3,9,0.002256,0.00040983,5.5041
SONAR,lang,3,10,0.0016627,0.00020757,8.0116
SONAR,lang,3,11,0.0006338,0.000139,4.5603
SONAR,lang,3,12,0.0017324,0.00020757,8.3483
SONAR,lang,3,13,0.000745,0.00022303,3.341
SONAR,lang,3,14,0.001848,0.00016891,10.938
SONAR,lang,3,15,0.0009208,0.0001534,6.0002
SONAR,lang,3,16,0.0010531,0.00025041,4.2073
SONAR,lang,3,17,0.0012862,0.00045045,2.8555
SONAR,lang,3,18,0.000913,0.00032693,2.7927
SONAR,lang,3,19,0.00167,0.0001482,11.273
SONAR,lang,3,20,0.00079,0.00026446,2.9865
SONAR,lang,3,21,0.001139,0.0002671,4.2651
SONAR,lang,3,22,0.0009564,0.0001274,7.5051
SONAR,lang,3,23,0.0012318,0.00017537,7.0221
SONAR,lang,3,24,0.0010511,0.0002391,4.3946
SONAR,lang,3,25,0.00117,0.00033902,3.45
SONAR,lang,3,26,0.0009466,0.00021156,4.4725
SONAR,lang,3,27,0.001731,0.00027197,6.3632
SONAR,lang,3,28,0.00077476,5.1897e-05,14.928
SONAR,lang,3,29,0.000498,0.00018877,2.6403
SONAR,lang,3,30,0.000746,0.00019017,3.9264
SONAR,lang,3,31,0.0007037,0.0001424,4.9413
SONAR,lang,4,0,0.00034916,0.00011528,3.0287
SONAR,lang,4,1,0,0,0
SONAR,lang,4,2,0,0,0
SONAR,lang,4,3,0,0,0
SONAR,lang,4,4,0,0,0
SONAR,lang,4,5,0,0,0
SONAR,lang,4,6,0,0,0
SONAR,lang,4,7,0,0,0
SONAR,lang,4,8,0,0,0
SONAR,lang,4,9,0,0,0
SONAR,lang,4,10,0.0004611,0.00024705,1.8668
SONAR,lang,4,11,0,0,0
SONAR,lang,4,12,7.267e-05,2.8205e-05,2.5767
SONAR,lang,4,13,0,0,0
SONAR,lang,4,14,0.0002991,0.00013967,2.1415
SONAR,lang,4,15,0.0008044,0.00021137,3.8057
SONAR,lang,4,16,0.0009252,9.3948e-05,9.848
SONAR,lang,4,17,0,0,0
SONAR,lang,4,18,0,0,0
SONAR,lang,4,19,0.00013854,0.00011042,1.2547
SONAR,lang,4,20,0.000573,0.00014817,3.8668
SONAR,lang,4,21,0.00024136,0.00011559,2.088
SONAR,lang,4,22,0.0005265,0.0002011,2.6184
SONAR,lang,4,23,0,0,0
SONAR,lang,4,24,0,0,0
SONAR,lang,4,25,0,0,0
SONAR,lang,4,26,0.0006577,0.00018222,3.6094
SONAR,lang,4,27,0,0,0
SONAR,lang,4,28,0.00021814,9.2656e-05,2.3543
SONAR,lang,4,29,0,0,0
SONAR,lang,4,30,0.0004045,0.00043156,0.93711
SONAR,lang,4,31,0,0,0
