layer,step,T,median_drift_used,frac_used
0,10000,0.495934,0.401272,1.000000
0,30000,0.121976,0.486568,0.996094
0,60000,0.03,0.729950,0.601562
0,80000,0.03,0.808258,0.676758
0,110000,0.03,0.870185,0.722656
0,130000,0.03,0.898144,0.748047
0,160000,0.03,0.929818,0.781250
0,180000,0.03,0.949837,0.819336
0,200000,0.03,0.963847,0.842773
0,230000,0.03,0.977129,0.856445
0,250000,0.03,0.983796,0.873047
0,280000,0.03,0.991201,0.893555
0,300000,0.03,0.994648,0.899414
0,320000,0.03,0.997181,0.907227
0,350000,0.03,0.999422,0.919922
0,372600,0.03,1.000000,0.928711
1,10000,0.495934,0.511014,1.000000
1,30000,0.121976,0.654009,1.000000
1,60000,0.03,0.824134,0.872070
1,80000,0.03,0.859862,0.925781
1,110000,0.03,0.886976,0.966797
1,130000,0.03,0.901950,0.976562
1,160000,0.03,0.923900,0.993164
1,180000,0.03,0.945840,0.995117
1,200000,0.03,0.960741,0.999023
1,230000,0.03,0.975031,0.999023
1,250000,0.03,0.981785,0.999023
1,280000,0.03,0.989202,1.000000
1,300000,0.03,0.992896,1.000000
1,320000,0.03,0.995758,1.000000
1,350000,0.03,0.998456,0.999023
1,372600,0.03,1.000000,1.000000
2,10000,0.495934,0.512039,1.000000
2,30000,0.121976,0.619377,1.000000
2,60000,0.03,0.815689,0.926758
2,80000,0.03,0.844023,0.948242
2,110000,0.03,0.863540,0.962891
2,130000,0.03,0.877337,0.968750
2,160000,0.03,0.896100,0.973633
2,180000,0.03,0.919220,0.975586
2,200000,0.03,0.937215,0.984375
2,230000,0.03,0.956829,0.980469
2,250000,0.03,0.967265,0.982422
2,280000,0.03,0.979709,0.979492
2,300000,0.03,0.985645,0.972656
2,320000,0.03,0.990820,0.955078
2,350000,0.03,0.994493,0.961914
2,372600,0.03,1.000000,0.965820
3,10000,0.495934,0.467279,1.000000
3,30000,0.121976,0.553987,1.000000
3,60000,0.03,0.817259,0.986328
3,80000,0.03,0.848010,0.990234
3,110000,0.03,0.863358,0.994141
3,130000,0.03,0.875825,0.990234
3,160000,0.03,0.891884,0.989258
3,180000,0.03,0.918124,0.948242
3,200000,0.03,0.938894,0.849609
3,230000,0.03,0.955138,0.906250
3,250000,0.03,0.961643,0.919922
3,280000,0.03,0.968559,0.926758
3,300000,0.03,0.976787,0.932617
3,320000,0.03,0.985922,0.943359
3,350000,0.03,0.993362,0.948242
3,372600,0.03,1.000000,0.957031
4,10000,0.495934,0.233741,1.000000
4,30000,0.121976,0.273882,1.000000
4,60000,0.03,0.516332,1.000000
4,80000,0.03,0.546391,0.997070
4,110000,0.03,0.532467,1.000000
4,130000,0.03,0.530341,1.000000
4,160000,0.03,0.531925,0.991211
4,180000,0.03,0.585663,0.382812
4,200000,0.03,0.660437,0.054688
4,230000,0.03,0.752997,0.072266
4,250000,0.03,0.824191,0.088867
4,280000,0.03,0.891437,0.106445
4,300000,0.03,0.923220,0.115234
4,320000,0.03,0.952420,0.130859
4,350000,0.03,0.985271,0.128906
4,372600,0.03,1.000000,0.138672
