model,block,real,null,null_sd,z,groups,coverage
Ontologizer,0,0.00258837,0.00206774,2.14751e-05,24.2434,32,1
Ontologizer,1,0.00844712,0.00360055,7.68276e-05,63.0838,32,1
Ontologizer,2,0.0316054,0.0109006,0.000420531,49.2347,32,1
Ontologizer,3,0.116638,0.0427887,0.00139425,52.9674,32,1
Ontologizer,4,0.217996,0.104732,0.00313321,36.1496,32,1
"Matryoshka, trained heads",0,0.0683419,0.0645541,0.00153475,2.46805,32,0.999962
"Matryoshka, trained heads",1,0.0378275,0.039302,0.00101051,-1.45923,32,1
"Matryoshka, trained heads",2,0.0316328,0.0323604,0.000712478,-1.0212,32,1
"Matryoshka, trained heads",3,0.0245683,0.0253734,0.000461643,-1.74399,32,1
"Matryoshka, trained heads",4,0.0154223,0.015652,0.000258932,-0.887366,32,1
"Matryoshka, discovered groups",0,0.115657,0.112683,0.00325524,0.913693,32,0.497113
"Matryoshka, discovered groups",1,0.0984583,0.111832,0.00278891,-4.79538,27,0.161788
"Matryoshka, discovered groups",2,0.0634387,0.0711588,0.00250946,-3.0764,24,0.0776513
"Matryoshka, discovered groups",3,0.011565,0.00430603,0.00410738,1.76729,27,0.0331278
"Matryoshka, discovered groups",4,-0.0635722,-0.0635722,0,0,1,0.00208855
"flat, trained heads",,0.0239624,0.026771,0.00120179,-2.337,,
"flat, discovered groups",,0.0993756,0.131145,0.00291021,-10.9166,,
