family,run,setting,bits,bits_subset,fvu
ste,ste_h76_init01,pinned,1895.34,1900,0.158237
ste,ste_h76_init01,gain 2,1900.12,1904.86,0.154692
ste,ste_h76_init01,gain 1,1903.54,1908.26,0.153873
ste,ste_h76_init01,gain 0.5,1907.23,1911.95,0.153611
ste,ste_h76_init01,gain 0.25,1911.15,1915.87,0.153582
ste,ste_h76_init01,gain 0.125,1915.12,1919.84,0.153552
ste,ste_h76_init01,gain 0.0625,1919.11,1923.83,0.153539
ste,ste_h76_init01,gain 0.03125,1923.11,1927.83,0.153544
softmax,resid_nc,0.125,53.373,78.3368,0.981581
softmax,resid_nc,0.0883883,173.252,256.353,0.848092
softmax,resid_nc,0.0625,385.128,563.691,0.66665
softmax,resid_nc,0.0441942,992.445,1379.94,0.342487
softmax,resid_nc,0.03125,1845.08,2645.04,0.151297
softmax,resid_nc,0.0220971,2806.31,4000,0.0803256
softmax,resid_nc,0.015625,4014.74,5585.24,0.0407256
softmax,resid_nc,0.0110485,5331.58,7176.69,0.0234796
softmax,resid_nc,0.0078125,6990.48,8982.64,0.0140567
softmax,resid_nc,0.00552427,8892.99,10927.7,0.0097456
softmax,resid_nc,0.00390625,10683.1,12768.4,0.00754351
softmax,resid_nc,0.00276214,12488.9,14693.5,0.0063489
softmax,resid_nc,0.00195312,14374.8,16742.9,0.00589903
softmax,resid_nc,0.00138107,16337.5,18882.7,0.00562826
softmax,resid_nc,0.000976562,18332,21049.4,0.00552438
softmax,resid_nc,0.000690534,20351.2,23226.1,0.00546382
softmax,resid_nc,0.000488281,22384.6,25394,0.00543163
softmax,resid_nc,0.000345267,24430.4,27549.8,0.00542045
softmax,resid_nc,0.000244141,26480.4,29682,0.00541485
softmax,resid_nc,0.000172633,28527.8,31799.7,0.00540063
softmax,resid_nc,0.00012207,30589.6,33895,0.00536938
softmax,resid_nc,8.63167e-05,32642.9,35994.1,0.00537542
softmax,resid_nc,6.10352e-05,34696.5,38083.2,0.00537892
sae_topk,m11264_k160,0.125,100.814,194.877,0.747931
sae_topk,m11264_k160,0.0883883,199.895,351.166,0.615864
sae_topk,m11264_k160,0.0625,509.736,694.859,0.451572
sae_topk,m11264_k160,0.0441942,998.202,1198.99,0.346898
sae_topk,m11264_k160,0.03125,1120.73,1323.58,0.274938
sae_topk,m11264_k160,0.0220971,1222.96,1425.98,0.269552
sae_topk,m11264_k160,0.015625,1276.28,1479.32,0.264912
sae_topk,m11264_k160,0.0110485,1340.48,1543.51,0.261209
sae_topk,m11264_k160,0.0078125,1402.86,1605.88,0.259747
sae_topk,m11264_k160,0.00552427,1478.89,1681.92,0.259147
sae_topk,m11264_k160,0.00390625,1554.68,1757.71,0.258806
sae_topk,m11264_k160,0.00276214,1632.25,1835.28,0.258642
sae_topk,m11264_k160,0.00195312,1710.45,1913.47,0.258556
sae_topk,m11264_k160,0.00138107,1788.76,1991.79,0.258514
sae_topk,m11264_k160,0.000976562,1866.94,2069.97,0.258493
sae_topk,m11264_k160,0.000690534,1944.61,2147.64,0.258483
sae_topk,m11264_k160,0.000488281,2021.44,2224.47,0.258477
sae_topk,m11264_k160,0.000345267,2097.15,2300.18,0.258474
sae_topk,m11264_k160,0.000244141,2171.06,2374.09,0.258473
sae_topk,m11264_k160,0.000172633,2242.37,2445.39,0.258473
sae_topk,m11264_k160,0.00012207,2310.02,2513.04,0.258472
sae_topk,m11264_k160,8.63167e-05,2373.15,2576.17,0.258472
sae_topk,m11264_k160,6.10352e-05,2430.97,2634,0.258472
sae_topk,m11264_k32,0.125,143.797,170.616,0.653447
sae_topk,m11264_k32,0.0883883,269.26,302.809,0.561799
sae_topk,m11264_k32,0.0625,295.29,329.361,0.506289
sae_topk,m11264_k32,0.0441942,317.679,351.756,0.503578
sae_topk,m11264_k32,0.03125,325.562,359.638,0.499009
sae_topk,m11264_k32,0.0220971,340.111,374.177,0.496321
sae_topk,m11264_k32,0.015625,352.696,386.757,0.49509
sae_topk,m11264_k32,0.0110485,367.239,401.3,0.49455
sae_topk,m11264_k32,0.0078125,382.039,416.1,0.494282
sae_topk,m11264_k32,0.00552427,397.085,431.146,0.494148
sae_topk,m11264_k32,0.00390625,412.095,446.156,0.494081
sae_topk,m11264_k32,0.00276214,426.888,460.949,0.494046
sae_topk,m11264_k32,0.00195312,441.289,475.35,0.494029
sae_topk,m11264_k32,0.00138107,455.111,489.172,0.494021
sae_topk,m11264_k32,0.000976562,468.125,502.186,0.494018
sae_topk,m11264_k32,0.000690534,480.179,514.24,0.494015
sae_topk,m11264_k32,0.000488281,491.176,525.237,0.494014
sae_topk,m11264_k32,0.000345267,500.943,535.004,0.494014
sae_topk,m11264_k32,0.000244141,509.671,543.732,0.494014
sae_topk,m11264_k32,0.000172633,517.233,551.294,0.494013
sae_topk,m11264_k32,0.00012207,523.673,557.734,0.494013
sae_topk,m11264_k32,8.63167e-05,529.101,563.162,0.494013
sae_topk,m11264_k32,6.10352e-05,533.571,567.632,0.494013
sae_topk,m11264_k5120,0.125,1265.92,3016.05,5.64779
sae_topk,m11264_k5120,0.0883883,1177.04,5262.79,2.27482
sae_topk,m11264_k5120,0.0625,822.354,6413.82,0.679774
sae_topk,m11264_k5120,0.0441942,1413.47,7570.74,0.387093
sae_topk,m11264_k5120,0.03125,2033.91,8364.11,0.205219
sae_topk,m11264_k5120,0.0220971,2639.14,9023.39,0.101817
sae_topk,m11264_k5120,0.015625,3322.34,9725.7,0.0509921
sae_topk,m11264_k5120,0.0110485,4041.51,10452.7,0.0255451
sae_topk,m11264_k5120,0.0078125,4780.38,11195.2,0.0128181
sae_topk,m11264_k5120,0.00552427,5529.63,11946.4,0.00646357
sae_topk,m11264_k5120,0.00390625,6284.09,12701.9,0.00328631
sae_topk,m11264_k5120,0.00276214,7041.32,13459.8,0.00169523
sae_topk,m11264_k5120,0.00195312,7799.88,14218.8,0.000900333
sae_topk,m11264_k5120,0.00138107,8559.02,14978.2,0.00050314
sae_topk,m11264_k5120,0.000976562,9318.44,15737.7,0.000304316
sae_topk,m11264_k5120,0.000690534,10077.9,16497.3,0.000204912
sae_topk,m11264_k5120,0.000488281,10837.3,17256.8,0.000155248
sae_topk,m11264_k5120,0.000345267,11596.6,18016.1,0.000130541
sae_topk,m11264_k5120,0.000244141,12355.5,18775.1,0.000117978
sae_topk,m11264_k5120,0.000172633,13114,19533.6,0.000111845
sae_topk,m11264_k5120,0.00012207,13871.8,20291.4,0.000108669
sae_topk,m11264_k5120,8.63167e-05,14628.4,21048.1,0.000107185
sae_topk,m11264_k5120,6.10352e-05,15383.6,21803.3,0.000106355
variant,m5120_g160softmax,0.125,0,0,1.00355
variant,m5120_g160softmax,0.0883883,0,0,1.00355
variant,m5120_g160softmax,0.0625,0.100679,0.124452,1.00342
variant,m5120_g160softmax,0.0441942,8.33304,8.14941,0.996378
variant,m5120_g160softmax,0.03125,125.91,119.645,0.922018
variant,m5120_g160softmax,0.0220971,860.221,829.4,0.624398
variant,m5120_g160softmax,0.015625,2818.29,2764.67,0.242907
variant,m5120_g160softmax,0.0110485,5298.56,5247.31,0.0909889
variant,m5120_g160softmax,0.0078125,7500.44,7462.58,0.0470217
variant,m5120_g160softmax,0.00552427,9695.78,9670.37,0.0257933
variant,m5120_g160softmax,0.00390625,12055.4,12039,0.0150713
variant,m5120_g160softmax,0.00276214,14510.7,14500.2,0.00971813
variant,m5120_g160softmax,0.00195312,17017.3,17010.6,0.00703858
variant,m5120_g160softmax,0.00138107,19550,19545.8,0.0056991
variant,m5120_g160softmax,0.000976562,22096.1,22093.5,0.00502907
variant,m5120_g160softmax,0.000690534,24649.1,24647.5,0.00469582
variant,m5120_g160softmax,0.000488281,27205.2,27204.2,0.0045269
variant,m5120_g160softmax,0.000345267,29762.8,29762.3,0.00444373
variant,m5120_g160softmax,0.000244141,32321,32320.6,0.00440192
variant,m5120_g160softmax,0.000172633,34879.1,34879,0.00438155
variant,m5120_g160softmax,0.00012207,37436.9,37436.8,0.0043708
variant,m5120_g160softmax,8.63167e-05,39993.8,39993.8,0.00436564
variant,m5120_g160softmax,6.10352e-05,42549.6,42549.6,0.00436296
variant,m5120_g160top1,0.125,587.413,958.334,0.628449
variant,m5120_g160top1,0.0883883,637.342,1007.49,0.445734
variant,m5120_g160top1,0.0625,703.036,1072.31,0.359906
variant,m5120_g160top1,0.0441942,774.683,1143.44,0.316961
variant,m5120_g160top1,0.03125,850.179,1218.7,0.295525
variant,m5120_g160top1,0.0220971,927.787,1296.23,0.284827
variant,m5120_g160top1,0.015625,1006.47,1374.88,0.279469
variant,m5120_g160top1,0.0110485,1085.79,1454.19,0.27679
variant,m5120_g160top1,0.0078125,1165.33,1533.72,0.275452
variant,m5120_g160top1,0.00552427,1244.99,1613.38,0.27478
variant,m5120_g160top1,0.00390625,1324.68,1693.07,0.274446
variant,m5120_g160top1,0.00276214,1404.31,1772.7,0.274279
variant,m5120_g160top1,0.00195312,1483.86,1852.25,0.274195
variant,m5120_g160top1,0.00138107,1563.25,1931.64,0.274153
variant,m5120_g160top1,0.000976562,1642.39,2010.78,0.274132
variant,m5120_g160top1,0.000690534,1721.18,2089.57,0.274122
variant,m5120_g160top1,0.000488281,1799.45,2167.84,0.274117
variant,m5120_g160top1,0.000345267,1876.97,2245.36,0.274114
variant,m5120_g160top1,0.000244141,1953.23,2321.62,0.274113
variant,m5120_g160top1,0.000172633,2027.75,2396.14,0.274112
variant,m5120_g160top1,0.00012207,2099.55,2467.94,0.274112
variant,m5120_g160top1,8.63167e-05,2167.56,2535.95,0.274112
variant,m5120_g160top1,6.10352e-05,2230.42,2598.81,0.274112
variant,m5120_g160top1_p5,0.125,664.619,911.154,0.563393
variant,m5120_g160top1_p5,0.0883883,728.015,973.927,0.458057
variant,m5120_g160top1_p5,0.0625,786.298,1030.77,0.378631
variant,m5120_g160top1_p5,0.0441942,853.46,1097.01,0.336333
variant,m5120_g160top1_p5,0.03125,925.808,1169,0.314905
variant,m5120_g160top1_p5,0.0220971,1001.77,1244.84,0.304213
variant,m5120_g160top1_p5,0.015625,1079.57,1322.59,0.298855
variant,m5120_g160top1_p5,0.0110485,1158.32,1401.33,0.296176
variant,m5120_g160top1_p5,0.0078125,1237.54,1480.54,0.294839
variant,m5120_g160top1_p5,0.00552427,1316.97,1559.96,0.294167
variant,m5120_g160top1_p5,0.00390625,1396.39,1639.38,0.293832
variant,m5120_g160top1_p5,0.00276214,1475.74,1718.73,0.293664
variant,m5120_g160top1_p5,0.00195312,1554.88,1797.87,0.29358
variant,m5120_g160top1_p5,0.00138107,1633.78,1876.77,0.293539
variant,m5120_g160top1_p5,0.000976562,1712.17,1955.16,0.293519
variant,m5120_g160top1_p5,0.000690534,1789.96,2032.95,0.293508
variant,m5120_g160top1_p5,0.000488281,1866.84,2109.83,0.293502
variant,m5120_g160top1_p5,0.000345267,1942.4,2185.39,0.2935
variant,m5120_g160top1_p5,0.000244141,2016.14,2259.13,0.293499
variant,m5120_g160top1_p5,0.000172633,2087.41,2330.4,0.293498
variant,m5120_g160top1_p5,0.00012207,2155.23,2398.22,0.293498
variant,m5120_g160top1_p5,8.63167e-05,2218.59,2461.59,0.293497
variant,m5120_g160top1_p5,6.10352e-05,2276.13,2519.12,0.293497
sae_topk,m5120_k32,0.125,138.404,159.305,0.649226
sae_topk,m5120_k32,0.0883883,243.028,269.779,0.560741
sae_topk,m5120_k32,0.0625,268.347,295.067,0.511748
sae_topk,m5120_k32,0.0441942,290.486,317.154,0.50886
sae_topk,m5120_k32,0.03125,299.011,325.674,0.504239
sae_topk,m5120_k32,0.0220971,313.609,340.263,0.501688
sae_topk,m5120_k32,0.015625,326.503,353.153,0.500487
sae_topk,m5120_k32,0.0110485,341.366,368.015,0.499963
sae_topk,m5120_k32,0.0078125,356.36,383.009,0.499696
sae_topk,m5120_k32,0.00552427,371.704,398.353,0.499556
sae_topk,m5120_k32,0.00390625,387.087,413.737,0.499488
sae_topk,m5120_k32,0.00276214,402.404,429.053,0.499459
sae_topk,m5120_k32,0.00195312,417.541,444.191,0.499441
sae_topk,m5120_k32,0.00138107,432.383,459.033,0.499432
sae_topk,m5120_k32,0.000976562,446.815,473.465,0.499427
sae_topk,m5120_k32,0.000690534,460.663,487.313,0.499426
sae_topk,m5120_k32,0.000488281,473.743,500.393,0.499426
sae_topk,m5120_k32,0.000345267,485.872,512.521,0.499424
sae_topk,m5120_k32,0.000244141,496.922,523.571,0.499424
sae_topk,m5120_k32,0.000172633,506.786,533.435,0.499424
sae_topk,m5120_k32,0.00012207,515.28,541.929,0.499424
sae_topk,m5120_k32,8.63167e-05,522.523,549.172,0.499424
sae_topk,m5120_k32,6.10352e-05,528.59,555.24,0.499424
sae_bilinear,m5120_k32_bl,0.125,92.6706,164.047,0.720358
sae_bilinear,m5120_k32_bl,0.0883883,145.023,266.534,0.651888
sae_bilinear,m5120_k32_bl,0.0625,169.855,302.232,0.615806
sae_bilinear,m5120_k32_bl,0.0441942,190.855,323.542,0.609889
sae_bilinear,m5120_k32_bl,0.03125,203.629,336.308,0.606581
sae_bilinear,m5120_k32_bl,0.0220971,215.677,348.35,0.604006
sae_bilinear,m5120_k32_bl,0.015625,229.48,362.152,0.60297
sae_bilinear,m5120_k32_bl,0.0110485,244.784,377.457,0.602437
sae_bilinear,m5120_k32_bl,0.0078125,260.261,392.934,0.602169
sae_bilinear,m5120_k32_bl,0.00552427,275.878,408.55,0.602035
sae_bilinear,m5120_k32_bl,0.00390625,291.633,424.306,0.601973
sae_bilinear,m5120_k32_bl,0.00276214,307.462,440.134,0.601938
sae_bilinear,m5120_k32_bl,0.00195312,323.283,455.956,0.601922
sae_bilinear,m5120_k32_bl,0.00138107,339.107,471.779,0.601914
sae_bilinear,m5120_k32_bl,0.000976562,354.866,487.539,0.601909
sae_bilinear,m5120_k32_bl,0.000690534,370.556,503.229,0.601907
sae_bilinear,m5120_k32_bl,0.000488281,386.174,518.847,0.601906
sae_bilinear,m5120_k32_bl,0.000345267,401.642,534.314,0.601905
sae_bilinear,m5120_k32_bl,0.000244141,416.926,549.599,0.601905
sae_bilinear,m5120_k32_bl,0.000172633,431.939,564.611,0.601905
sae_bilinear,m5120_k32_bl,0.00012207,446.615,579.287,0.601905
sae_bilinear,m5120_k32_bl,8.63167e-05,460.783,593.455,0.601905
sae_bilinear,m5120_k32_bl,6.10352e-05,474.327,607,0.601905
sae_topk,m5120_k32_p5,0.125,140.432,171.839,0.641611
sae_topk,m5120_k32_p5,0.0883883,232.136,275.608,0.559358
sae_topk,m5120_k32_p5,0.0625,253.445,297.541,0.520335
sae_topk,m5120_k32_p5,0.0441942,275.38,319.506,0.517757
sae_topk,m5120_k32_p5,0.03125,281.963,326.093,0.513543
sae_topk,m5120_k32_p5,0.0220971,297.971,342.1,0.511124
sae_topk,m5120_k32_p5,0.015625,310.891,355.016,0.509997
sae_topk,m5120_k32_p5,0.0110485,325.553,369.678,0.509493
sae_topk,m5120_k32_p5,0.0078125,340.584,384.709,0.509221
sae_topk,m5120_k32_p5,0.00552427,355.976,400.101,0.509083
sae_topk,m5120_k32_p5,0.00390625,371.387,415.513,0.509017
sae_topk,m5120_k32_p5,0.00276214,386.763,430.888,0.508982
sae_topk,m5120_k32_p5,0.00195312,401.998,446.123,0.508964
sae_topk,m5120_k32_p5,0.00138107,416.994,461.12,0.508957
sae_topk,m5120_k32_p5,0.000976562,431.623,475.748,0.508953
sae_topk,m5120_k32_p5,0.000690534,445.843,489.968,0.50895
sae_topk,m5120_k32_p5,0.000488281,459.503,503.628,0.508949
sae_topk,m5120_k32_p5,0.000345267,472.472,516.597,0.508949
sae_topk,m5120_k32_p5,0.000244141,484.622,528.747,0.508949
sae_topk,m5120_k32_p5,0.000172633,495.814,539.939,0.508948
sae_topk,m5120_k32_p5,0.00012207,505.868,549.994,0.508948
sae_topk,m5120_k32_p5,8.63167e-05,514.688,558.813,0.508948
sae_topk,m5120_k32_p5,6.10352e-05,522.162,566.288,0.508948
sae_topk,m5120_k32_s43,0.125,140.683,161.141,0.646181
sae_topk,m5120_k32_s43,0.0883883,243.754,270.152,0.557943
sae_topk,m5120_k32_s43,0.0625,268.869,295.262,0.509069
sae_topk,m5120_k32_s43,0.0441942,291.077,317.428,0.506217
sae_topk,m5120_k32_s43,0.03125,299.457,325.81,0.5015
sae_topk,m5120_k32_s43,0.0220971,314.194,340.536,0.498954
sae_topk,m5120_k32_s43,0.015625,327.223,353.559,0.49779
sae_topk,m5120_k32_s43,0.0110485,342.037,368.373,0.497255
sae_topk,m5120_k32_s43,0.0078125,357.09,383.426,0.496987
sae_topk,m5120_k32_s43,0.00552427,372.432,398.768,0.496853
sae_topk,m5120_k32_s43,0.00390625,387.813,414.149,0.496789
sae_topk,m5120_k32_s43,0.00276214,403.093,429.429,0.496751
sae_topk,m5120_k32_s43,0.00195312,418.214,444.55,0.496732
sae_topk,m5120_k32_s43,0.00138107,433.023,459.359,0.496725
sae_topk,m5120_k32_s43,0.000976562,447.406,473.742,0.496721
sae_topk,m5120_k32_s43,0.000690534,461.199,487.535,0.496719
sae_topk,m5120_k32_s43,0.000488281,474.197,500.533,0.496718
sae_topk,m5120_k32_s43,0.000345267,486.285,512.621,0.496718
sae_topk,m5120_k32_s43,0.000244141,497.284,523.62,0.496717
sae_topk,m5120_k32_s43,0.000172633,507.05,533.386,0.496717
sae_topk,m5120_k32_s43,0.00012207,515.568,541.904,0.496717
sae_topk,m5120_k32_s43,8.63167e-05,522.719,549.055,0.496717
sae_topk,m5120_k32_s43,6.10352e-05,528.698,555.034,0.496717
sae_l1,m5120_l10.0001,0.125,32.1534,34.4128,0.775688
sae_l1,m5120_l10.0001,0.0883883,60.858,63.6435,0.711873
sae_l1,m5120_l10.0001,0.0625,104.745,107.744,0.654384
sae_l1,m5120_l10.0001,0.0441942,162.415,165.531,0.611578
sae_l1,m5120_l10.0001,0.03125,229.123,232.541,0.584385
sae_l1,m5120_l10.0001,0.0220971,299.584,303.565,0.568987
sae_l1,m5120_l10.0001,0.015625,369.627,374.334,0.560756
sae_l1,m5120_l10.0001,0.0110485,436.515,441.978,0.556382
sae_l1,m5120_l10.0001,0.0078125,498.27,504.414,0.554193
sae_l1,m5120_l10.0001,0.00552427,554.553,561.259,0.553087
sae_l1,m5120_l10.0001,0.00390625,605.565,612.722,0.552527
sae_l1,m5120_l10.0001,0.00276214,651.802,659.302,0.552253
sae_l1,m5120_l10.0001,0.00195312,694.129,701.889,0.552118
sae_l1,m5120_l10.0001,0.00138107,733.119,741.068,0.552044
sae_l1,m5120_l10.0001,0.000976562,769.254,777.348,0.55201
sae_l1,m5120_l10.0001,0.000690534,802.999,811.184,0.551993
sae_l1,m5120_l10.0001,0.000488281,834.571,842.83,0.551986
sae_l1,m5120_l10.0001,0.000345267,864.137,872.453,0.55198
sae_l1,m5120_l10.0001,0.000244141,891.575,899.927,0.551977
sae_l1,m5120_l10.0001,0.000172633,916.788,925.163,0.551977
sae_l1,m5120_l10.0001,0.00012207,939.567,947.96,0.551976
sae_l1,m5120_l10.0001,8.63167e-05,959.648,968.054,0.551976
sae_l1,m5120_l10.0001,6.10352e-05,976.906,985.321,0.551976
sae_l1,m5120_l10.0003,0.125,10.732,12.8934,0.875943
sae_l1,m5120_l10.0003,0.0883883,15.2125,18.2018,0.862253
sae_l1,m5120_l10.0003,0.0625,20.3415,24.2511,0.852602
sae_l1,m5120_l10.0003,0.0441942,25.7175,30.5346,0.846795
sae_l1,m5120_l10.0003,0.03125,31.1292,36.7713,0.843492
sae_l1,m5120_l10.0003,0.0220971,36.4498,42.8063,0.841421
sae_l1,m5120_l10.0003,0.015625,41.3266,48.2414,0.840466
sae_l1,m5120_l10.0003,0.0110485,45.95,53.3055,0.83987
sae_l1,m5120_l10.0003,0.0078125,50.1599,57.8504,0.839528
sae_l1,m5120_l10.0003,0.00552427,53.8879,61.8087,0.83941
sae_l1,m5120_l10.0003,0.00390625,57.2095,65.2867,0.839354
sae_l1,m5120_l10.0003,0.00276214,60.1945,68.3891,0.839314
sae_l1,m5120_l10.0003,0.00195312,62.7647,71.0356,0.839304
sae_l1,m5120_l10.0003,0.00138107,65.0597,73.3966,0.839295
sae_l1,m5120_l10.0003,0.000976562,67.1087,75.489,0.839286
sae_l1,m5120_l10.0003,0.000690534,68.8518,77.2591,0.839283
sae_l1,m5120_l10.0003,0.000488281,70.3501,78.7791,0.839281
sae_l1,m5120_l10.0003,0.000345267,71.5817,80.0243,0.839281
sae_l1,m5120_l10.0003,0.000244141,72.5847,81.036,0.83928
sae_l1,m5120_l10.0003,0.000172633,73.4175,81.8755,0.83928
sae_l1,m5120_l10.0003,0.00012207,74.0541,82.517,0.83928
sae_l1,m5120_l10.0003,8.63167e-05,74.5471,83.0118,0.83928
sae_l1,m5120_l10.0003,6.10352e-05,74.9106,83.3772,0.83928
sae_l1,m5120_l11e-05,0.125,36.6419,51.8325,0.879692
sae_l1,m5120_l11e-05,0.0883883,79.7866,111.325,0.794644
sae_l1,m5120_l11e-05,0.0625,172.785,227.018,0.690118
sae_l1,m5120_l11e-05,0.0441942,404.104,474.298,0.538802
sae_l1,m5120_l11e-05,0.03125,889.845,956.978,0.353992
sae_l1,m5120_l11e-05,0.0220971,1615.8,1670.4,0.208879
sae_l1,m5120_l11e-05,0.015625,2463.77,2507.71,0.127639
sae_l1,m5120_l11e-05,0.0110485,3375.97,3413.98,0.0872175
sae_l1,m5120_l11e-05,0.0078125,4338.41,4373.58,0.0672893
sae_l1,m5120_l11e-05,0.00552427,5323.97,5358.01,0.0574004
sae_l1,m5120_l11e-05,0.00390625,6304.77,6338.43,0.0524487
sae_l1,m5120_l11e-05,0.00276214,7262.25,7295.8,0.0499971
sae_l1,m5120_l11e-05,0.00195312,8188.34,8221.91,0.0487591
sae_l1,m5120_l11e-05,0.00138107,9080.43,9114.05,0.0481418
sae_l1,m5120_l11e-05,0.000976562,9940.68,9974.34,0.0478352
sae_l1,m5120_l11e-05,0.000690534,10772.7,10806.5,0.0476794
sae_l1,m5120_l11e-05,0.000488281,11580.5,11614.3,0.0476035
sae_l1,m5120_l11e-05,0.000345267,12368.1,12401.9,0.0475653
sae_l1,m5120_l11e-05,0.000244141,13139.2,13173.1,0.0475461
sae_l1,m5120_l11e-05,0.000172633,13897.1,13931.1,0.0475367
sae_l1,m5120_l11e-05,0.00012207,14643.9,14677.9,0.0475315
sae_l1,m5120_l11e-05,8.63167e-05,15381.6,15415.6,0.0475294
sae_l1,m5120_l11e-05,6.10352e-05,16111.3,16145.3,0.0475281
sae_l1,m5120_l13e-05,0.125,32.1377,38.204,0.845511
sae_l1,m5120_l13e-05,0.0883883,75.8668,86.8175,0.752807
sae_l1,m5120_l13e-05,0.0625,171.543,186.108,0.634692
sae_l1,m5120_l13e-05,0.0441942,359.93,372.825,0.501537
sae_l1,m5120_l13e-05,0.03125,655.71,663.295,0.386336
sae_l1,m5120_l13e-05,0.0220971,1030.17,1033.75,0.309231
sae_l1,m5120_l13e-05,0.015625,1448.44,1451.02,0.265612
sae_l1,m5120_l13e-05,0.0110485,1887.1,1891.01,0.242772
sae_l1,m5120_l13e-05,0.0078125,2327.4,2333.6,0.231202
sae_l1,m5120_l13e-05,0.00552427,2756.13,2764.8,0.225331
sae_l1,m5120_l13e-05,0.00390625,3164.16,3175.05,0.222409
sae_l1,m5120_l13e-05,0.00276214,3549.16,3561.85,0.220943
sae_l1,m5120_l13e-05,0.00195312,3911.26,3925.35,0.220197
sae_l1,m5120_l13e-05,0.00138107,4252.6,4267.74,0.219838
sae_l1,m5120_l13e-05,0.000976562,4576.29,4592.21,0.219651
sae_l1,m5120_l13e-05,0.000690534,4885.23,4901.73,0.219559
sae_l1,m5120_l13e-05,0.000488281,5181.78,5198.71,0.219514
sae_l1,m5120_l13e-05,0.000345267,5468.47,5485.71,0.219492
sae_l1,m5120_l13e-05,0.000244141,5747.21,5764.67,0.219479
sae_l1,m5120_l13e-05,0.000172633,6019.31,6036.92,0.219474
sae_l1,m5120_l13e-05,0.00012207,6285.41,6303.13,0.219472
sae_l1,m5120_l13e-05,8.63167e-05,6546.07,6563.87,0.21947
sae_l1,m5120_l13e-05,6.10352e-05,6801.17,6819.02,0.219469
sae_l1,m5120_l13e-06,0.125,51.156,79.0281,0.855487
sae_l1,m5120_l13e-06,0.0883883,138.469,189.157,0.748798
sae_l1,m5120_l13e-06,0.0625,381.965,480.52,0.568139
sae_l1,m5120_l13e-06,0.0441942,822.486,1018.73,0.362793
sae_l1,m5120_l13e-06,0.03125,1393.05,1730.81,0.207067
sae_l1,m5120_l13e-06,0.0220971,2040.95,2533.51,0.114107
sae_l1,m5120_l13e-06,0.015625,2768.15,3399.54,0.0636228
sae_l1,m5120_l13e-06,0.0110485,3575.76,4311.07,0.0367304
sae_l1,m5120_l13e-06,0.0078125,4458.11,5249.1,0.0222403
sae_l1,m5120_l13e-06,0.00552427,5406.98,6202.16,0.0141494
sae_l1,m5120_l13e-06,0.00390625,6396.07,7160.84,0.00972404
sae_l1,m5120_l13e-06,0.00276214,7396,8119.6,0.00746029
sae_l1,m5120_l13e-06,0.00195312,8391.78,9078.31,0.00634363
sae_l1,m5120_l13e-06,0.00138107,9375.81,10033.9,0.00578991
sae_l1,m5120_l13e-06,0.000976562,10341.9,10979.6,0.00551365
sae_l1,m5120_l13e-06,0.000690534,11286.4,11910,0.00537645
sae_l1,m5120_l13e-06,0.000488281,12209.6,12823.6,0.00530779
sae_l1,m5120_l13e-06,0.000345267,13112.6,13720.1,0.00527341
sae_l1,m5120_l13e-06,0.000244141,13997.7,14600.6,0.00525624
sae_l1,m5120_l13e-06,0.000172633,14867.5,15467.4,0.0052478
sae_l1,m5120_l13e-06,0.00012207,15724.7,16322.4,0.0052434
sae_l1,m5120_l13e-06,8.63167e-05,16570.9,17167.2,0.00524145
sae_l1,m5120_l13e-06,6.10352e-05,17408,18003.2,0.00524032
