bits,fvu
1,0.969875
1.02691,0.969361
1.05455,0.968844
1.08293,0.968323
1.11208,0.967799
1.14201,0.967271
1.17275,0.966739
1.20431,0.966199
1.23672,0.965654
1.27001,0.965102
1.30419,0.964544
1.33929,0.96398
1.37533,0.96341
1.41235,0.962835
1.45036,0.962255
1.48939,0.961669
1.52948,0.961079
1.57064,0.960484
1.61292,0.959884
1.65633,0.959281
1.7009,0.958671
1.74668,0.958054
1.79369,0.95743
1.84197,0.956796
1.89154,0.956155
1.94245,0.955505
1.99473,0.954848
2.04841,0.954182
2.10354,0.953509
2.16016,0.952829
2.2183,0.952141
2.278,0.951446
2.33931,0.950744
2.40227,0.950035
2.46692,0.949317
2.53332,0.948592
2.6015,0.947858
2.67151,0.947114
2.74341,0.946361
2.81725,0.9456
2.89307,0.944829
2.97094,0.944049
3.0509,0.943261
3.13301,0.942463
3.21733,0.941655
3.30392,0.940837
3.39284,0.940009
3.48415,0.93917
3.57793,0.938321
3.67422,0.937462
3.77311,0.936592
3.87466,0.935713
3.97894,0.934825
4.08603,0.933927
4.196,0.93302
4.30893,0.932103
4.4249,0.931177
4.54399,0.93024
4.66628,0.929295
4.79187,0.928341
4.92084,0.927377
5.05328,0.926403
5.18928,0.92542
5.32894,0.924426
5.47236,0.923422
5.61965,0.922408
5.77089,0.921383
5.92621,0.920347
6.08571,0.9193
6.2495,0.918242
6.41769,0.917172
6.59042,0.916092
6.76779,0.914999
6.94994,0.913894
7.13699,0.912777
7.32907,0.911648
7.52632,0.910506
7.72888,0.909352
7.9369,0.908184
8.15051,0.907003
8.36987,0.905809
8.59514,0.904601
8.82646,0.90338
9.06402,0.902144
9.30796,0.900894
9.55848,0.89963
9.81573,0.898352
10.0799,0.897059
10.3512,0.895751
10.6298,0.894428
10.9159,0.893089
11.2097,0.891735
11.5114,0.890365
11.8212,0.888979
12.1393,0.887577
12.466,0.886159
12.8015,0.884724
13.1461,0.883272
13.4999,0.881802
13.8632,0.880315
14.2363,0.87881
14.6195,0.877288
15.013,0.875748
15.417,0.874191
15.832,0.872614
16.258,0.871019
16.6956,0.869406
17.145,0.867772
17.6064,0.866119
18.0802,0.864447
18.5669,0.862754
19.0666,0.861042
19.5797,0.85931
20.1067,0.857557
20.6478,0.855781
21.2035,0.853984
21.7742,0.852164
22.3602,0.850321
22.962,0.848454
23.58,0.846564
24.2146,0.84465
24.8664,0.842711
25.5356,0.840747
26.2229,0.838757
26.9286,0.836742
27.6534,0.834699
28.3976,0.83263
29.1619,0.830533
29.9468,0.828408
30.7528,0.826254
31.5804,0.82407
32.4304,0.821857
33.3032,0.819614
34.1995,0.817341
35.12,0.815037
36.0652,0.812701
37.0358,0.810334
38.0326,0.807934
39.0562,0.805502
40.1073,0.803036
41.1868,0.800537
42.2953,0.798003
43.4336,0.795434
44.6026,0.79283
45.803,0.790189
47.0357,0.787512
48.3016,0.784798
49.6016,0.782046
50.9366,0.779256
52.3075,0.776426
53.7153,0.773557
55.1609,0.770648
56.6455,0.767697
58.1701,0.764705
59.7357,0.761671
61.3434,0.758593
62.9944,0.755473
64.6898,0.752308
66.4308,0.749098
68.2187,0.745843
70.0548,0.742541
71.9402,0.739193
73.8764,0.735797
75.8647,0.732354
77.9065,0.728862
80.0032,0.725321
82.1564,0.721731
84.3676,0.718091
86.6382,0.7144
88.97,0.710658
91.3645,0.706864
93.8235,0.703018
96.3486,0.69912
98.9417,0.695168
101.605,0.691163
104.339,0.687104
107.147,0.68299
110.031,0.678822
112.992,0.674598
116.033,0.670318
119.156,0.665981
122.363,0.661588
125.657,0.657137
129.038,0.65263
132.511,0.648064
136.078,0.643441
139.74,0.638759
143.501,0.634018
147.363,0.629219
151.329,0.624361
155.402,0.619444
159.585,0.614468
163.88,0.609432
168.29,0.604337
172.82,0.599183
177.471,0.59397
182.247,0.588697
187.152,0.583365
192.189,0.577974
197.362,0.572524
202.674,0.567016
208.128,0.561449
213.73,0.555824
219.482,0.550141
225.389,0.544401
231.455,0.538605
237.685,0.532752
244.082,0.526842
250.651,0.520878
257.397,0.514858
264.324,0.508784
271.438,0.502656
278.744,0.496476
286.246,0.490243
293.95,0.483959
301.861,0.477625
309.985,0.471242
318.328,0.464811
326.895,0.458334
335.693,0.451811
344.728,0.445243
354.006,0.438633
363.534,0.431982
373.318,0.425291
383.365,0.418562
393.683,0.411797
404.278,0.404997
415.159,0.398165
426.333,0.391302
437.807,0.38441
449.59,0.377493
461.69,0.370551
474.116,0.363588
486.876,0.356605
499.98,0.349605
513.436,0.342591
527.255,0.335565
541.445,0.32853
556.017,0.321488
570.982,0.314444
586.349,0.307399
602.13,0.300356
618.336,0.293319
634.978,0.286291
652.067,0.279274
669.617,0.272272
687.639,0.265289
706.146,0.258327
725.151,0.251391
744.667,0.244483
764.709,0.237608
785.29,0.230769
800,0.226013
806.425,0.223969
828.129,0.217213
850.417,0.210505
873.305,0.203847
896.809,0.197245
920.946,0.190702
945.732,0.184223
971.185,0.17781
997.324,0.171469
1024.17,0.165204
1051.73,0.159018
1080.04,0.152916
1109.1,0.146902
1138.95,0.14098
1169.61,0.135155
1201.09,0.129431
1233.41,0.123811
1266.61,0.118299
1300.7,0.1129
1335.7,0.107617
1371.65,0.102453
1408.57,0.0974125
1446.48,0.0924977
1485.41,0.0877118
1525.39,0.0830574
1566.44,0.0785371
1608.6,0.0741528
1651.89,0.0699066
1696.35,0.0658001
1742.01,0.0618351
1788.89,0.0580129
1837.04,0.0543343
1886.48,0.0507999
1900,0.0498741
1937.25,0.0474103
1989.39,0.0441654
2042.93,0.0410647
2097.91,0.0381075
2154.38,0.0352928
2212.36,0.0326191
2271.9,0.0300845
2333.05,0.027687
2395.84,0.025424
2460.32,0.0232927
2526.54,0.0212901
2594.54,0.0194128
2664.36,0.0176573
2736.07,0.0160198
2809.71,0.0144964
2885.33,0.0130828
2962.99,0.0117748
3042.73,0.0105676
3124.62,0.00945674
3208.72,0.00843739
3295.08,0.00750485
3383.76,0.00665439
3474.83,0.00588126
3568.35,0.00518072
3664.39,0.00454809
3763.01,0.00397876
3864.29,0.00346822
3968.29,0.00301205
4075.09,0.002606
4184.77,0.00224594
4297.39,0.00192792
4413.05,0.00164817
4531.83,0.00140312
4653.79,0.00118936
4779.05,0.00100372
4907.67,0.000843196
5039.75,0.000705038
5175.39,0.00058669
5314.68,0.000485805
5457.72,0.000400236
5604.61,0.000328029
5755.45,0.00026742
5910.35,0.000216821
6069.42,0.000174813
6232.77,0.00014013
6400.52,0.000111662
6572.78,8.84346e-05
6749.68,6.96009e-05
6931.34,5.44262e-05
7117.89,4.22793e-05
7309.45,3.26208e-05
7506.18,2.49937e-05
7708.2,1.90131e-05
7915.66,1.43575e-05
8128.7,1.07602e-05
8347.47,8.00191e-06
8572.13,5.90342e-06
8802.84,4.31975e-06
9039.76,3.13446e-06
9283.05,2.25486e-06
9532.89,1.60777e-06
9789.46,1.13599e-06
10052.9,7.95185e-07
10323.5,5.51304e-07
10601.3,3.78471e-07
10886.7,2.57204e-07
11179.7,1.72985e-07
11480.6,1.15107e-07
11789.5,7.5759e-08
12106.8,4.93035e-08
12432.7,3.17175e-08
12767.3,2.01635e-08
13110.9,1.2663e-08
13463.8,7.85363e-09
13826.1,4.80862e-09
14198.2,2.90561e-09
14580.4,1.73207e-09
14972.8,1.01823e-09
15375.8,5.90089e-10
15789.6,3.36986e-10
16214.5,1.89565e-10
16650.9,1.04998e-10
17099.1,5.72398e-11
17559.3,3.06989e-11
18031.9,1.61907e-11
18517.2,8.39327e-12
19015.5,4.27481e-12
19527.3,2.13804e-12
20052.9,1.04958e-12
20592.6,5.05478e-13
21146.8,2.38697e-13
21715.9,1.10464e-13
22300.4,5.00714e-14
22900.6,2.22182e-14
23516.9,9.64567e-15
24149.8,4.09451e-15
24799.8,1.69846e-15
25467.3,6.88059e-16
26152.7,2.7204e-16
26856.5,1.04905e-16
27579.4,3.94293e-17
28321.6,1.44346e-17
29083.9,5.14333e-18
29866.6,1.78247e-18
30670.4,6.00365e-19
31495.9,1.96376e-19
32343.6,6.23302e-20
33214.1,1.91821e-20
34108,5.71898e-21
35026,1.65042e-21
35968.6,4.60624e-22
36936.7,1.24217e-22
37930.8,3.23368e-23
38951.7,8.11863e-24
40000,1.96387e-24
