step,reward,eff,coll,hit
1,-0.0097,0.0952,0.1049,
2,-0.2331,-0.1278,0.1053,
3,-0.2236,-0.1180,0.1056,
4,-0.2237,-0.1189,0.1048,
5,-0.2605,-0.1563,0.1042,
6,-0.2045,-0.1002,0.1043,
7,-0.2266,-0.1226,0.1040,
8,-0.2615,-0.1584,0.1031,
9,-0.1952,-0.0920,0.1031,
10,-0.2389,-0.1373,0.1016,
11,0.1122,0.2120,0.0999,
12,0.3477,0.4459,0.0982,
13,1.0045,1.0998,0.0953,
14,2.6859,2.7805,0.0946,
15,5.3570,5.4507,0.0936,
16,2.9575,3.0510,0.0935,
17,1.7848,1.8797,0.0949,
18,5.7954,5.8897,0.0944,
19,7.6160,7.7111,0.0951,
20,9.8861,9.9823,0.0962,
21,7.4620,7.5588,0.0967,
22,9.7847,9.8817,0.0970,
23,9.6730,9.7695,0.0965,
24,10.9705,11.0674,0.0969,
25,11.1024,11.1988,0.0964,
26,11.2315,11.3275,0.0960,
27,11.0016,11.0975,0.0959,
28,11.2418,11.3374,0.0956,
29,11.2444,11.3407,0.0963,
30,11.2966,11.3925,0.0959,
31,11.2302,11.3261,0.0960,
32,11.0438,11.1394,0.0956,
33,11.3208,11.4168,0.0959,
34,11.2634,11.3585,0.0951,
35,11.2901,11.3861,0.0959,
36,11.2745,11.3701,0.0956,
37,11.2655,11.3607,0.0952,
38,11.2667,11.3626,0.0959,
39,11.2961,11.3919,0.0958,
40,11.2809,11.3763,0.0954,
41,11.1023,11.1974,0.0951,
42,11.2921,11.3875,0.0953,
43,11.2861,11.3818,0.0957,
44,11.3349,11.4310,0.0961,
45,11.2330,11.3287,0.0956,
46,11.2181,11.3138,0.0957,
47,11.2276,11.3228,0.0953,
48,11.3419,11.4377,0.0959,
49,11.2708,11.3666,0.0958,
50,11.2657,11.3609,0.0951,
51,11.3170,11.4122,0.0952,
52,11.2279,11.3236,0.0957,
53,11.1269,11.2224,0.0955,
54,11.2724,11.3672,0.0947,
55,11.3049,11.4010,0.0962,
56,11.2881,11.3829,0.0949,
57,11.2886,11.3839,0.0953,
58,11.3118,11.4078,0.0960,
59,11.2915,11.3860,0.0945,
60,11.2916,11.3873,0.0957,
61,11.3019,11.3971,0.0952,
62,11.1910,11.2867,0.0957,
63,11.3113,11.4072,0.0959,
64,11.2222,11.3175,0.0953,
65,11.2910,11.3858,0.0948,
66,11.2152,11.3105,0.0954,
67,11.2794,11.3744,0.0950,
68,11.2557,11.3505,0.0948,
69,11.3373,11.4326,0.0954,
70,11.3033,11.3980,0.0947,
71,11.2064,11.3014,0.0950,
72,11.3015,11.3963,0.0948,
73,11.3301,11.4251,0.0950,
74,11.2426,11.3379,0.0953,
75,11.2174,11.3126,0.0952,
76,11.3315,11.4263,0.0948,
77,11.2562,11.3512,0.0949,
78,11.3031,11.3976,0.0946,
79,11.2452,11.3394,0.0942,
80,11.2995,11.3937,0.0942,
81,11.2562,11.3504,0.0942,
82,11.2926,11.3877,0.0951,
83,11.2974,11.3923,0.0949,
84,11.2563,11.3511,0.0948,
85,11.2728,11.3668,0.0940,
86,11.2586,11.3536,0.0950,
87,11.1927,11.2870,0.0943,
88,11.2533,11.3481,0.0948,
89,11.2622,11.3569,0.0947,
90,11.3362,11.4306,0.0944,
91,11.3187,11.4131,0.0944,
92,11.3142,11.4094,0.0951,
93,11.2621,11.3567,0.0946,
94,11.2279,11.3229,0.0950,
95,11.2451,11.3403,0.0952,
96,11.2660,11.3609,0.0949,
97,11.2811,11.3755,0.0944,
98,11.2243,11.3190,0.0947,
99,11.2131,11.3080,0.0949,
100,10.9186,11.0129,0.0943,
101,11.2042,11.2993,0.0951,
102,11.2612,11.3552,0.0940,
103,11.2815,11.3761,0.0946,
104,11.3214,11.4157,0.0943,
105,11.3109,11.4057,0.0948,
106,11.2509,11.3452,0.0943,
107,11.2368,11.3311,0.0943,
108,11.2265,11.3209,0.0943,
109,11.2860,11.3802,0.0942,
110,11.3051,11.3989,0.0938,
111,11.2756,11.3699,0.0943,
112,11.2187,11.3130,0.0943,
113,11.2723,11.3666,0.0943,
114,11.3252,11.4192,0.0940,
115,11.3091,11.4030,0.0939,
116,11.2740,11.3680,0.0940,
117,11.2890,11.3833,0.0943,
118,11.2638,11.3582,0.0943,
119,11.3042,11.3983,0.0941,
120,11.3386,11.4331,0.0945,
121,11.2638,11.3576,0.0938,
122,11.2797,11.3740,0.0943,
123,11.2703,11.3644,0.0941,
124,11.2758,11.3703,0.0945,
125,11.2038,11.2978,0.0940,
126,11.3267,11.4210,0.0943,
127,11.2914,11.3856,0.0942,
128,11.2454,11.3392,0.0938,
129,11.2525,11.3467,0.0942,
130,11.3015,11.3958,0.0942,
131,11.3030,11.3971,0.0941,
132,11.3196,11.4135,0.0939,
133,11.2222,11.3161,0.0939,
134,11.2092,11.3029,0.0936,
135,11.3222,11.4160,0.0937,
136,11.2045,11.2985,0.0940,
137,11.3029,11.3970,0.0941,
138,11.2901,11.3839,0.0938,
139,11.2042,11.2983,0.0941,
140,11.3213,11.4145,0.0932,
141,11.3352,11.4293,0.0940,
142,11.2603,11.3542,0.0939,
143,11.2368,11.3305,0.0937,
144,11.2131,11.3073,0.0942,
145,11.2496,11.3434,0.0937,
146,11.2681,11.3615,0.0934,
147,11.3049,11.3987,0.0938,
148,11.2880,11.3820,0.0940,
149,11.3220,11.4159,0.0940,
150,11.2969,11.3908,0.0938,
151,11.2848,11.3792,0.0943,
152,11.2586,11.3520,0.0934,
153,11.2898,11.3837,0.0939,
154,11.2842,11.3778,0.0936,
155,11.3054,11.3994,0.0940,
156,11.2300,11.3239,0.0939,
157,11.3513,11.4452,0.0939,
158,11.2464,11.3397,0.0933,
159,11.2786,11.3726,0.0939,
160,11.3139,11.4080,0.0940,
161,11.3039,11.3986,0.0947,
162,11.2814,11.3750,0.0936,
163,11.3144,11.4079,0.0935,
164,11.3085,11.4020,0.0934,
165,11.2505,11.3436,0.0931,
166,11.2703,11.3641,0.0938,
167,11.2652,11.3594,0.0942,
168,11.3600,11.4533,0.0933,
169,11.2918,11.3851,0.0933,
170,11.3096,11.4026,0.0930,
171,11.2718,11.3650,0.0932,
172,11.3358,11.4289,0.0931,
173,11.2691,11.3620,0.0929,
174,11.2510,11.3448,0.0939,
175,11.2925,11.3863,0.0938,
176,11.3398,11.4337,0.0940,
177,11.2704,11.3636,0.0932,
178,11.2392,11.3322,0.0930,
179,11.3181,11.4108,0.0927,
180,11.3275,11.4210,0.0935,
181,11.3185,11.4118,0.0933,
182,11.2954,11.3886,0.0932,
183,11.2753,11.3686,0.0933,
184,11.2639,11.3569,0.0930,
185,11.3184,11.4114,0.0929,
186,11.2912,11.3840,0.0927,
187,11.2803,11.3738,0.0935,
188,11.1738,11.2673,0.0935,
189,11.3220,11.4151,0.0931,
190,11.2543,11.3476,0.0933,
191,11.3183,11.4121,0.0937,
192,11.3506,11.4439,0.0932,
193,11.1940,11.2868,0.0928,
194,11.3033,11.3958,0.0925,
195,11.2946,11.3880,0.0934,
196,11.3461,11.4390,0.0929,
197,11.3032,11.3956,0.0924,
198,11.3337,11.4261,0.0924,
199,11.3247,11.4183,0.0935,
200,11.2820,11.3749,0.0930,
201,11.3102,11.4035,0.0933,
202,11.3279,11.4203,0.0924,
203,11.2967,11.3894,0.0927,
204,11.2436,11.3367,0.0931,
205,11.2668,11.3594,0.0926,
206,11.2748,11.3674,0.0927,
207,11.2648,11.3577,0.0929,
208,11.2713,11.3641,0.0928,
209,11.3060,11.3986,0.0927,
210,11.3009,11.3940,0.0930,
211,11.2503,11.3425,0.0921,
212,11.3076,11.4000,0.0924,
213,11.3095,11.4018,0.0923,
214,11.3297,11.4221,0.0924,
215,11.2528,11.3451,0.0923,
216,11.2514,11.3434,0.0920,
217,11.2881,11.3810,0.0929,
218,11.2531,11.3448,0.0918,
219,11.2655,11.3580,0.0925,
220,11.2986,11.3909,0.0923,
221,11.2138,11.3062,0.0925,
222,11.3532,11.4450,0.0918,
223,11.3152,11.4079,0.0927,
224,11.2613,11.3534,0.0921,
225,11.3221,11.4137,0.0916,
226,11.3253,11.4173,0.0920,
227,11.3195,11.4107,0.0912,
228,11.2931,11.3852,0.0920,
229,11.2920,11.3839,0.0919,
230,11.2875,11.3791,0.0917,
231,11.3534,11.4451,0.0917,
232,11.3058,11.3974,0.0917,
233,11.2690,11.3613,0.0923,
234,11.2917,11.3844,0.0926,
235,11.2525,11.3445,0.0920,
236,11.2756,11.3674,0.0918,
237,11.3201,11.4126,0.0925,
238,11.3016,11.3937,0.0920,
239,11.3453,11.4376,0.0923,
240,11.3351,11.4270,0.0918,
241,11.2524,11.3444,0.0920,
242,11.2538,11.3454,0.0915,
243,11.2560,11.3473,0.0913,
244,11.2881,11.3796,0.0916,
245,11.2359,11.3275,0.0916,
246,11.3788,11.4703,0.0915,
247,11.2924,11.3839,0.0915,
248,11.3587,11.4497,0.0911,
249,11.2306,11.3223,0.0917,
250,11.3131,11.4052,0.0921,
251,11.2210,11.3137,0.0927,
252,11.3164,11.4077,0.0913,
253,11.3097,11.4012,0.0915,
254,11.3289,11.4205,0.0916,
255,11.3064,11.3979,0.0916,
256,11.1930,11.2840,0.0910,
257,11.3129,11.4042,0.0913,
258,11.3037,11.3949,0.0911,
259,11.3131,11.4039,0.0908,
260,11.2734,11.3650,0.0916,
261,11.2685,11.3599,0.0914,
262,11.2802,11.3714,0.0913,
263,11.2839,11.3749,0.0911,
264,11.3106,11.4016,0.0910,
265,11.2713,11.3626,0.0913,
266,11.2391,11.3304,0.0913,
267,11.2948,11.3860,0.0913,
268,11.3283,11.4189,0.0907,
269,11.2709,11.3624,0.0915,
270,11.2657,11.3568,0.0911,
271,11.2052,11.2967,0.0915,
272,11.2326,11.3247,0.0921,
273,11.3085,11.3987,0.0902,
274,11.3118,11.4028,0.0909,
275,11.3343,11.4247,0.0905,
276,11.3176,11.4084,0.0908,
277,11.3493,11.4399,0.0907,
278,11.3102,11.4011,0.0909,
279,11.3213,11.4117,0.0904,
280,11.3316,11.4216,0.0900,
281,11.2604,11.3515,0.0911,
282,11.2996,11.3908,0.0912,
283,11.3041,11.3945,0.0904,
284,11.2979,11.3885,0.0906,
285,11.2970,11.3877,0.0908,
286,11.2361,11.3271,0.0911,
287,11.2908,11.3819,0.0911,
288,11.3134,11.4034,0.0900,
289,11.3261,11.4162,0.0902,
290,11.2738,11.3645,0.0907,
291,11.3005,11.3915,0.0910,
292,11.2769,11.3668,0.0899,
293,11.3002,11.3903,0.0901,
294,11.3044,11.3940,0.0897,
295,11.3364,11.4270,0.0906,
296,11.3742,11.4640,0.0898,
297,11.2687,11.3595,0.0908,
298,11.2992,11.3897,0.0905,
299,11.3402,11.4308,0.0905,
300,11.2979,11.3873,0.0894,
301,11.3028,11.3931,0.0903,
302,11.3286,11.4189,0.0903,
303,11.3104,11.4015,0.0911,
304,11.3440,11.4340,0.0900,
305,11.3057,11.3957,0.0900,
306,11.3164,11.4069,0.0904,
307,11.2772,11.3672,0.0900,
308,11.3005,11.3896,0.0891,
309,11.2587,11.3482,0.0895,
310,11.3143,11.4047,0.0904,
311,11.3086,11.3976,0.0890,
312,11.3354,11.4252,0.0898,
313,11.2740,11.3637,0.0898,
314,11.3508,11.4412,0.0903,
315,11.2193,11.3089,0.0897,
316,11.3270,11.4162,0.0891,
317,11.2515,11.3420,0.0905,
318,11.3328,11.4225,0.0897,
319,11.3252,11.4142,0.0890,
320,11.2797,11.3688,0.0891,
321,11.3530,11.4423,0.0893,
322,11.2927,11.3820,0.0893,
323,11.3352,11.4252,0.0900,
324,11.3182,11.4080,0.0898,
325,11.2438,11.3339,0.0901,
326,11.2775,11.3672,0.0897,
327,11.2645,11.3540,0.0895,
328,11.3599,11.4478,0.0880,
329,11.2741,11.3642,0.0901,
330,11.3033,11.3926,0.0892,
331,11.3025,11.3910,0.0885,
332,11.2695,11.3584,0.0888,
333,11.3185,11.4080,0.0894,
334,11.3389,11.4277,0.0888,
335,11.3538,11.4440,0.0902,
336,11.2904,11.3791,0.0887,
337,11.2467,11.3363,0.0896,
338,11.2544,11.3439,0.0895,
339,11.3107,11.3993,0.0887,
340,11.3242,11.4136,0.0894,
341,11.2626,11.3524,0.0897,
342,11.3149,11.4039,0.0890,
343,11.2583,11.3481,0.0898,
344,11.2731,11.3614,0.0883,
345,11.2847,11.3730,0.0883,
346,11.3002,11.3888,0.0886,
347,11.2957,11.3846,0.0889,
348,11.2927,11.3815,0.0889,
349,11.3422,11.4303,0.0880,
350,11.2800,11.3687,0.0887,
351,11.3516,11.4397,0.0881,
352,11.2844,11.3733,0.0889,
353,11.2887,11.3770,0.0883,
354,11.2921,11.3799,0.0878,
355,11.2506,11.3383,0.0877,
356,11.3137,11.4019,0.0882,
357,11.3293,11.4175,0.0882,
358,11.2751,11.3638,0.0888,
359,11.3394,11.4278,0.0883,
360,11.2626,11.3511,0.0885,
361,11.3490,11.4364,0.0874,
362,11.3352,11.4223,0.0871,
363,11.2229,11.3125,0.0896,
364,11.3381,11.4257,0.0876,
365,11.3341,11.4217,0.0875,
366,11.2858,11.3739,0.0881,
367,11.2655,11.3549,0.0894,
368,11.3058,11.3941,0.0883,
369,11.3069,11.3952,0.0883,
370,11.3084,11.3960,0.0876,
371,11.2932,11.3817,0.0885,
372,11.3139,11.4016,0.0877,
373,11.3249,11.4131,0.0882,
374,11.3303,11.4172,0.0869,
375,11.3305,11.4182,0.0878,
376,11.2817,11.3695,0.0878,
377,11.2475,11.3349,0.0874,
378,11.3196,11.4066,0.0870,
379,11.2277,11.3156,0.0878,
380,11.2810,11.3682,0.0872,
381,11.2720,11.3596,0.0876,
382,11.3455,11.4336,0.0881,
383,11.3122,11.3999,0.0877,
384,11.3123,11.4001,0.0878,
385,11.3072,11.3953,0.0881,
386,11.3049,11.3920,0.0871,
387,11.3323,11.4195,0.0873,
388,11.3132,11.4011,0.0879,
389,11.3061,11.3937,0.0876,
390,11.3211,11.4082,0.0871,
391,11.3423,11.4295,0.0872,
392,11.3506,11.4371,0.0865,
393,11.3136,11.4016,0.0880,
394,11.3055,11.3934,0.0879,
395,11.3277,11.4152,0.0876,
396,11.3416,11.4282,0.0866,
397,11.3421,11.4292,0.0872,
398,11.3293,11.4158,0.0865,
399,11.2915,11.3778,0.0864,
400,11.3284,11.4154,0.0869,
401,11.2836,11.3714,0.0878,
402,11.2421,11.3297,0.0876,
403,11.3184,11.4054,0.0870,
404,11.3419,11.4291,0.0871,
405,11.3349,11.4209,0.0860,
406,11.2602,11.3485,0.0882,
407,11.3418,11.4288,0.0870,
408,11.2819,11.3683,0.0864,
409,11.2660,11.3523,0.0862,
410,11.3156,11.4020,0.0864,
411,11.3127,11.3990,0.0863,
412,11.3608,11.4467,0.0859,
413,11.3199,11.4059,0.0860,
414,11.3215,11.4092,0.0876,
415,11.3132,11.4009,0.0876,
416,11.3168,11.4035,0.0867,
417,11.3213,11.4069,0.0856,
418,11.2968,11.3826,0.0858,
419,11.3186,11.4057,0.0871,
420,11.2412,11.3278,0.0865,
421,11.3146,11.4019,0.0874,
422,11.2733,11.3595,0.0862,
423,11.2505,11.3385,0.0880,
424,11.3737,11.4588,0.0851,
425,11.2908,11.3776,0.0868,
426,11.3244,11.4103,0.0859,
427,11.2771,11.3636,0.0865,
428,11.2856,11.3705,0.0849,
429,11.3290,11.4155,0.0865,
430,11.3371,11.4234,0.0863,
431,11.2474,11.3333,0.0858,
432,11.2621,11.3487,0.0866,
433,11.3103,11.3975,0.0871,
434,11.3067,11.3923,0.0856,
435,11.3639,11.4486,0.0847,
436,11.2963,11.3826,0.0863,
437,11.3428,11.4286,0.0858,
438,11.3092,11.3951,0.0858,
439,11.3084,11.3935,0.0851,
440,11.2992,11.3856,0.0863,
441,11.3692,11.4552,0.0860,
442,11.3236,11.4089,0.0853,
443,11.3456,11.4314,0.0858,
444,11.2662,11.3515,0.0854,
445,11.2350,11.3208,0.0858,
446,11.2452,11.3302,0.0850,
447,11.3535,11.4375,0.0840,
448,11.3403,11.4241,0.0839,
449,11.3340,11.4192,0.0852,
450,11.3073,11.3923,0.0851,
451,11.2455,11.3322,0.0868,
452,11.2631,11.3486,0.0855,
453,11.3131,11.3969,0.0838,
454,11.2548,11.3414,0.0867,
455,11.3194,11.4046,0.0852,
456,11.2870,11.3724,0.0855,
457,11.2326,11.3172,0.0846,
458,11.3003,11.3856,0.0853,
459,11.2706,11.3566,0.0860,
460,11.2528,11.3381,0.0853,
461,11.2873,11.3723,0.0851,
462,11.2456,11.3315,0.0859,
463,11.3056,11.3913,0.0857,
464,11.3239,11.4077,0.0838,
465,11.3027,11.3871,0.0844,
466,11.3510,11.4349,0.0838,
467,11.2923,11.3762,0.0839,
468,11.2700,11.3548,0.0848,
469,11.2683,11.3532,0.0849,
470,11.3330,11.4178,0.0848,
471,11.3073,11.3931,0.0858,
472,11.2998,11.3832,0.0834,
473,11.2750,11.3596,0.0846,
474,11.2940,11.3773,0.0834,
475,11.3346,11.4176,0.0830,
476,11.3290,11.4134,0.0845,
477,11.2897,11.3745,0.0847,
478,11.3070,11.3914,0.0844,
479,11.3180,11.4028,0.0849,
480,11.2721,11.3561,0.0840,
481,11.2647,11.3496,0.0848,
482,11.3321,11.4149,0.0828,
483,11.3128,11.3969,0.0841,
484,11.2611,11.3463,0.0852,
485,11.2923,11.3768,0.0845,
486,11.3136,11.3982,0.0846,
487,11.3163,11.3988,0.0825,
488,11.2962,11.3804,0.0842,
489,11.3301,11.4131,0.0830,
490,11.2661,11.3513,0.0852,
491,11.3218,11.4053,0.0834,
492,11.3503,11.4345,0.0842,
493,11.3036,11.3862,0.0826,
494,11.2948,11.3800,0.0852,
495,11.2979,11.3819,0.0839,
496,11.2831,11.3674,0.0843,
497,11.3306,11.4145,0.0839,
498,11.2706,11.3546,0.0840,
499,11.3483,11.4306,0.0823,
500,11.2749,11.3576,0.0827,
