run,n_sel,s_Hm,layer,stat,value
sweep_top1,1,1e-06,0,partition,0.9533427953720093
sweep_top1,1,1e-06,0,partition_p10,0.9466365575790405
sweep_top1,1,1e-06,0,partition_p90,0.9616690874099731
sweep_top1,1,1e-06,0,random,0.9744772911071777
sweep_top1,1,1e-06,0,random_sd,0.0008290957775898278
sweep_top1,1,1e-06,0,unpartitioned,0.9574937224388123
sweep_top1,1,1e-06,1,partition,0.98637855052948
sweep_top1,1,1e-06,1,partition_p10,0.9850106835365295
sweep_top1,1,1e-06,1,partition_p90,0.9878856539726257
sweep_top1,1,1e-06,1,random,0.9959530830383301
sweep_top1,1,1e-06,1,random_sd,0.0002058330865111202
sweep_top1,1,1e-06,1,unpartitioned,0.9781818389892578
sweep_top1,1,1e-06,2,partition,0.9906893968582153
sweep_top1,1,1e-06,2,partition_p10,0.9894620180130005
sweep_top1,1,1e-06,2,partition_p90,0.9920341372489929
sweep_top1,1,1e-06,2,random,0.9984821677207947
sweep_top1,1,1e-06,2,random_sd,0.00017883638793136925
sweep_top1,1,1e-06,2,unpartitioned,0.9809290170669556
sweep_top1,1,1e-06,3,partition,0.9939785599708557
sweep_top1,1,1e-06,3,partition_p10,0.9927878975868225
sweep_top1,1,1e-06,3,partition_p90,0.9955629706382751
sweep_top1,1,1e-06,3,random,1.000846028327942
sweep_top1,1,1e-06,3,random_sd,9.898344433167949e-05
sweep_top1,1,1e-06,3,unpartitioned,0.9834970831871033
sweep_top1,1,1e-06,4,partition,0.9960643649101257
sweep_top1,1,1e-06,4,partition_p10,0.9949465990066528
sweep_top1,1,1e-06,4,partition_p90,0.997072696685791
sweep_top1,1,1e-06,4,random,1.0022646188735962
sweep_top1,1,1e-06,4,random_sd,8.922241249820217e-05
sweep_top1,1,1e-06,4,unpartitioned,0.9849227070808411
sweep_top16,16,1e-06,0,partition,0.9550400376319885
sweep_top16,16,1e-06,0,partition_p10,0.9545971155166626
sweep_top16,16,1e-06,0,partition_p90,0.9556138515472412
sweep_top16,16,1e-06,0,random,0.9575040936470032
sweep_top16,16,1e-06,0,random_sd,0.0008455776842311025
sweep_top16,16,1e-06,0,unpartitioned,0.9574937224388123
sweep_top16,16,1e-06,1,partition,0.9759852886199951
sweep_top16,16,1e-06,1,partition_p10,0.9757344722747803
sweep_top16,16,1e-06,1,partition_p90,0.9762561321258545
sweep_top16,16,1e-06,1,random,0.9782021641731262
sweep_top16,16,1e-06,1,random_sd,0.00019383002654649317
sweep_top16,16,1e-06,1,unpartitioned,0.9781874418258667
sweep_top16,16,1e-06,2,partition,0.9602087736129761
sweep_top16,16,1e-06,2,partition_p10,0.9598716497421265
sweep_top16,16,1e-06,2,partition_p90,0.9603959918022156
sweep_top16,16,1e-06,2,random,0.96222323179245
sweep_top16,16,1e-06,2,random_sd,0.0004786019562743604
sweep_top16,16,1e-06,2,unpartitioned,0.9622069001197815
sweep_top16,16,1e-06,3,partition,0.9164175987243652
sweep_top16,16,1e-06,3,partition_p10,0.9164140224456787
sweep_top16,16,1e-06,3,partition_p90,0.9173550605773926
sweep_top16,16,1e-06,3,random,0.9199113845825195
sweep_top16,16,1e-06,3,random_sd,0.0010962046217173338
sweep_top16,16,1e-06,3,unpartitioned,0.919766902923584
sweep_top16,16,1e-06,4,partition,0.9051934480667114
sweep_top16,16,1e-06,4,partition_p10,0.9063764810562134
sweep_top16,16,1e-06,4,partition_p90,0.9069685935974121
sweep_top16,16,1e-06,4,random,0.9092721343040466
sweep_top16,16,1e-06,4,random_sd,0.0015100504970178008
sweep_top16,16,1e-06,4,unpartitioned,0.9091045260429382
sweep_top16_shm,16,3e-05,0,partition,0.951558530330658
sweep_top16_shm,16,3e-05,0,partition_p10,0.9491020441055298
sweep_top16_shm,16,3e-05,0,partition_p90,0.9535582661628723
sweep_top16_shm,16,3e-05,0,random,0.9575170874595642
sweep_top16_shm,16,3e-05,0,random_sd,0.0008412893512286246
sweep_top16_shm,16,3e-05,0,unpartitioned,0.9574937224388123
sweep_top16_shm,16,3e-05,1,partition,0.9811960458755493
sweep_top16_shm,16,3e-05,1,partition_p10,0.9811302423477173
sweep_top16_shm,16,3e-05,1,partition_p90,0.9812711477279663
sweep_top16_shm,16,3e-05,1,random,0.983359158039093
sweep_top16_shm,16,3e-05,1,random_sd,0.00012888658966403455
sweep_top16_shm,16,3e-05,1,unpartitioned,0.983328640460968
sweep_top16_shm,16,3e-05,2,partition,0.9582834243774414
sweep_top16_shm,16,3e-05,2,partition_p10,0.9582110643386841
sweep_top16_shm,16,3e-05,2,partition_p90,0.9583802223205566
sweep_top16_shm,16,3e-05,2,random,0.9602665305137634
sweep_top16_shm,16,3e-05,2,random_sd,0.000520968867931515
sweep_top16_shm,16,3e-05,2,unpartitioned,0.960235595703125
sweep_top16_shm,16,3e-05,3,partition,0.8692650198936462
sweep_top16_shm,16,3e-05,3,partition_p10,0.8687348961830139
sweep_top16_shm,16,3e-05,3,partition_p90,0.8707121014595032
sweep_top16_shm,16,3e-05,3,random,0.8725433349609375
sweep_top16_shm,16,3e-05,3,random_sd,0.0013509582495316863
sweep_top16_shm,16,3e-05,3,unpartitioned,0.8724468350410461
sweep_top16_shm,16,3e-05,4,partition,0.8865768313407898
sweep_top16_shm,16,3e-05,4,partition_p10,0.8840786218643188
sweep_top16_shm,16,3e-05,4,partition_p90,0.8878751397132874
sweep_top16_shm,16,3e-05,4,random,0.8889811635017395
sweep_top16_shm,16,3e-05,4,random_sd,0.001733569661155343
sweep_top16_shm,16,3e-05,4,unpartitioned,0.8889082670211792
sweep_top2,2,1e-06,0,partition,0.947198748588562
sweep_top2,2,1e-06,0,partition_p10,0.9393060207366943
sweep_top2,2,1e-06,0,partition_p90,0.9542704820632935
sweep_top2,2,1e-06,0,random,0.9579882621765137
sweep_top2,2,1e-06,0,random_sd,0.0008478924864903092
sweep_top2,2,1e-06,0,unpartitioned,0.9574937224388123
sweep_top2,2,1e-06,1,partition,0.980392575263977
sweep_top2,2,1e-06,1,partition_p10,0.9798517823219299
sweep_top2,2,1e-06,1,partition_p90,0.9808233380317688
sweep_top2,2,1e-06,1,random,0.9845885634422302
sweep_top2,2,1e-06,1,random_sd,9.568160021444783e-05
sweep_top2,2,1e-06,1,unpartitioned,0.9841800928115845
sweep_top2,2,1e-06,2,partition,0.9815877676010132
sweep_top2,2,1e-06,2,partition_p10,0.9805690050125122
sweep_top2,2,1e-06,2,partition_p90,0.9821507334709167
sweep_top2,2,1e-06,2,random,0.9854889512062073
sweep_top2,2,1e-06,2,random_sd,0.00010018126340582967
sweep_top2,2,1e-06,2,unpartitioned,0.9850172996520996
sweep_top2,2,1e-06,3,partition,0.9816400408744812
sweep_top2,2,1e-06,3,partition_p10,0.9805988669395447
sweep_top2,2,1e-06,3,partition_p90,0.9824644923210144
sweep_top2,2,1e-06,3,random,0.985694169998169
sweep_top2,2,1e-06,3,random_sd,0.00010834562999662012
sweep_top2,2,1e-06,3,unpartitioned,0.9850471615791321
sweep_top2,2,1e-06,4,partition,0.9811555743217468
sweep_top2,2,1e-06,4,partition_p10,0.980989933013916
sweep_top2,2,1e-06,4,partition_p90,0.9813374876976013
sweep_top2,2,1e-06,4,random,0.986696183681488
sweep_top2,2,1e-06,4,random_sd,0.0001767666544765234
sweep_top2,2,1e-06,4,unpartitioned,0.9849441647529602
sweep_top2_shm,2,3e-05,0,partition,0.9382966756820679
sweep_top2_shm,2,3e-05,0,partition_p10,0.9295555353164673
sweep_top2_shm,2,3e-05,0,partition_p90,0.9458178877830505
sweep_top2_shm,2,3e-05,0,random,0.9609994888305664
sweep_top2_shm,2,3e-05,0,random_sd,0.0008309889817610383
sweep_top2_shm,2,3e-05,0,unpartitioned,0.9574937224388123
sweep_top2_shm,2,3e-05,1,partition,0.9809321761131287
sweep_top2_shm,2,3e-05,1,partition_p10,0.9806782007217407
sweep_top2_shm,2,3e-05,1,partition_p90,0.9811611771583557
sweep_top2_shm,2,3e-05,1,random,0.9888127446174622
sweep_top2_shm,2,3e-05,1,random_sd,0.00018395163351669908
sweep_top2_shm,2,3e-05,1,unpartitioned,0.9846632480621338
sweep_top2_shm,2,3e-05,2,partition,0.9829639196395874
sweep_top2_shm,2,3e-05,2,partition_p10,0.9828580021858215
sweep_top2_shm,2,3e-05,2,partition_p90,0.9830465316772461
sweep_top2_shm,2,3e-05,2,random,0.9894380569458008
sweep_top2_shm,2,3e-05,2,random_sd,0.00030078887357376516
sweep_top2_shm,2,3e-05,2,unpartitioned,0.9853545427322388
sweep_top2_shm,2,3e-05,3,partition,0.9824793934822083
sweep_top2_shm,2,3e-05,3,partition_p10,0.9823853969573975
sweep_top2_shm,2,3e-05,3,partition_p90,0.9825752377510071
sweep_top2_shm,2,3e-05,3,random,0.9883154034614563
sweep_top2_shm,2,3e-05,3,random_sd,0.0005580748547799885
sweep_top2_shm,2,3e-05,3,unpartitioned,0.9843504428863525
sweep_top2_shm,2,3e-05,4,partition,0.980689525604248
sweep_top2_shm,2,3e-05,4,partition_p10,0.9805570244789124
sweep_top2_shm,2,3e-05,4,partition_p90,0.9809281826019287
sweep_top2_shm,2,3e-05,4,random,0.9863784909248352
sweep_top2_shm,2,3e-05,4,random_sd,0.0005974973319098353
sweep_top2_shm,2,3e-05,4,unpartitioned,0.9826524257659912
sweep_top4_shm,4,3e-05,0,partition,0.9379839897155762
sweep_top4_shm,4,3e-05,0,partition_p10,0.9316357374191284
sweep_top4_shm,4,3e-05,0,partition_p90,0.9454920291900635
sweep_top4_shm,4,3e-05,0,random,0.9585320949554443
sweep_top4_shm,4,3e-05,0,random_sd,0.0008134896634146571
sweep_top4_shm,4,3e-05,0,unpartitioned,0.9574937224388123
sweep_top4_shm,4,3e-05,1,partition,0.9798808693885803
sweep_top4_shm,4,3e-05,1,partition_p10,0.9797516465187073
sweep_top4_shm,4,3e-05,1,partition_p90,0.9799843430519104
sweep_top4_shm,4,3e-05,1,random,0.98613041639328
sweep_top4_shm,4,3e-05,1,random_sd,0.00013434562424663454
sweep_top4_shm,4,3e-05,1,unpartitioned,0.9851553440093994
sweep_top4_shm,4,3e-05,2,partition,0.9790727496147156
sweep_top4_shm,4,3e-05,2,partition_p10,0.9790099859237671
sweep_top4_shm,4,3e-05,2,partition_p90,0.9791395664215088
sweep_top4_shm,4,3e-05,2,random,0.984348475933075
sweep_top4_shm,4,3e-05,2,random_sd,0.00014130771160125732
sweep_top4_shm,4,3e-05,2,unpartitioned,0.9833842515945435
sweep_top4_shm,4,3e-05,3,partition,0.974013090133667
sweep_top4_shm,4,3e-05,3,partition_p10,0.9741272330284119
sweep_top4_shm,4,3e-05,3,partition_p90,0.9743160009384155
sweep_top4_shm,4,3e-05,3,random,0.9791246056556702
sweep_top4_shm,4,3e-05,3,random_sd,0.00036176678258925676
sweep_top4_shm,4,3e-05,3,unpartitioned,0.9781481623649597
sweep_top4_shm,4,3e-05,4,partition,0.9752709865570068
sweep_top4_shm,4,3e-05,4,partition_p10,0.9752272367477417
sweep_top4_shm,4,3e-05,4,partition_p90,0.9757370948791504
sweep_top4_shm,4,3e-05,4,random,0.9803397059440613
sweep_top4_shm,4,3e-05,4,random_sd,0.00010446288069942966
sweep_top4_shm,4,3e-05,4,unpartitioned,0.9794367551803589
sweep_top8,8,1e-06,0,partition,0.9522191286087036
sweep_top8,8,1e-06,0,partition_p10,0.948078989982605
sweep_top8,8,1e-06,0,partition_p90,0.9548479318618774
sweep_top8,8,1e-06,0,random,0.9575316309928894
sweep_top8,8,1e-06,0,random_sd,0.000839340384118259
sweep_top8,8,1e-06,0,unpartitioned,0.9574937224388123
sweep_top8,8,1e-06,1,partition,0.9798004627227783
sweep_top8,8,1e-06,1,partition_p10,0.9795399308204651
sweep_top8,8,1e-06,1,partition_p90,0.9802442789077759
sweep_top8,8,1e-06,1,random,0.9827432632446289
sweep_top8,8,1e-06,1,random_sd,0.00013901972852181643
sweep_top8,8,1e-06,1,unpartitioned,0.9826997518539429
sweep_top8,8,1e-06,2,partition,0.9758782982826233
sweep_top8,8,1e-06,2,partition_p10,0.9753025770187378
sweep_top8,8,1e-06,2,partition_p90,0.9763562679290771
sweep_top8,8,1e-06,2,random,0.9787213206291199
sweep_top8,8,1e-06,2,random_sd,0.0004136413335800171
sweep_top8,8,1e-06,2,unpartitioned,0.978666365146637
sweep_top8,8,1e-06,3,partition,0.9662948846817017
sweep_top8,8,1e-06,3,partition_p10,0.9657560586929321
sweep_top8,8,1e-06,3,partition_p90,0.966723620891571
sweep_top8,8,1e-06,3,random,0.9691915512084961
sweep_top8,8,1e-06,3,random_sd,0.0007042453507892787
sweep_top8,8,1e-06,3,unpartitioned,0.9691209197044373
sweep_top8,8,1e-06,4,partition,0.9445545673370361
sweep_top8,8,1e-06,4,partition_p10,0.9427815079689026
sweep_top8,8,1e-06,4,partition_p90,0.945734441280365
sweep_top8,8,1e-06,4,random,0.948859691619873
sweep_top8,8,1e-06,4,random_sd,0.0010117136407643557
sweep_top8,8,1e-06,4,unpartitioned,0.9486319422721863
sweep_top8_shm,8,3e-05,0,partition,0.9435614347457886
sweep_top8_shm,8,3e-05,0,partition_p10,0.9399247765541077
sweep_top8_shm,8,3e-05,0,partition_p90,0.9476611614227295
sweep_top8_shm,8,3e-05,0,random,0.9577093124389648
sweep_top8_shm,8,3e-05,0,random_sd,0.0008385271648876369
sweep_top8_shm,8,3e-05,0,unpartitioned,0.9574937224388123
sweep_top8_shm,8,3e-05,1,partition,0.9807774424552917
sweep_top8_shm,8,3e-05,1,partition_p10,0.9806901216506958
sweep_top8_shm,8,3e-05,1,partition_p90,0.9808306694030762
sweep_top8_shm,8,3e-05,1,random,0.9847857356071472
sweep_top8_shm,8,3e-05,1,random_sd,0.0001619675022084266
sweep_top8_shm,8,3e-05,1,unpartitioned,0.9845840334892273
sweep_top8_shm,8,3e-05,2,partition,0.9762357473373413
sweep_top8_shm,8,3e-05,2,partition_p10,0.9761512875556946
sweep_top8_shm,8,3e-05,2,partition_p90,0.9763092398643494
sweep_top8_shm,8,3e-05,2,random,0.979880154132843
sweep_top8_shm,8,3e-05,2,random_sd,0.0005942840944044292
sweep_top8_shm,8,3e-05,2,unpartitioned,0.9796816110610962
sweep_top8_shm,8,3e-05,3,partition,0.9659456014633179
sweep_top8_shm,8,3e-05,3,partition_p10,0.965840220451355
sweep_top8_shm,8,3e-05,3,partition_p90,0.9660295248031616
sweep_top8_shm,8,3e-05,3,random,0.9695045351982117
sweep_top8_shm,8,3e-05,3,random_sd,0.0005311691202223301
sweep_top8_shm,8,3e-05,3,unpartitioned,0.9692967534065247
sweep_top8_shm,8,3e-05,4,partition,0.9497017860412598
sweep_top8_shm,8,3e-05,4,partition_p10,0.9480082988739014
sweep_top8_shm,8,3e-05,4,partition_p90,0.9508655667304993
sweep_top8_shm,8,3e-05,4,random,0.9525916576385498
sweep_top8_shm,8,3e-05,4,random_sd,0.0011280574835836887
sweep_top8_shm,8,3e-05,4,unpartitioned,0.9523078799247742
sweep_softmax,32,1e-06,0,partition,0.955446720123291
sweep_softmax,32,1e-06,0,partition_p10,0.9551029205322266
sweep_softmax,32,1e-06,0,partition_p90,0.9558246731758118
sweep_softmax,32,1e-06,0,random,0.9574978947639465
sweep_softmax,32,1e-06,0,random_sd,0.0008421525126323104
sweep_softmax,32,1e-06,0,unpartitioned,0.9574937224388123
sweep_softmax,32,1e-06,1,partition,0.975102961063385
sweep_softmax,32,1e-06,1,partition_p10,0.9750781059265137
sweep_softmax,32,1e-06,1,partition_p90,0.9751214385032654
sweep_softmax,32,1e-06,1,random,0.9760878682136536
sweep_softmax,32,1e-06,1,random_sd,0.0005496005178429186
sweep_softmax,32,1e-06,1,unpartitioned,0.9760832786560059
sweep_softmax,32,1e-06,2,partition,0.9010478258132935
sweep_softmax,32,1e-06,2,partition_p10,0.9009181261062622
sweep_softmax,32,1e-06,2,partition_p90,0.9011562466621399
sweep_softmax,32,1e-06,2,random,0.9018411636352539
sweep_softmax,32,1e-06,2,random_sd,0.0019180045928806067
sweep_softmax,32,1e-06,2,unpartitioned,0.9018308520317078
sweep_softmax,32,1e-06,3,partition,0.6961434483528137
sweep_softmax,32,1e-06,3,partition_p10,0.6950584650039673
sweep_softmax,32,1e-06,3,partition_p90,0.6980705857276917
sweep_softmax,32,1e-06,3,random,0.6980552673339844
sweep_softmax,32,1e-06,3,random_sd,0.002831114688888192
sweep_softmax,32,1e-06,3,unpartitioned,0.6976803541183472
sweep_softmax,32,1e-06,4,partition,0.8375649452209473
sweep_softmax,32,1e-06,4,partition_p10,0.8300953507423401
sweep_softmax,32,1e-06,4,partition_p90,0.8441528081893921
sweep_softmax,32,1e-06,4,random,0.8698088526725769
sweep_softmax,32,1e-06,4,random_sd,0.002614307915791869
sweep_softmax,32,1e-06,4,unpartitioned,0.8686298727989197
sweep_softmax_shm,32,3e-05,0,partition,0.9551088213920593
sweep_softmax_shm,32,3e-05,0,partition_p10,0.9543811082839966
sweep_softmax_shm,32,3e-05,0,partition_p90,0.9557629823684692
sweep_softmax_shm,32,3e-05,0,random,0.9574975371360779
sweep_softmax_shm,32,3e-05,0,random_sd,0.000843608460854739
sweep_softmax_shm,32,3e-05,0,unpartitioned,0.9574937224388123
sweep_softmax_shm,32,3e-05,1,partition,0.9801038503646851
sweep_softmax_shm,32,3e-05,1,partition_p10,0.9800822138786316
sweep_softmax_shm,32,3e-05,1,partition_p90,0.9801270961761475
sweep_softmax_shm,32,3e-05,1,random,0.9809059500694275
sweep_softmax_shm,32,3e-05,1,random_sd,0.00015099119627848268
sweep_softmax_shm,32,3e-05,1,unpartitioned,0.9809020757675171
sweep_softmax_shm,32,3e-05,2,partition,0.8793576955795288
sweep_softmax_shm,32,3e-05,2,partition_p10,0.8792428374290466
sweep_softmax_shm,32,3e-05,2,partition_p90,0.8794455528259277
sweep_softmax_shm,32,3e-05,2,random,0.8799898624420166
sweep_softmax_shm,32,3e-05,2,random_sd,0.0022231179755181074
sweep_softmax_shm,32,3e-05,2,unpartitioned,0.8799862265586853
sweep_softmax_shm,32,3e-05,3,partition,0.6911475658416748
sweep_softmax_shm,32,3e-05,3,partition_p10,0.6910494565963745
sweep_softmax_shm,32,3e-05,3,partition_p90,0.6912413835525513
sweep_softmax_shm,32,3e-05,3,random,0.6914617419242859
sweep_softmax_shm,32,3e-05,3,random_sd,0.002805598545819521
sweep_softmax_shm,32,3e-05,3,unpartitioned,0.6914637684822083
sweep_softmax_shm,32,3e-05,4,partition,0.5357227325439453
sweep_softmax_shm,32,3e-05,4,partition_p10,0.5357184410095215
sweep_softmax_shm,32,3e-05,4,partition_p90,0.5357259511947632
sweep_softmax_shm,32,3e-05,4,random,0.5357309579849243
sweep_softmax_shm,32,3e-05,4,random_sd,0.0032388854306191206
sweep_softmax_shm,32,3e-05,4,unpartitioned,0.5357310771942139
