step,T_eval,mean_z_cos,median_z_cos,frac_z_cos_gt2,frac_z_cos_lt_neg2,mean_z_sv,mean_H_sample,mean_sharpness,KL_m_eval,H_sample_l0,sharpness_l0,KL_usage_l0,H_sample_l1,sharpness_l1,KL_usage_l1,H_sample_l2,sharpness_l2,KL_usage_l2,H_sample_l3,sharpness_l3,KL_usage_l3,H_sample_l4,sharpness_l4,KL_usage_l4,train_loss,train_MSE,train_KL_m
10000,0.03000,1.839,1.722,0.431,0.000,0.187,4.5251,0.1540,2.2462,4.3640,0.1872,0.5399,3.5300,0.3788,1.4446,4.7509,0.1191,0.2447,4.9849,0.0468,0.0134,4.9955,0.0380,0.0035,0.00215177,0.000637355,0.00529617
20000,0.03000,4.292,3.405,0.719,0.000,1.472,3.6212,0.3207,6.2704,2.6832,0.5106,1.9506,1.1736,0.7791,3.6205,4.3210,0.2102,0.6351,4.9388,0.0622,0.0554,4.9897,0.0413,0.0089,0.00197479,0.000545756,0.154498
30000,0.03000,5.405,3.270,0.588,0.181,5.176,3.1714,0.3731,5.6193,1.8150,0.5848,2.1978,1.6840,0.6309,1.8187,2.7784,0.4618,1.3123,4.6124,0.1373,0.2683,4.9673,0.0506,0.0222,0.00168237,0.00031888,0.719576
40000,0.03000,9.575,5.441,0.719,0.150,10.310,3.7456,0.2567,2.7240,2.8583,0.3813,1.1768,3.1009,0.3621,0.6148,3.5578,0.2943,0.5200,4.2950,0.1807,0.3595,4.9160,0.0651,0.0529,0.00151362,0.000199842,1.23646
50000,0.03000,24.673,22.563,1.000,0.000,28.941,4.3552,0.1477,1.4289,3.8494,0.2075,0.6417,4.1325,0.1836,0.2628,4.3130,0.1603,0.2563,4.6057,0.1159,0.1848,4.8757,0.0714,0.0834,0.00139187,0.000149928,1.38972
60000,0.03000,40.279,36.858,0.969,0.000,29.245,4.5027,0.1245,1.0414,4.0688,0.1755,0.4763,4.3953,0.1430,0.1494,4.5139,0.1281,0.1734,4.6841,0.1021,0.1450,4.8512,0.0738,0.0974,0.00130507,0.000109196,0.986175
70000,0.03000,51.479,45.140,0.963,0.000,27.442,4.5435,0.1183,0.8254,4.1535,0.1636,0.4073,4.4828,0.1300,0.1035,4.5665,0.1193,0.1220,4.6917,0.1011,0.1040,4.8227,0.0777,0.0885,0.00124929,9.4841e-05,0.798697
80000,0.03000,59.634,56.571,0.956,0.000,28.111,4.5622,0.1158,0.7960,4.1983,0.1568,0.3714,4.5217,0.1240,0.0833,4.5913,0.1160,0.1161,4.6946,0.1005,0.1150,4.8049,0.0817,0.1103,0.00119843,8.39339e-05,0.761262
90000,0.03000,64.838,65.137,0.956,0.000,28.528,4.5784,0.1131,0.7545,4.2354,0.1516,0.3419,4.5441,0.1203,0.0738,4.6058,0.1133,0.1162,4.7088,0.0978,0.1135,4.7977,0.0828,0.1090,0.00115707,7.68055e-05,0.719543
100000,0.03000,69.133,75.426,0.950,0.000,28.923,4.5971,0.1099,0.7507,4.2786,0.1456,0.3111,4.5663,0.1163,0.0689,4.6307,0.1087,0.1179,4.7129,0.0976,0.1276,4.7971,0.0812,0.1252,0.00110851,7.39219e-05,0.709408
110000,0.03000,72.212,83.006,0.956,0.000,29.822,4.5393,0.1220,1.2910,4.3106,0.1419,0.2885,4.5108,0.1301,0.2039,4.5537,0.1237,0.2404,4.5743,0.1242,0.3571,4.7471,0.0902,0.2012,0.00118361,0.000181759,0.957203
120000,0.03000,76.275,91.102,0.969,0.000,30.540,4.6001,0.1099,0.6976,4.3477,0.1366,0.2588,4.5921,0.1121,0.0558,4.6395,0.1075,0.1065,4.6720,0.1035,0.1398,4.7492,0.0899,0.1367,0.0010394,6.51981e-05,0.627996
130000,0.03000,78.553,96.026,0.981,0.000,31.312,4.6112,0.1082,0.5989,4.3703,0.1334,0.2411,4.6005,0.1103,0.0478,4.6424,0.1069,0.0944,4.6967,0.1000,0.1116,4.7461,0.0901,0.1039,0.00100857,6.29442e-05,0.57665
140000,0.03000,81.837,103.704,0.981,0.000,31.940,4.6092,0.1085,0.5592,4.3946,0.1301,0.2231,4.6075,0.1088,0.0451,4.6410,0.1071,0.0916,4.6824,0.1022,0.1066,4.7207,0.0945,0.0929,0.000976486,5.92411e-05,0.547818
150000,0.03000,85.526,107.746,0.988,0.000,32.786,4.6291,0.1054,0.6145,4.4206,0.1264,0.2055,4.6197,0.1063,0.0480,4.6489,0.1054,0.1139,4.6877,0.1013,0.1336,4.7685,0.0877,0.1136,0.000930262,5.79223e-05,0.578885
160000,0.03000,88.588,111.276,1.000,0.000,33.394,4.6332,0.1049,0.5618,4.4418,0.1234,0.1901,4.6201,0.1060,0.0450,4.6407,0.1071,0.1098,4.6831,0.1028,0.1229,4.7804,0.0854,0.0940,0.00090882,5.41632e-05,0.521394
170000,0.03000,90.597,112.693,1.000,0.000,33.621,4.6252,0.1061,0.5710,4.4513,0.1220,0.1806,4.6190,0.1058,0.0466,4.6276,0.1093,0.1125,4.6691,0.1036,0.1279,4.7589,0.0897,0.1033,0.000880062,5.4394e-05,0.521341
180000,0.03000,93.593,114.388,1.000,0.000,33.574,4.6399,0.1035,0.5660,4.4740,0.1188,0.1657,4.6273,0.1041,0.0488,4.6428,0.1067,0.1151,4.6803,0.1027,0.1285,4.7752,0.0854,0.1079,0.00085256,6.32971e-05,0.529403
190000,0.03000,95.848,115.671,1.000,0.000,33.720,4.6349,0.1048,0.4247,4.4891,0.1166,0.1537,4.6283,0.1035,0.0357,4.6289,0.1093,0.0914,4.6766,0.1033,0.0865,4.7517,0.0916,0.0573,0.000837566,4.96675e-05,0.404573
200000,0.03000,97.523,115.813,1.000,0.000,33.844,4.6489,0.1026,0.4167,4.5041,0.1145,0.1422,4.6295,0.1030,0.0372,4.6323,0.1086,0.0944,4.6905,0.1013,0.0833,4.7880,0.0854,0.0595,0.000814332,4.68046e-05,0.406546
210000,0.03000,99.576,116.601,1.000,0.000,34.054,4.6534,0.1020,0.4480,4.5209,0.1119,0.1324,4.6333,0.1020,0.0433,4.6393,0.1071,0.1019,4.6898,0.1016,0.0974,4.7837,0.0873,0.0730,0.000778336,4.68409e-05,0.426364
220000,0.03000,101.102,117.354,1.000,0.000,34.299,4.6497,0.1028,0.4332,4.5299,0.1104,0.1249,4.6277,0.1026,0.0431,4.6347,0.1088,0.0998,4.6785,0.1039,0.0965,4.7780,0.0883,0.0689,0.000774017,4.53426e-05,0.409509
230000,0.03000,102.567,117.641,1.000,0.000,34.610,4.6512,0.1026,0.4101,4.5405,0.1086,0.1180,4.6300,0.1019,0.0421,4.6348,0.1084,0.0942,4.6786,0.1040,0.0878,4.7722,0.0899,0.0680,0.000750116,4.41826e-05,0.394046
240000,0.03000,104.114,118.296,1.000,0.000,34.942,4.6519,0.1021,0.3521,4.5460,0.1075,0.1129,4.6290,0.1017,0.0357,4.6333,0.1082,0.0837,4.6850,0.1028,0.0722,4.7660,0.0904,0.0476,0.000754454,4.22787e-05,0.332157
250000,0.03000,105.429,118.869,1.000,0.000,35.278,4.6576,0.1011,0.3635,4.5525,0.1064,0.1080,4.6247,0.1021,0.0418,4.6393,0.1074,0.0834,4.6896,0.1019,0.0756,4.7816,0.0878,0.0547,0.000741425,4.21635e-05,0.359894
260000,0.03000,106.907,119.745,1.000,0.000,35.647,4.6468,0.1031,0.3901,4.5588,0.1052,0.1036,4.6231,0.1020,0.0466,4.6304,0.1092,0.0945,4.6757,0.1043,0.0811,4.7458,0.0946,0.0643,0.000718251,4.16729e-05,0.351605
270000,0.03000,108.316,120.161,1.000,0.000,36.041,4.6586,0.1011,0.3593,4.5644,0.1041,0.0996,4.6283,0.1008,0.0441,4.6463,0.1063,0.0802,4.6880,0.1025,0.0698,4.7661,0.0916,0.0654,0.000701938,4.06383e-05,0.341089
280000,0.03000,109.487,120.629,1.000,0.000,36.417,4.6591,0.1008,0.3583,4.5667,0.1035,0.0967,4.6262,0.1010,0.0434,4.6471,0.1061,0.0800,4.6919,0.1016,0.0721,4.7637,0.0916,0.0661,0.000701759,4.05761e-05,0.33983
290000,0.03000,110.732,120.796,1.000,0.000,36.855,4.6605,0.1005,0.3344,4.5720,0.1025,0.0928,4.6216,0.1015,0.0444,4.6476,0.1058,0.0760,4.6868,0.1028,0.0662,4.7743,0.0900,0.0549,0.000682013,3.93899e-05,0.32218
300000,0.03000,111.882,121.335,1.000,0.000,37.266,4.6573,0.1010,0.3150,4.5726,0.1022,0.0904,4.6219,0.1008,0.0410,4.6429,0.1068,0.0711,4.6790,0.1044,0.0640,4.7698,0.0907,0.0485,0.000684923,3.90349e-05,0.313656
310000,0.03000,113.063,121.774,1.000,0.000,37.695,4.6533,0.1016,0.2529,4.5713,0.1021,0.0889,4.6170,0.1015,0.0337,4.6438,0.1064,0.0547,4.6746,0.1049,0.0451,4.7597,0.0928,0.0306,0.000695421,3.83872e-05,0.2605
320000,0.03000,114.067,121.753,1.000,0.000,38.127,4.6569,0.1009,0.3157,4.5762,0.1013,0.0855,4.6160,0.1016,0.0444,4.6473,0.1056,0.0671,4.6759,0.1050,0.0635,4.7692,0.0911,0.0551,0.000674361,3.78533e-05,0.297323
330000,0.03000,115.305,121.866,1.000,0.000,38.603,4.6589,0.1005,0.2958,4.5793,0.1006,0.0828,4.6225,0.1000,0.0389,4.6528,0.1045,0.0625,4.6842,0.1034,0.0560,4.7559,0.0938,0.0555,0.000658839,3.74341e-05,0.287454
340000,0.03000,116.320,122.150,1.000,0.000,39.056,4.6574,0.1005,0.2839,4.5811,0.1002,0.0804,4.6195,0.0999,0.0417,4.6510,0.1047,0.0588,4.6751,0.1050,0.0563,4.7601,0.0929,0.0468,0.000650148,3.69833e-05,0.282635
350000,0.03000,117.216,122.706,1.000,0.000,39.473,4.6594,0.1000,0.2707,4.5816,0.1000,0.0781,4.6167,0.1001,0.0371,4.6529,0.1041,0.0581,4.6823,0.1035,0.0534,4.7634,0.0921,0.0441,0.000653311,3.64349e-05,0.266982
360000,0.03000,118.129,122.879,1.000,0.000,39.875,4.6606,0.0998,0.2704,4.5852,0.0994,0.0751,4.6195,0.0995,0.0381,4.6582,0.1030,0.0565,4.6816,0.1038,0.0540,4.7587,0.0933,0.0467,0.00063614,3.5963e-05,0.260555
370000,0.03000,119.032,122.967,1.000,0.000,40.270,4.6618,0.0995,0.2543,4.5888,0.0987,0.0720,4.6240,0.0983,0.0382,4.6576,0.1030,0.0557,4.6851,0.1033,0.0433,4.7536,0.0943,0.0450,0.000626347,3.54935e-05,0.253759
380000,0.03000,119.005,122.987,1.000,0.000,40.271,4.6604,0.0996,0.2156,4.5913,0.0984,0.0682,4.6213,0.0984,0.0295,4.6570,0.1030,0.0431,4.6807,0.1040,0.0337,4.7519,0.0944,0.0412,0.000661651,3.49353e-05,0.203707
390000,0.03000,118.553,123.020,1.000,0.000,40.059,4.6695,0.0980,0.2442,4.5970,0.0976,0.0642,4.6226,0.0980,0.0345,4.6709,0.1004,0.0494,4.6980,0.1009,0.0455,4.7591,0.0930,0.0506,0.000664893,3.4843e-05,0.23632
400000,0.03000,118.157,122.692,1.000,0.000,39.872,4.6736,0.0973,0.2370,4.6032,0.0966,0.0608,4.6344,0.0958,0.0346,4.6803,0.0985,0.0466,4.6951,0.1018,0.0472,4.7552,0.0936,0.0477,0.000663976,3.43065e-05,0.223709
410000,0.03000,117.970,122.715,1.000,0.000,39.727,4.6822,0.0955,0.2060,4.6067,0.0960,0.0584,4.6360,0.0951,0.0315,4.6861,0.0976,0.0396,4.7090,0.0987,0.0377,4.7731,0.0903,0.0389,0.000658249,3.37721e-05,0.212812
420000,0.03000,117.911,122.641,1.000,0.000,39.610,4.6781,0.0961,0.1383,4.6034,0.0963,0.0582,4.6357,0.0949,0.0199,4.6866,0.0974,0.0252,4.7067,0.0991,0.0190,4.7583,0.0929,0.0160,0.000669777,3.30017e-05,0.141473
430000,0.03000,117.642,122.640,1.000,0.000,39.436,4.6850,0.0949,0.1965,4.6104,0.0953,0.0547,4.6411,0.0937,0.0304,4.6919,0.0963,0.0376,4.7156,0.0976,0.0326,4.7659,0.0916,0.0413,0.000653503,3.33662e-05,0.205861
440000,0.03000,117.490,122.686,1.000,0.000,39.366,4.6847,0.0948,0.1342,4.6069,0.0956,0.0550,4.6383,0.0939,0.0191,4.6916,0.0962,0.0247,4.7189,0.0968,0.0185,4.7679,0.0913,0.0168,0.000659296,3.24392e-05,0.134508
450000,0.03000,117.062,122.586,1.000,0.000,39.248,4.6880,0.0941,0.1959,4.6111,0.0950,0.0522,4.6411,0.0932,0.0295,4.6959,0.0952,0.0387,4.7238,0.0959,0.0350,4.7682,0.0910,0.0405,0.000651108,3.30547e-05,0.198182
460000,0.03000,117.002,122.926,1.000,0.000,39.213,4.6910,0.0935,0.1421,4.6084,0.0953,0.0517,4.6426,0.0928,0.0198,4.7008,0.0944,0.0272,4.7284,0.0951,0.0218,4.7749,0.0897,0.0216,0.000656639,3.21066e-05,0.143518
470000,0.03000,116.618,122.415,1.000,0.000,39.086,4.6945,0.0928,0.1879,4.6150,0.0943,0.0489,4.6463,0.0919,0.0279,4.7033,0.0938,0.0351,4.7346,0.0942,0.0340,4.7735,0.0900,0.0420,0.000636917,3.2374e-05,0.186179
480000,0.03000,116.592,122.578,1.000,0.000,39.026,4.6935,0.0929,0.1726,4.6126,0.0946,0.0484,4.6438,0.0922,0.0245,4.7018,0.0938,0.0324,4.7347,0.0941,0.0306,4.7748,0.0900,0.0367,0.000645778,3.2045e-05,0.173632
490000,0.03000,116.447,122.708,1.000,0.000,38.994,4.6920,0.0930,0.1714,4.6117,0.0946,0.0478,4.6403,0.0924,0.0245,4.7004,0.0942,0.0309,4.7333,0.0941,0.0319,4.7744,0.0897,0.0363,0.000638323,3.18075e-05,0.16697
500000,0.03000,116.116,122.361,1.000,0.000,38.884,4.6921,0.0929,0.1750,4.6156,0.0939,0.0461,4.6432,0.0916,0.0280,4.7008,0.0939,0.0303,4.7313,0.0944,0.0313,4.7697,0.0907,0.0393,0.000618903,3.1897e-05,0.181305
510000,0.03000,116.020,122.579,1.000,0.000,38.815,4.7062,0.0902,0.1585,4.6212,0.0929,0.0439,4.6510,0.0901,0.0261,4.7189,0.0904,0.0265,4.7508,0.0910,0.0272,4.7892,0.0867,0.0349,0.000600944,3.14805e-05,0.169095
520000,0.03000,115.807,122.408,1.000,0.000,38.764,4.7035,0.0907,0.1581,4.6250,0.0923,0.0421,4.6486,0.0901,0.0269,4.7160,0.0909,0.0260,4.7477,0.0913,0.0276,4.7801,0.0888,0.0354,0.000594279,3.09868e-05,0.160003
530000,0.03000,115.668,122.356,1.000,0.000,38.732,4.7063,0.0901,0.1625,4.6278,0.0918,0.0405,4.6495,0.0899,0.0281,4.7174,0.0904,0.0275,4.7535,0.0901,0.0287,4.7833,0.0880,0.0376,0.000590741,3.09242e-05,0.158303
540000,0.03000,115.564,122.292,1.000,0.000,38.709,4.7099,0.0893,0.1477,4.6300,0.0914,0.0390,4.6477,0.0897,0.0268,4.7200,0.0899,0.0235,4.7595,0.0890,0.0247,4.7923,0.0863,0.0337,0.000587715,3.07349e-05,0.151772
550000,0.03000,115.434,122.232,1.000,0.000,38.687,4.7100,0.0891,0.1512,4.6317,0.0911,0.0375,4.6489,0.0893,0.0266,4.7225,0.0892,0.0235,4.7581,0.0893,0.0276,4.7889,0.0868,0.0361,0.000584995,3.06866e-05,0.152438
560000,0.03000,115.341,122.318,1.000,0.000,38.669,4.7082,0.0894,0.1498,4.6334,0.0908,0.0359,4.6466,0.0894,0.0266,4.7186,0.0898,0.0237,4.7547,0.0898,0.0276,4.7878,0.0872,0.0360,0.00058216,3.04557e-05,0.146464
570000,0.03000,115.238,122.222,1.000,0.000,38.670,4.7065,0.0896,0.1357,4.6335,0.0909,0.0345,4.6478,0.0889,0.0247,4.7183,0.0896,0.0208,4.7484,0.0909,0.0246,4.7844,0.0876,0.0311,0.000589143,3.0341e-05,0.148209
580000,0.03000,115.191,122.301,1.000,0.000,38.665,4.7065,0.0895,0.1425,4.6326,0.0910,0.0335,4.6412,0.0899,0.0261,4.7154,0.0900,0.0213,4.7525,0.0901,0.0265,4.7907,0.0864,0.0350,0.000592732,3.02552e-05,0.147218
590000,0.03000,115.043,122.263,1.000,0.000,38.647,4.7077,0.0892,0.1388,4.6356,0.0906,0.0315,4.6442,0.0890,0.0273,4.7194,0.0893,0.0212,4.7542,0.0898,0.0246,4.7853,0.0876,0.0342,0.000575861,3.01254e-05,0.141166
600000,0.03000,114.912,122.286,1.000,0.000,38.633,4.7099,0.0887,0.1350,4.6371,0.0903,0.0303,4.6442,0.0888,0.0259,4.7204,0.0890,0.0196,4.7572,0.0891,0.0263,4.7908,0.0864,0.0328,0.000570626,2.99616e-05,0.137898
610000,0.03000,115.139,122.462,1.000,0.000,38.700,4.6675,0.0962,0.5686,4.6274,0.0913,0.0362,4.6041,0.0947,0.1033,4.6597,0.0991,0.1463,4.7136,0.0976,0.1374,4.7326,0.0980,0.1454,0.000606539,3.64679e-05,0.301219
620000,0.03000,114.941,122.334,1.000,0.000,38.711,4.6895,0.0920,0.2199,4.6254,0.0916,0.0345,4.6303,0.0906,0.0232,4.6987,0.0923,0.0320,4.7215,0.0956,0.0627,4.7714,0.0900,0.0674,0.000608586,3.24718e-05,0.179825
630000,0.03000,114.920,122.321,1.000,0.000,38.682,4.6966,0.0907,0.0909,4.6258,0.0917,0.0316,4.6308,0.0904,0.0153,4.7045,0.0912,0.0145,4.7437,0.0915,0.0144,4.7782,0.0885,0.0151,0.000601552,2.96538e-05,0.089377
640000,0.03000,114.590,122.100,1.000,0.000,38.637,4.6966,0.0910,0.7969,4.6237,0.0921,0.0324,4.6398,0.0898,0.1752,4.7102,0.0902,0.1831,4.7195,0.0964,0.2290,4.7898,0.0862,0.1772,0.0006105,4.1713e-05,0.391335
650000,0.03000,114.450,121.677,1.000,0.000,38.696,4.6895,0.0916,0.6718,4.6054,0.0946,0.0412,4.6123,0.0931,0.1457,4.6996,0.0930,0.1450,4.7417,0.0917,0.1873,4.7885,0.0855,0.1526,0.000628956,5.55523e-05,0.500981
660000,0.03000,114.111,122.004,1.000,0.000,38.578,4.6938,0.0910,0.1328,4.6150,0.0934,0.0308,4.6275,0.0902,0.0225,4.7031,0.0912,0.0208,4.7424,0.0917,0.0259,4.7813,0.0884,0.0329,0.000594272,2.99531e-05,0.132397
670000,0.03000,114.174,122.390,1.000,0.000,38.560,4.6946,0.0906,0.0757,4.6133,0.0932,0.0323,4.6280,0.0901,0.0106,4.7045,0.0907,0.0109,4.7418,0.0918,0.0095,4.7856,0.0873,0.0123,0.000588943,2.96682e-05,0.0766485
680000,0.03000,113.786,121.464,1.000,0.000,38.531,4.6843,0.0926,0.8746,4.6024,0.0952,0.0392,4.6115,0.0937,0.2039,4.7122,0.0899,0.2079,4.7230,0.0941,0.2104,4.7722,0.0903,0.2132,0.00062366,6.74013e-05,0.583529
690000,0.03000,113.692,121.465,1.000,0.000,38.498,4.6864,0.0914,0.7916,4.5996,0.0956,0.0388,4.5976,0.0951,0.1362,4.7130,0.0887,0.1854,4.7317,0.0931,0.2334,4.7903,0.0847,0.1977,0.000613142,6.20389e-05,0.555747
700000,0.03000,113.448,122.174,1.000,0.000,38.428,4.6860,0.0917,0.1200,4.6007,0.0948,0.0331,4.6170,0.0912,0.0217,4.6984,0.0915,0.0234,4.7408,0.0917,0.0198,4.7728,0.0894,0.0221,0.000587537,3.0576e-05,0.107262
710000,0.03000,113.214,121.939,1.000,0.000,38.354,4.6970,0.0898,0.2009,4.6029,0.0944,0.0334,4.6144,0.0914,0.0322,4.7041,0.0904,0.0314,4.7686,0.0871,0.0410,4.7953,0.0856,0.0629,0.000581267,3.2993e-05,0.217635
720000,0.03000,112.857,122.320,1.000,0.000,38.166,4.6983,0.0896,0.1202,4.6153,0.0926,0.0278,4.6280,0.0891,0.0198,4.7096,0.0892,0.0198,4.7540,0.0894,0.0224,4.7845,0.0877,0.0304,0.000552147,2.93712e-05,0.130774
730000,0.03000,112.668,122.124,1.000,0.000,38.048,4.7052,0.0883,0.1215,4.6231,0.0912,0.0264,4.6334,0.0880,0.0216,4.7172,0.0879,0.0175,4.7636,0.0876,0.0232,4.7885,0.0867,0.0328,0.000530408,2.90698e-05,0.123013
740000,0.03000,112.528,122.288,1.000,0.000,37.992,4.7062,0.0880,0.1175,4.6275,0.0904,0.0255,4.6341,0.0878,0.0214,4.7164,0.0878,0.0168,4.7643,0.0874,0.0226,4.7885,0.0868,0.0312,0.000523873,2.88874e-05,0.119039
750000,0.03000,112.365,122.193,1.000,0.000,37.943,4.7060,0.0879,0.1133,4.6302,0.0899,0.0248,4.6333,0.0878,0.0203,4.7151,0.0878,0.0177,4.7616,0.0877,0.0224,4.7899,0.0865,0.0281,0.000520986,2.88012e-05,0.119308
760000,0.03000,112.355,122.369,1.000,0.000,37.915,4.7067,0.0878,0.1154,4.6317,0.0896,0.0244,4.6362,0.0872,0.0217,4.7144,0.0879,0.0167,4.7592,0.0882,0.0238,4.7918,0.0862,0.0289,0.000518931,2.87735e-05,0.118414
770000,0.03000,112.248,122.271,1.000,0.000,37.894,4.7080,0.0874,0.1172,4.6329,0.0894,0.0241,4.6327,0.0875,0.0210,4.7157,0.0876,0.0176,4.7649,0.0870,0.0257,4.7938,0.0857,0.0289,0.000517017,2.86904e-05,0.116094
780000,0.03000,112.201,122.344,1.000,0.000,37.870,4.7074,0.0875,0.1110,4.6336,0.0893,0.0237,4.6339,0.0872,0.0212,4.7155,0.0874,0.0145,4.7614,0.0876,0.0224,4.7924,0.0860,0.0292,0.000515193,2.86495e-05,0.117034
790000,0.03000,112.109,122.474,1.000,0.000,37.849,4.7065,0.0876,0.1133,4.6344,0.0891,0.0231,4.6326,0.0872,0.0226,4.7148,0.0875,0.0151,4.7585,0.0882,0.0231,4.7920,0.0859,0.0294,0.000513179,2.84282e-05,0.11341
800000,0.03000,112.003,122.426,1.000,0.000,37.834,4.7070,0.0874,0.1127,4.6351,0.0889,0.0228,4.6355,0.0865,0.0221,4.7149,0.0872,0.0161,4.7566,0.0885,0.0232,4.7929,0.0858,0.0285,0.000511495,2.84535e-05,0.114157
810000,0.03000,111.986,122.507,1.000,0.000,37.806,4.7078,0.0872,0.1072,4.6352,0.0889,0.0225,4.6332,0.0869,0.0204,4.7147,0.0872,0.0140,4.7617,0.0874,0.0218,4.7942,0.0855,0.0285,0.000509702,2.83806e-05,0.112357
820000,0.03000,111.826,122.428,1.000,0.000,37.803,4.7063,0.0873,0.1077,4.6354,0.0888,0.0224,4.6326,0.0867,0.0216,4.7137,0.0872,0.0133,4.7568,0.0882,0.0226,4.7931,0.0857,0.0278,0.000507784,2.82557e-05,0.112098
830000,0.03000,111.813,122.562,1.000,0.000,37.789,4.7061,0.0873,0.1081,4.6356,0.0887,0.0221,4.6318,0.0869,0.0202,4.7130,0.0870,0.0155,4.7571,0.0880,0.0230,4.7929,0.0858,0.0273,0.000506175,2.83492e-05,0.114003
840000,0.03000,111.721,122.556,1.000,0.000,37.770,4.7059,0.0872,0.1108,4.6357,0.0886,0.0219,4.6307,0.0869,0.0208,4.7125,0.0871,0.0141,4.7566,0.0881,0.0243,4.7940,0.0854,0.0296,0.000504249,2.81355e-05,0.109428
850000,0.03000,111.696,122.538,1.000,0.000,37.747,4.7062,0.0871,0.1156,4.6357,0.0886,0.0217,4.6307,0.0866,0.0225,4.7127,0.0869,0.0155,4.7577,0.0879,0.0247,4.7943,0.0855,0.0312,0.000502475,2.81119e-05,0.107452
860000,0.03000,111.552,122.522,1.000,0.000,37.724,4.7077,0.0869,0.1066,4.6357,0.0885,0.0216,4.6306,0.0865,0.0207,4.7133,0.0870,0.0130,4.7639,0.0869,0.0221,4.7953,0.0855,0.0291,0.000500729,2.80373e-05,0.108788
870000,0.03000,111.434,122.572,1.000,0.000,37.705,4.7062,0.0870,0.1115,4.6357,0.0884,0.0215,4.6288,0.0867,0.0214,4.7140,0.0867,0.0141,4.7589,0.0876,0.0241,4.7936,0.0855,0.0303,0.000499095,2.80868e-05,0.108102
880000,0.03000,111.368,122.423,1.000,0.000,37.687,4.7057,0.0870,0.1002,4.6356,0.0884,0.0214,4.6294,0.0865,0.0200,4.7107,0.0869,0.0115,4.7577,0.0879,0.0204,4.7951,0.0852,0.0268,0.000497488,2.81158e-05,0.109277
890000,0.03000,111.302,122.501,1.000,0.000,37.657,4.7058,0.0869,0.1060,4.6355,0.0884,0.0212,4.6299,0.0863,0.0215,4.7104,0.0869,0.0127,4.7585,0.0877,0.0222,4.7947,0.0854,0.0285,0.000495757,2.80339e-05,0.107271
900000,0.03000,111.226,122.489,1.000,0.000,37.638,4.7065,0.0867,0.1085,4.6354,0.0883,0.0210,4.6272,0.0866,0.0218,4.7103,0.0869,0.0126,4.7614,0.0872,0.0252,4.7984,0.0845,0.0278,0.000494151,2.80722e-05,0.106364
910000,0.03000,111.085,122.510,1.000,0.000,37.608,4.7061,0.0867,0.1042,4.6353,0.0883,0.0209,4.6304,0.0860,0.0210,4.7101,0.0868,0.0112,4.7578,0.0877,0.0224,4.7972,0.0848,0.0287,0.000492296,2.78876e-05,0.106012
920000,0.03000,111.070,122.469,1.000,0.000,37.589,4.7069,0.0865,0.1014,4.6353,0.0882,0.0207,4.6306,0.0859,0.0198,4.7119,0.0865,0.0120,4.7593,0.0874,0.0217,4.7976,0.0847,0.0272,0.000490691,2.78514e-05,0.10368
930000,0.03000,110.952,122.502,1.000,0.000,37.560,4.7060,0.0866,0.1029,4.6352,0.0882,0.0206,4.6298,0.0859,0.0201,4.7098,0.0865,0.0122,4.7592,0.0874,0.0232,4.7959,0.0850,0.0268,0.000489102,2.7877e-05,0.104117
940000,0.03000,110.860,122.601,1.000,0.000,37.531,4.7064,0.0865,0.1017,4.6349,0.0882,0.0206,4.6307,0.0857,0.0192,4.7099,0.0865,0.0114,4.7575,0.0877,0.0222,4.7989,0.0843,0.0283,0.000487488,2.78138e-05,0.105022
950000,0.03000,110.751,122.256,1.000,0.000,37.525,4.7024,0.0871,0.0733,4.6295,0.0889,0.0214,4.6228,0.0869,0.0096,4.7059,0.0872,0.0076,4.7576,0.0877,0.0144,4.7959,0.0850,0.0203,0.000519264,2.75013e-05,0.0685064
960000,0.03000,110.750,122.495,1.000,0.000,37.560,4.6923,0.0887,0.2086,4.6229,0.0898,0.0234,4.6119,0.0884,0.0429,4.6879,0.0899,0.0272,4.7470,0.0894,0.0563,4.7917,0.0861,0.0589,0.000531042,3.02913e-05,0.15992
970000,0.03000,110.457,122.314,1.000,0.000,37.602,4.6845,0.0899,0.1972,4.6106,0.0916,0.0261,4.5981,0.0905,0.0422,4.6813,0.0908,0.0312,4.7433,0.0904,0.0496,4.7895,0.0860,0.0481,0.00054252,3.18309e-05,0.18557
980000,0.03000,109.901,121.940,1.000,0.000,37.616,4.6702,0.0928,0.7215,4.5954,0.0942,0.0322,4.5788,0.0947,0.1724,4.6687,0.0924,0.1620,4.7230,0.0969,0.1994,4.7850,0.0858,0.1555,0.000555729,4.62916e-05,0.444159
990000,0.03000,110.180,122.176,1.000,0.000,37.583,4.6814,0.0920,0.8134,4.5887,0.0952,0.0318,4.5952,0.0904,0.1589,4.6612,0.0978,0.2342,4.7616,0.0891,0.2091,4.8003,0.0872,0.1794,0.000561208,5.47474e-05,0.536744
1000000,0.03000,109.607,121.927,1.000,0.000,37.488,4.6764,0.0908,0.5236,4.5806,0.0961,0.0314,4.5792,0.0929,0.1133,4.6854,0.0900,0.1383,4.7212,0.0944,0.1300,4.8157,0.0806,0.1106,0.000547576,3.95083e-05,0.333317
1010000,0.03000,109.083,121.352,1.000,0.000,37.472,4.6504,0.0963,1.0026,4.5703,0.0980,0.0361,4.5433,0.1003,0.2865,4.6360,0.0990,0.2428,4.7254,0.0934,0.2248,4.7771,0.0908,0.2124,0.000562121,5.97068e-05,0.604437
1020000,0.03000,109.197,122.349,1.000,0.000,37.318,4.6712,0.0913,0.5062,4.5738,0.0969,0.0304,4.5825,0.0922,0.1008,4.6702,0.0917,0.1383,4.7361,0.0912,0.1279,4.7934,0.0848,0.1089,0.000537867,3.80242e-05,0.327034
1030000,0.03000,108.456,121.564,1.000,0.000,37.277,4.6597,0.0940,0.9246,4.5663,0.0982,0.0352,4.5466,0.0966,0.2420,4.7238,0.0843,0.2071,4.6896,0.1012,0.2693,4.7720,0.0899,0.1709,0.000567513,7.21418e-05,0.662265
1040000,0.03000,108.287,122.003,1.000,0.000,37.185,4.6735,0.0911,0.6692,4.5651,0.0982,0.0338,4.5632,0.0953,0.0900,4.6851,0.0898,0.1764,4.7653,0.0840,0.1924,4.7885,0.0883,0.1766,0.000543416,5.17914e-05,0.48637
1050000,0.03000,108.120,122.409,1.000,0.000,37.005,4.6797,0.0897,0.1548,4.5724,0.0965,0.0271,4.5808,0.0919,0.0338,4.6889,0.0885,0.0251,4.7633,0.0862,0.0320,4.7932,0.0854,0.0368,0.000517881,3.16035e-05,0.146627
1060000,0.03000,107.737,122.268,1.000,0.000,36.882,4.6737,0.0907,0.4337,4.5669,0.0973,0.0303,4.5718,0.0932,0.0867,4.6954,0.0869,0.0812,4.7481,0.0894,0.1249,4.7862,0.0869,0.1106,0.000522567,3.73564e-05,0.300627
1070000,0.03000,107.475,122.022,1.000,0.000,36.820,4.6657,0.0921,0.4083,4.5645,0.0974,0.0301,4.5558,0.0959,0.0924,4.6795,0.0898,0.0720,4.7511,0.0882,0.1056,4.7776,0.0889,0.1081,0.000522627,3.73227e-05,0.297231
1080000,0.03000,107.271,122.557,1.000,0.000,36.677,4.6709,0.0908,0.1662,4.5648,0.0972,0.0283,4.5690,0.0934,0.0321,4.6761,0.0903,0.0313,4.7547,0.0876,0.0351,4.7899,0.0857,0.0394,0.000515368,3.2562e-05,0.165882
1090000,0.03000,107.005,122.847,1.000,0.000,36.603,4.6691,0.0911,0.1364,4.5635,0.0973,0.0274,4.5635,0.0943,0.0232,4.6753,0.0903,0.0262,4.7554,0.0874,0.0255,4.7877,0.0863,0.0342,0.000512226,3.09208e-05,0.106552
1100000,0.03000,106.776,122.992,1.000,0.000,36.550,4.6670,0.0922,0.5813,4.5565,0.0986,0.0324,4.5635,0.0940,0.1151,4.6933,0.0886,0.1347,4.7461,0.0893,0.1534,4.7757,0.0906,0.1456,0.00053308,5.61891e-05,0.541567
1110000,0.03000,105.838,121.905,1.000,0.000,36.479,4.6701,0.0907,0.3191,4.5585,0.0979,0.0284,4.5685,0.0935,0.0692,4.6793,0.0894,0.0748,4.7543,0.0871,0.0727,4.7899,0.0855,0.0740,0.000506354,3.49105e-05,0.234871
1120000,0.03000,105.558,122.286,1.000,0.000,36.328,4.6693,0.0908,0.2309,4.5604,0.0975,0.0275,4.5653,0.0936,0.0480,4.6770,0.0896,0.0413,4.7592,0.0862,0.0445,4.7849,0.0872,0.0696,0.000501231,3.28998e-05,0.177154
1130000,0.03000,105.615,122.407,1.000,0.000,36.328,4.6700,0.0905,0.2308,4.5622,0.0970,0.0269,4.5710,0.0927,0.0367,4.6768,0.0895,0.0470,4.7523,0.0877,0.0576,4.7876,0.0856,0.0626,0.000498567,3.19929e-05,0.155925
1140000,0.03000,105.262,121.984,1.000,0.000,36.325,4.6750,0.0900,0.4729,4.5573,0.0977,0.0301,4.5496,0.0964,0.0941,4.6913,0.0870,0.0888,4.8060,0.0784,0.1021,4.7710,0.0905,0.1579,0.000508222,4.32652e-05,0.351985
1150000,0.03000,104.905,122.097,1.000,0.000,36.208,4.6711,0.0901,0.4128,4.5582,0.0974,0.0282,4.5634,0.0936,0.0801,4.6876,0.0881,0.0896,4.7431,0.0890,0.1171,4.8034,0.0826,0.0978,0.000496131,3.53637e-05,0.250043
1160000,0.03000,104.580,122.061,1.000,0.000,36.180,4.6804,0.0889,0.5587,4.5577,0.0975,0.0295,4.5684,0.0933,0.1474,4.6920,0.0873,0.1014,4.7848,0.0820,0.1261,4.7988,0.0842,0.1542,0.000505515,4.40031e-05,0.426415
1170000,0.03000,103.879,121.044,1.000,0.000,36.134,4.6515,0.0935,1.0385,4.5531,0.0984,0.0320,4.5056,0.1022,0.3307,4.6927,0.0900,0.2373,4.7327,0.0891,0.2354,4.7735,0.0877,0.2031,0.000517327,5.61216e-05,0.538685
1180000,0.03000,103.978,121.273,1.000,0.000,36.086,4.6646,0.0913,0.4806,4.5563,0.0976,0.0279,4.5589,0.0938,0.0864,4.6706,0.0902,0.1133,4.7519,0.0881,0.1338,4.7853,0.0869,0.1191,0.000498003,3.82342e-05,0.346892
1190000,0.03000,103.486,121.026,1.000,0.000,36.051,4.6581,0.0927,0.6298,4.5530,0.0982,0.0309,4.5500,0.0949,0.1405,4.6671,0.0905,0.1561,4.7260,0.0952,0.1709,4.7945,0.0846,0.1314,0.000502587,4.87016e-05,0.481705
1200000,0.03000,103.760,121.767,1.000,0.000,35.981,4.6644,0.0910,0.4727,4.5584,0.0971,0.0264,4.5571,0.0935,0.1383,4.6775,0.0886,0.1045,4.7469,0.0882,0.0959,4.7824,0.0874,0.1075,0.000485709,3.65051e-05,0.306255
1210000,0.03000,103.481,121.699,1.000,0.000,35.996,4.6610,0.0918,0.7126,4.5528,0.0978,0.0302,4.5425,0.0951,0.1660,4.6733,0.0896,0.1879,4.7282,0.0929,0.1934,4.8080,0.0836,0.1351,0.000498332,4.44014e-05,0.416449
1220000,0.03000,103.238,121.020,1.000,0.000,35.982,4.6663,0.0900,0.4656,4.5542,0.0975,0.0276,4.5639,0.0926,0.1077,4.6623,0.0904,0.1072,4.7576,0.0860,0.0979,4.7937,0.0835,0.1252,0.000487867,3.86487e-05,0.332869
1230000,0.03000,103.019,121.278,1.000,0.000,35.927,4.6640,0.0907,0.2923,4.5541,0.0974,0.0266,4.5560,0.0938,0.0569,4.6689,0.0893,0.0646,4.7481,0.0879,0.0760,4.7927,0.0849,0.0682,0.000479673,3.43083e-05,0.223926
1240000,0.03000,102.496,121.097,1.000,0.000,35.948,4.6702,0.0901,0.7326,4.5505,0.0982,0.0298,4.5924,0.0890,0.1644,4.6652,0.0899,0.1980,4.7506,0.0898,0.1846,4.7922,0.0838,0.1558,0.000506159,5.80216e-05,0.571121
1250000,0.03000,102.577,120.714,1.000,0.000,35.940,4.6629,0.0909,0.3030,4.5519,0.0977,0.0271,4.5568,0.0936,0.0574,4.6686,0.0894,0.0453,4.7544,0.0868,0.0813,4.7830,0.0871,0.0918,0.000481814,3.6639e-05,0.31215
1260000,0.03000,101.989,120.719,1.000,0.000,35.939,4.6620,0.0910,0.3853,4.5505,0.0978,0.0268,4.5477,0.0947,0.1122,4.6658,0.0897,0.0806,4.7499,0.0880,0.0673,4.7961,0.0847,0.0984,0.000477886,3.76307e-05,0.301853
1270000,0.03000,102.546,121.129,1.000,0.000,35.903,4.6478,0.0940,0.7550,4.5485,0.0983,0.0299,4.5455,0.0951,0.1073,4.6611,0.0899,0.1602,4.7114,0.0957,0.2691,4.7727,0.0907,0.1885,0.00048583,4.81398e-05,0.441482
1280000,0.03000,102.041,120.936,1.000,0.000,35.871,4.6629,0.0908,0.3478,4.5527,0.0972,0.0264,4.5469,0.0947,0.0673,4.6622,0.0898,0.0621,4.7615,0.0854,0.0911,4.7911,0.0867,0.1010,0.000472814,3.58807e-05,0.262649
1290000,0.03000,101.883,120.668,1.000,0.000,35.888,4.6565,0.0917,0.3271,4.5507,0.0975,0.0257,4.5470,0.0948,0.0826,4.6598,0.0901,0.0691,4.7429,0.0889,0.0744,4.7819,0.0872,0.0753,0.000468705,3.3533e-05,0.199738
1300000,0.03000,101.693,120.357,1.000,0.000,35.973,4.6558,0.0924,0.8912,4.5484,0.0980,0.0281,4.5589,0.0928,0.2230,4.6507,0.0898,0.2469,4.7488,0.0907,0.2014,4.7723,0.0906,0.1918,0.000482715,5.07332e-05,0.528559
1310000,0.03000,101.159,120.191,0.988,0.000,35.982,4.6452,0.0942,1.0790,4.5484,0.0983,0.0295,4.5249,0.0984,0.3717,4.6581,0.0889,0.2368,4.7218,0.0959,0.2303,4.7729,0.0895,0.2107,0.000493041,6.35856e-05,0.612247
1320000,0.03000,100.944,120.041,0.988,0.000,35.958,4.6329,0.0967,1.0330,4.5462,0.0985,0.0301,4.4760,0.1078,0.3331,4.6347,0.0943,0.2388,4.7326,0.0897,0.2336,4.7753,0.0930,0.1975,0.0004906,6.05094e-05,0.604298
1330000,0.03000,101.469,120.422,0.981,0.000,35.929,4.6585,0.0909,0.1503,4.5489,0.0975,0.0247,4.5427,0.0951,0.0297,4.6654,0.0888,0.0265,4.7482,0.0872,0.0299,4.7876,0.0860,0.0394,0.000462398,3.10549e-05,0.119144
1340000,0.03000,100.939,120.664,0.975,0.000,36.000,4.6600,0.0908,0.5989,4.5478,0.0979,0.0266,4.5418,0.0955,0.1326,4.6710,0.0879,0.0956,4.7666,0.0830,0.1529,4.7729,0.0899,0.1911,0.000471597,4.62168e-05,0.485744
1350000,0.03000,100.791,119.835,0.969,0.000,36.086,4.6516,0.0917,0.7095,4.5470,0.0978,0.0261,4.5293,0.0970,0.1642,4.6558,0.0893,0.1748,4.7470,0.0878,0.1603,4.7788,0.0867,0.1841,0.000467352,4.17283e-05,0.419676
1360000,0.03000,100.768,120.061,0.963,0.000,35.998,4.6237,0.0991,1.2078,4.5472,0.0983,0.0297,4.4881,0.1054,0.3848,4.6335,0.0977,0.3122,4.7150,0.0967,0.2344,4.7348,0.0973,0.2468,0.000500062,7.80805e-05,0.731186
1370000,0.03000,100.255,118.931,0.956,0.000,36.053,4.6547,0.0915,0.4974,4.5482,0.0974,0.0272,4.5336,0.0965,0.1158,4.6506,0.0904,0.1180,4.7475,0.0873,0.1091,4.7937,0.0859,0.1274,0.00047226,4.49401e-05,0.426961
1380000,0.03000,100.145,119.502,0.950,0.000,36.115,4.6514,0.0920,0.7438,4.5497,0.0972,0.0257,4.5438,0.0944,0.1207,4.6769,0.0871,0.2046,4.7012,0.0955,0.2195,4.7852,0.0857,0.1733,0.000466551,4.57874e-05,0.467002
1390000,0.03000,100.404,119.627,0.938,0.000,36.135,4.6486,0.0922,0.9524,4.5511,0.0970,0.0256,4.5231,0.0988,0.3062,4.6504,0.0879,0.2388,4.7677,0.0822,0.1669,4.7509,0.0951,0.2149,0.000460268,4.47815e-05,0.442455
1400000,0.03000,99.825,119.470,0.938,0.000,36.158,4.6571,0.0910,0.3566,4.5520,0.0967,0.0250,4.5422,0.0948,0.0763,4.6627,0.0884,0.0593,4.7494,0.0868,0.0947,4.7790,0.0879,0.1012,0.000455499,3.76942e-05,0.331262
1410000,0.03000,99.777,119.043,0.931,0.000,36.183,4.6571,0.0912,0.5567,4.5493,0.0970,0.0259,4.5407,0.0946,0.1005,4.6793,0.0863,0.1527,4.7522,0.0869,0.1257,4.7640,0.0910,0.1520,0.000460947,4.07637e-05,0.384714
1420000,0.03000,99.643,119.461,0.912,0.000,36.248,4.6520,0.0924,0.7860,4.5471,0.0975,0.0265,4.5372,0.0963,0.1932,4.6362,0.0934,0.1840,4.7730,0.0827,0.1830,4.7665,0.0922,0.1993,0.000467728,4.77293e-05,0.486942
1430000,0.03000,98.964,118.708,0.900,0.000,36.310,4.6190,0.0969,1.2125,4.5445,0.0985,0.0309,4.4094,0.1111,0.5083,4.6384,0.0941,0.2690,4.6799,0.1038,0.2482,4.8228,0.0768,0.1562,0.000496541,8.43481e-05,0.712284
1440000,0.03000,99.451,119.598,0.863,0.000,36.252,4.6552,0.0909,0.1085,4.5537,0.0963,0.0216,4.5433,0.0941,0.0157,4.6536,0.0894,0.0157,4.7470,0.0869,0.0226,4.7784,0.0878,0.0329,0.000443232,2.99439e-05,0.110085
1450000,0.03000,98.741,119.110,0.869,0.000,36.214,4.6631,0.0888,0.8143,4.5524,0.0966,0.0240,4.5427,0.0940,0.2085,4.6555,0.0893,0.2155,4.7698,0.0818,0.1796,4.7952,0.0823,0.1867,0.000453437,4.43998e-05,0.443892
1460000,0.03000,99.399,119.350,0.850,0.000,36.262,4.6526,0.0909,0.4101,4.5541,0.0961,0.0233,4.5331,0.0954,0.0911,4.6533,0.0889,0.0703,4.7503,0.0857,0.1030,4.7719,0.0883,0.1225,0.0004461,3.69824e-05,0.302047
1470000,0.03000,98.910,119.499,0.850,0.000,36.347,4.6365,0.0943,1.0144,4.5509,0.0970,0.0266,4.4942,0.1021,0.3799,4.6455,0.0909,0.1759,4.7193,0.0920,0.2318,4.7726,0.0893,0.2002,0.000466028,6.03313e-05,0.604691
1480000,0.03000,98.572,118.972,0.844,0.013,36.478,4.6572,0.0904,0.4164,4.5520,0.0965,0.0237,4.5394,0.0953,0.1053,4.6575,0.0883,0.0845,4.7482,0.0860,0.1006,4.7888,0.0860,0.1022,0.000448097,3.79682e-05,0.352382
1490000,0.03000,98.406,119.602,0.844,0.013,36.406,4.6572,0.0901,0.1981,4.5529,0.0961,0.0224,4.5354,0.0950,0.0351,4.6558,0.0883,0.0357,4.7538,0.0854,0.0532,4.7881,0.0858,0.0517,0.000439941,3.17755e-05,0.151404
1500000,0.03000,97.694,118.680,0.844,0.013,36.438,4.6523,0.0912,0.7468,4.5519,0.0964,0.0242,4.5430,0.0939,0.1053,4.6406,0.0884,0.2523,4.7509,0.0874,0.1620,4.7751,0.0897,0.2030,0.000450248,4.83868e-05,0.493794
1510000,0.03000,97.974,119.111,0.844,0.025,36.423,4.6422,0.0940,0.9836,4.5513,0.0965,0.0239,4.5341,0.0952,0.2995,4.6483,0.0884,0.2188,4.7195,0.0952,0.2308,4.7576,0.0947,0.2107,0.00044559,4.20476e-05,0.416056
1520000,0.03000,97.755,119.482,0.844,0.025,36.360,4.6459,0.0922,0.7175,4.5513,0.0965,0.0245,4.5409,0.0942,0.1592,4.6360,0.0931,0.2072,4.7057,0.0943,0.2139,4.7956,0.0828,0.1127,0.000459203,5.42403e-05,0.583236
1530000,0.03000,97.186,118.709,0.844,0.025,36.411,4.6309,0.0951,1.1161,4.5469,0.0974,0.0275,4.4965,0.1042,0.3204,4.6269,0.0924,0.3140,4.6958,0.0965,0.2593,4.7885,0.0850,0.1949,0.000465038,6.19672e-05,0.646493
1540000,0.03000,97.078,119.499,0.838,0.031,36.328,4.6579,0.0898,0.3012,4.5537,0.0959,0.0219,4.5349,0.0945,0.0656,4.6543,0.0882,0.0651,4.7569,0.0847,0.0778,4.7898,0.0855,0.0708,0.000431166,3.40504e-05,0.232467
1550000,0.03000,97.228,119.860,0.838,0.044,36.241,4.6561,0.0901,0.2088,4.5562,0.0955,0.0207,4.5369,0.0942,0.0449,4.6586,0.0875,0.0327,4.7488,0.0858,0.0483,4.7801,0.0874,0.0622,0.000426748,3.08713e-05,0.146781
1560000,0.03000,96.576,119.387,0.838,0.050,36.213,4.6542,0.0903,0.0896,4.5563,0.0955,0.0201,4.5391,0.0939,0.0112,4.6506,0.0886,0.0122,4.7439,0.0867,0.0183,4.7810,0.0870,0.0278,0.000426178,2.92312e-05,0.0849921
1570000,0.03000,96.627,118.830,0.838,0.044,36.175,4.6516,0.0909,0.6992,4.5561,0.0956,0.0233,4.5447,0.0929,0.2149,4.6344,0.0909,0.1582,4.7267,0.0909,0.1447,4.7960,0.0842,0.1581,0.000434623,4.49862e-05,0.468994
1580000,0.03000,96.080,118.603,0.838,0.037,36.046,4.6343,0.0941,1.0424,4.5558,0.0958,0.0234,4.5017,0.0977,0.3290,4.6120,0.0945,0.2718,4.7221,0.0950,0.2359,4.7800,0.0877,0.1824,0.000439581,5.23861e-05,0.543302
1590000,0.03000,96.152,118.828,0.838,0.062,35.920,4.6490,0.0911,0.4255,4.5555,0.0956,0.0213,4.5352,0.0944,0.1284,4.6409,0.0900,0.1084,4.7333,0.0884,0.0909,4.7802,0.0874,0.0764,0.000424931,3.4394e-05,0.276771
1600000,0.03000,96.035,119.716,0.831,0.081,35.766,4.6580,0.0896,0.2247,4.5611,0.0947,0.0196,4.5423,0.0933,0.0430,4.6572,0.0871,0.0345,4.7483,0.0855,0.0622,4.7809,0.0873,0.0654,0.000414525,3.1063e-05,0.179477
1610000,0.03000,95.316,119.034,0.831,0.081,35.538,4.6540,0.0900,0.1738,4.5563,0.0953,0.0208,4.5332,0.0947,0.0351,4.6448,0.0888,0.0309,4.7498,0.0854,0.0389,4.7859,0.0857,0.0481,0.000420274,3.1709e-05,0.172646
1620000,0.03000,95.011,118.257,0.831,0.075,35.370,4.6512,0.0907,0.4432,4.5558,0.0954,0.0223,4.5401,0.0940,0.0932,4.6470,0.0887,0.1053,4.7295,0.0889,0.1175,4.7834,0.0867,0.1048,0.000432032,4.09321e-05,0.386266
1630000,0.03000,95.001,118.894,0.831,0.081,35.058,4.6531,0.0906,0.5517,4.5574,0.0952,0.0211,4.5354,0.0940,0.1110,4.6430,0.0896,0.1361,4.7406,0.0894,0.1436,4.7893,0.0850,0.1399,0.000426079,3.79508e-05,0.331275
1640000,0.03000,94.447,119.210,0.825,0.119,34.921,4.6548,0.0898,0.1648,4.5586,0.0950,0.0193,4.5421,0.0932,0.0269,4.6450,0.0885,0.0349,4.7487,0.0852,0.0423,4.7797,0.0871,0.0415,0.00041361,2.99968e-05,0.130888
1650000,0.03000,94.323,118.849,0.819,0.131,34.607,4.6535,0.0902,0.1119,4.5600,0.0948,0.0187,4.5404,0.0933,0.0140,4.6490,0.0879,0.0146,4.7433,0.0865,0.0249,4.7747,0.0883,0.0398,0.000413029,2.8939e-05,0.0923196
1660000,0.03000,93.137,118.557,0.825,0.094,34.327,4.6489,0.0914,0.6628,4.5558,0.0954,0.0214,4.5287,0.0950,0.1557,4.6415,0.0886,0.1389,4.7479,0.0853,0.1597,4.7707,0.0928,0.1872,0.000427702,4.50884e-05,0.460186
1670000,0.03000,93.031,117.910,0.819,0.131,34.143,4.6487,0.0906,0.1696,4.5561,0.0952,0.0199,4.5336,0.0943,0.0338,4.6347,0.0898,0.0348,4.7398,0.0867,0.0392,4.7796,0.0868,0.0419,0.000417076,3.09432e-05,0.138684
1680000,0.03000,92.434,118.698,0.819,0.138,33.691,4.6524,0.0901,0.3294,4.5569,0.0951,0.0195,4.5341,0.0943,0.0566,4.6437,0.0883,0.0759,4.7481,0.0854,0.0836,4.7790,0.0872,0.0938,0.000413388,3.31473e-05,0.238698
1690000,0.03000,92.175,118.606,0.819,0.138,33.387,4.6459,0.0912,0.1793,4.5562,0.0952,0.0197,4.5230,0.0959,0.0260,4.6359,0.0894,0.0270,4.7410,0.0863,0.0420,4.7734,0.0891,0.0647,0.00041391,3.20628e-05,0.185822
1700000,0.03000,91.217,118.060,0.819,0.150,33.168,4.6534,0.0898,0.1231,4.5583,0.0948,0.0188,4.5347,0.0940,0.0171,4.6427,0.0885,0.0166,4.7436,0.0862,0.0334,4.7874,0.0856,0.0372,0.000411126,2.99184e-05,0.105063
1710000,0.03000,90.305,118.378,0.819,0.138,33.028,4.6448,0.0912,0.5530,4.5545,0.0955,0.0219,4.5190,0.0961,0.1212,4.6256,0.0907,0.1578,4.7297,0.0896,0.1364,4.7951,0.0839,0.1156,0.000427502,4.93396e-05,0.513155
1720000,0.03000,89.505,117.796,0.819,0.138,32.734,4.6431,0.0915,0.5879,4.5524,0.0959,0.0234,4.4966,0.1001,0.2040,4.6336,0.0903,0.1355,4.7435,0.0861,0.0892,4.7893,0.0851,0.1358,0.000429649,4.98737e-05,0.503851
1730000,0.03000,89.131,118.066,0.812,0.150,32.305,4.6441,0.0916,0.5980,4.5531,0.0956,0.0208,4.5260,0.0952,0.1779,4.6379,0.0886,0.1424,4.7395,0.0865,0.1330,4.7637,0.0918,0.1239,0.000415613,3.86047e-05,0.362297
1740000,0.03000,89.124,118.527,0.806,0.156,32.025,4.6477,0.0906,0.1725,4.5561,0.0951,0.0185,4.5252,0.0953,0.0270,4.6369,0.0890,0.0327,4.7376,0.0870,0.0487,4.7826,0.0866,0.0455,0.000406633,3.05434e-05,0.142729
1750000,0.03000,88.655,118.242,0.806,0.156,31.701,4.6552,0.0895,0.6140,4.5537,0.0954,0.0211,4.5208,0.0959,0.1475,4.6625,0.0855,0.1730,4.7539,0.0845,0.1458,4.7851,0.0864,0.1265,0.000426836,4.56544e-05,0.438583
1760000,0.03000,85.604,118.221,0.806,0.156,31.582,4.6133,0.0984,1.1354,4.5516,0.0959,0.0228,4.4465,0.1068,0.3554,4.6126,0.0946,0.2954,4.7134,0.0958,0.2336,4.7424,0.0989,0.2283,0.000440292,6.60107e-05,0.700348
1770000,0.03000,86.495,117.898,0.806,0.156,31.198,4.6388,0.0934,1.0314,4.5528,0.0959,0.0229,4.5246,0.0968,0.2208,4.6721,0.0806,0.2875,4.7007,0.0976,0.2502,4.7436,0.0961,0.2501,0.000452749,8.09583e-05,0.752916
1780000,0.03000,86.552,118.434,0.806,0.156,30.825,4.6490,0.0901,0.2004,4.5585,0.0946,0.0182,4.5220,0.0955,0.0451,4.6360,0.0888,0.0326,4.7408,0.0863,0.0465,4.7876,0.0855,0.0581,0.00039878,3.09742e-05,0.161921
1790000,0.03000,85.691,117.415,0.806,0.156,30.611,4.6428,0.0919,0.7281,4.5523,0.0957,0.0226,4.5001,0.1007,0.2172,4.6476,0.0882,0.1579,4.7404,0.0867,0.1592,4.7737,0.0881,0.1711,0.000448737,7.27524e-05,0.680718
1800000,0.03000,85.263,118.027,0.806,0.156,30.379,4.6479,0.0902,0.3304,4.5558,0.0949,0.0194,4.5206,0.0960,0.0689,4.6314,0.0894,0.0620,4.7433,0.0854,0.0652,4.7887,0.0851,0.1150,0.000412092,3.55287e-05,0.276911
1810000,0.03000,84.261,117.400,0.806,0.156,30.091,4.6448,0.0908,0.4079,4.5563,0.0949,0.0192,4.5150,0.0963,0.1059,4.6330,0.0888,0.0852,4.7358,0.0869,0.0912,4.7839,0.0869,0.1064,0.000401125,3.55186e-05,0.29429
1820000,0.03000,83.673,118.283,0.806,0.163,29.943,4.6562,0.0898,0.6252,4.5571,0.0948,0.0191,4.5113,0.0975,0.1545,4.6696,0.0837,0.1341,4.7446,0.0882,0.1789,4.7982,0.0848,0.1386,0.000402855,3.86093e-05,0.35113
1830000,0.03000,83.415,117.906,0.806,0.163,29.809,4.6455,0.0904,0.2379,4.5561,0.0950,0.0187,4.5153,0.0964,0.0600,4.6275,0.0896,0.0358,4.7428,0.0854,0.0505,4.7856,0.0855,0.0728,0.000401397,3.40533e-05,0.253205
1840000,0.03000,82.835,117.890,0.812,0.163,29.618,4.6441,0.0909,0.1673,4.5485,0.0972,0.0212,4.5211,0.0956,0.0292,4.6319,0.0890,0.0242,4.7374,0.0862,0.0464,4.7818,0.0866,0.0464,0.000395197,3.06963e-05,0.131488
1850000,0.03000,81.885,118.389,0.812,0.163,29.490,4.6323,0.0935,0.5742,4.5443,0.0979,0.0241,4.5060,0.0980,0.1014,4.6193,0.0903,0.1250,4.7348,0.0865,0.1437,4.7570,0.0948,0.1800,0.000413146,4.52881e-05,0.462148
1860000,0.03000,81.806,118.072,0.812,0.163,29.390,4.6433,0.0909,0.2853,4.5401,0.0988,0.0258,4.5193,0.0958,0.0623,4.6260,0.0895,0.0469,4.7443,0.0850,0.0631,4.7870,0.0853,0.0872,0.000402782,3.53158e-05,0.238809
1870000,0.03000,80.881,117.685,0.812,0.163,29.215,4.6375,0.0922,0.2844,4.5396,0.0991,0.0271,4.5132,0.0967,0.0737,4.6276,0.0894,0.0326,4.7351,0.0870,0.0658,4.7721,0.0887,0.0852,0.000394857,3.21785e-05,0.167369
1880000,0.03000,80.795,117.425,0.812,0.163,29.062,4.6442,0.0919,0.6130,4.5403,0.0989,0.0273,4.5115,0.0974,0.0924,4.6272,0.0891,0.1567,4.7350,0.0906,0.1784,4.8068,0.0837,0.1581,0.000407687,3.99351e-05,0.338742
1890000,0.03000,79.277,117.785,0.812,0.163,29.029,4.6146,0.0976,1.0960,4.5445,0.0982,0.0272,4.4979,0.1006,0.1695,4.5800,0.1023,0.3950,4.7327,0.0836,0.2393,4.7179,0.1031,0.2652,0.000431127,6.96821e-05,0.66752
1900000,0.03000,79.502,117.274,0.812,0.163,28.911,4.6432,0.0912,0.4139,4.5400,0.0991,0.0281,4.5140,0.0969,0.0982,4.6251,0.0893,0.0868,4.7271,0.0889,0.1127,4.8097,0.0819,0.0881,0.000407133,4.24593e-05,0.401947
1910000,0.03000,79.469,118.177,0.812,0.169,28.866,4.6415,0.0910,0.3069,4.5395,0.0992,0.0286,4.5129,0.0965,0.0756,4.6308,0.0885,0.0545,4.7419,0.0851,0.0631,4.7822,0.0859,0.0851,0.00039392,3.42413e-05,0.205747
1920000,0.03000,79.388,118.094,0.812,0.169,28.781,4.6390,0.0920,0.4980,4.5419,0.0988,0.0285,4.5177,0.0958,0.0960,4.6153,0.0911,0.1234,4.7458,0.0864,0.1285,4.7743,0.0880,0.1215,0.000402082,4.01843e-05,0.377853
1930000,0.03000,79.037,118.035,0.812,0.175,28.693,4.6447,0.0905,0.3247,4.5407,0.0992,0.0299,4.5253,0.0947,0.0844,4.6258,0.0891,0.0537,4.7360,0.0862,0.0590,4.7956,0.0833,0.0977,0.000388446,3.47529e-05,0.215763
1940000,0.03000,78.908,117.609,0.812,0.169,28.661,4.6429,0.0908,0.1764,4.5392,0.0994,0.0305,4.5124,0.0969,0.0369,4.6229,0.0896,0.0204,4.7405,0.0853,0.0534,4.7995,0.0827,0.0352,0.000396218,3.37312e-05,0.177495
1950000,0.03000,77.917,116.964,0.812,0.175,28.620,4.6221,0.0946,0.8388,4.5436,0.0987,0.0289,4.5014,0.0985,0.1486,4.6004,0.0909,0.2950,4.7094,0.0912,0.1808,4.7556,0.0935,0.1855,0.000402609,4.50513e-05,0.475945
1960000,0.03000,78.102,117.351,0.806,0.181,28.559,4.6345,0.0922,0.0972,4.5358,0.1001,0.0316,4.5062,0.0976,0.0139,4.6192,0.0901,0.0099,4.7334,0.0864,0.0188,4.7779,0.0869,0.0230,0.000397495,3.17098e-05,0.0930791
1970000,0.03000,78.015,117.136,0.806,0.175,28.535,4.6360,0.0922,0.4409,4.5404,0.0993,0.0298,4.5087,0.0971,0.0837,4.6193,0.0903,0.1126,4.7308,0.0869,0.1029,4.7808,0.0875,0.1120,0.000392462,3.71607e-05,0.305922
1980000,0.03000,77.783,116.928,0.806,0.175,28.417,4.6352,0.0919,0.7712,4.5456,0.0984,0.0279,4.5091,0.0972,0.1664,4.6205,0.0882,0.1954,4.7306,0.0865,0.1979,4.7704,0.0891,0.1836,0.000398922,4.66435e-05,0.516263
1990000,0.03000,77.777,117.263,0.806,0.181,28.466,4.6469,0.0912,0.7960,4.5466,0.0982,0.0276,4.5463,0.0933,0.2116,4.6411,0.0866,0.2124,4.7147,0.0919,0.2014,4.7859,0.0859,0.1430,0.000411147,5.17915e-05,0.50352
2000000,0.03000,77.768,117.817,0.806,0.181,28.415,4.6418,0.0927,0.6461,4.5499,0.0977,0.0284,4.4602,0.1141,0.1686,4.6321,0.0880,0.1432,4.7820,0.0777,0.1395,4.7850,0.0859,0.1663,0.000409614,5.06637e-05,0.478278
2010000,0.03000,75.731,115.193,0.794,0.181,28.420,4.5748,0.1037,1.0816,4.5544,0.0969,0.0267,4.2861,0.1422,0.4663,4.5885,0.0932,0.2009,4.6779,0.0965,0.2323,4.7669,0.0895,0.1555,0.000405247,5.84068e-05,0.671124
2020000,0.03000,76.401,117.425,0.731,0.188,28.342,4.6131,0.0972,0.2879,4.5501,0.0981,0.0302,4.3740,0.1270,0.1065,4.6234,0.0891,0.0257,4.7337,0.0860,0.0648,4.7844,0.0855,0.0608,0.000374524,3.19253e-05,0.21045
2030000,0.03000,76.416,117.354,0.738,0.188,28.323,4.6110,0.0974,0.1703,4.5466,0.0987,0.0310,4.3677,0.1271,0.0806,4.6188,0.0900,0.0121,4.7318,0.0864,0.0234,4.7901,0.0848,0.0232,0.000377489,3.08806e-05,0.138119
2040000,0.03000,76.411,117.205,0.750,0.188,28.235,4.6138,0.0958,0.8551,4.5559,0.0971,0.0280,4.3925,0.1208,0.2508,4.6145,0.0903,0.1584,4.7225,0.0869,0.2313,4.7836,0.0839,0.1866,0.000396234,4.67367e-05,0.529617
2050000,0.03000,76.155,117.296,0.719,0.206,28.248,4.6117,0.0970,0.1677,4.5529,0.0979,0.0305,4.3835,0.1232,0.0708,4.6181,0.0898,0.0108,4.7260,0.0872,0.0256,4.7780,0.0870,0.0299,0.000368754,3.04347e-05,0.147535
2060000,0.03000,76.150,117.359,0.744,0.194,28.226,4.6134,0.0969,0.1824,4.5566,0.0974,0.0301,4.3951,0.1213,0.0695,4.6222,0.0899,0.0144,4.7252,0.0874,0.0311,4.7679,0.0887,0.0373,0.000364617,2.97254e-05,0.147442
2070000,0.03000,76.153,116.706,0.750,0.194,28.180,4.5990,0.0997,0.2298,4.5539,0.0978,0.0299,4.3874,0.1222,0.0753,4.5553,0.1037,0.0704,4.7245,0.0874,0.0253,4.7740,0.0876,0.0288,0.000370139,3.05003e-05,0.196696
2080000,0.03000,74.959,116.100,0.744,0.188,28.276,4.6084,0.0977,1.1673,4.5649,0.0955,0.0254,4.3965,0.1229,0.3402,4.5889,0.0927,0.3662,4.7081,0.0915,0.2621,4.7836,0.0858,0.1734,0.000419555,7.76791e-05,0.83061
2090000,0.03000,75.160,116.068,0.769,0.188,28.343,4.6093,0.0971,0.7233,4.5612,0.0965,0.0274,4.4033,0.1194,0.2234,4.5775,0.0986,0.1455,4.7262,0.0855,0.1895,4.7784,0.0857,0.1375,0.000383189,4.21211e-05,0.49515
2100000,0.03000,72.860,107.661,0.769,0.194,28.493,4.6102,0.0970,0.6639,4.5617,0.0964,0.0270,4.4050,0.1187,0.1509,4.5748,0.0990,0.1655,4.7367,0.0844,0.1635,4.7729,0.0866,0.1570,0.000380096,4.01343e-05,0.463606
2110000,0.03000,71.802,100.662,0.769,0.194,27.563,4.5946,0.1005,0.2538,4.5588,0.0972,0.0291,4.4046,0.1190,0.0709,4.5059,0.1122,0.0887,4.7292,0.0867,0.0292,4.7745,0.0875,0.0360,0.00035614,2.98152e-05,0.202635
2120000,0.03000,70.798,96.108,0.775,0.194,27.247,4.5884,0.1015,0.2895,4.5573,0.0974,0.0293,4.3976,0.1202,0.0699,4.4719,0.1185,0.1215,4.7307,0.0861,0.0293,4.7843,0.0854,0.0395,0.000362741,3.03473e-05,0.237985
2130000,0.03000,70.212,94.004,0.769,0.194,27.556,4.5900,0.1014,0.4489,4.5587,0.0970,0.0280,4.3971,0.1202,0.0965,4.4905,0.1153,0.1538,4.7237,0.0873,0.0855,4.7798,0.0872,0.0851,0.000371168,3.38697e-05,0.364334
2140000,0.03000,69.546,89.794,0.781,0.194,27.611,4.5919,0.1011,0.3766,4.5607,0.0967,0.0274,4.4079,0.1182,0.0811,4.4693,0.1185,0.1402,4.7320,0.0859,0.0767,4.7895,0.0860,0.0511,0.000368783,3.51364e-05,0.38376
2150000,0.03000,69.625,90.831,0.787,0.194,27.183,4.5869,0.1017,0.3942,4.5616,0.0967,0.0276,4.4037,0.1195,0.1024,4.4601,0.1195,0.1346,4.7279,0.0868,0.0544,4.7812,0.0862,0.0752,0.000362934,3.29013e-05,0.367605
2160000,0.03000,69.921,91.680,0.794,0.194,27.639,4.5848,0.1021,0.2946,4.5599,0.0970,0.0285,4.3985,0.1203,0.0749,4.4558,0.1204,0.1236,4.7290,0.0864,0.0258,4.7809,0.0863,0.0418,0.000359871,3.02387e-05,0.257308
2170000,0.03000,70.919,95.115,0.794,0.194,27.783,4.5879,0.1016,0.4565,4.5639,0.0964,0.0273,4.4150,0.1172,0.1082,4.4565,0.1200,0.1648,4.7289,0.0865,0.0668,4.7751,0.0877,0.0894,0.0003538,3.08385e-05,0.314771
2180000,0.03000,70.846,95.856,0.787,0.194,27.953,4.5786,0.1042,0.8780,4.5693,0.0952,0.0244,4.3971,0.1216,0.2461,4.4601,0.1196,0.2670,4.7111,0.0897,0.1661,4.7553,0.0949,0.1743,0.000394165,6.15942e-05,0.76912
2190000,0.03000,70.263,95.251,0.781,0.200,28.271,4.5719,0.1049,0.9240,4.5730,0.0947,0.0239,4.4155,0.1188,0.2328,4.4405,0.1219,0.2924,4.6465,0.1042,0.2228,4.7840,0.0850,0.1521,0.000371201,4.64615e-05,0.676699
2200000,0.03000,71.542,99.488,0.787,0.200,28.378,4.5960,0.1011,0.6885,4.5709,0.0950,0.0252,4.4187,0.1184,0.1491,4.4910,0.1160,0.2038,4.6994,0.0928,0.1882,4.8001,0.0833,0.1223,0.000391981,6.5137e-05,0.789813
2210000,0.03000,71.048,98.681,0.787,0.194,28.433,4.5902,0.1018,1.1542,4.5718,0.0950,0.0245,4.4242,0.1187,0.3608,4.4380,0.1226,0.4030,4.6961,0.0936,0.2045,4.8210,0.0790,0.1613,0.000366371,4.53785e-05,0.633736
2220000,0.03000,71.307,101.319,0.794,0.200,28.094,4.5633,0.1065,0.4342,4.5683,0.0958,0.0271,4.4069,0.1203,0.0821,4.4695,0.1177,0.1194,4.5917,0.1124,0.1538,4.7800,0.0862,0.0517,0.00034314,3.12942e-05,0.385152
2230000,0.03000,69.959,99.245,0.794,0.200,27.145,4.5677,0.1057,0.7329,4.5713,0.0952,0.0251,4.4210,0.1184,0.1291,4.4652,0.1184,0.1838,4.5915,0.1126,0.2358,4.7897,0.0838,0.1591,0.00034769,4.03065e-05,0.572629
2240000,0.03000,68.767,96.434,0.794,0.200,25.838,4.5457,0.1099,0.6346,4.5674,0.0959,0.0263,4.4058,0.1206,0.1405,4.4633,0.1189,0.1461,4.5035,0.1293,0.2201,4.7882,0.0848,0.1016,0.000339331,3.35132e-05,0.47943
2250000,0.03000,67.479,92.026,0.787,0.200,25.392,4.5346,0.1118,0.6757,4.5689,0.0956,0.0253,4.3912,0.1235,0.1226,4.4643,0.1186,0.1634,4.4728,0.1340,0.2637,4.7758,0.0874,0.1007,0.000337642,3.97484e-05,0.619763
2260000,0.03000,65.387,86.254,0.787,0.200,26.383,4.5536,0.1082,1.1370,4.5719,0.0950,0.0241,4.4001,0.1258,0.2909,4.4565,0.1188,0.3180,4.5504,0.1184,0.3335,4.7891,0.0827,0.1706,0.000353619,5.21328e-05,0.745895
2270000,0.03000,66.947,88.140,0.794,0.200,25.966,4.5420,0.1099,0.5550,4.5692,0.0956,0.0258,4.4046,0.1205,0.0813,4.4648,0.1183,0.1504,4.4925,0.1294,0.2113,4.7790,0.0855,0.0862,0.000332184,3.36521e-05,0.496468
2280000,0.03000,70.133,97.736,0.794,0.194,26.757,4.5433,0.1104,0.3703,4.5733,0.0953,0.0265,4.4079,0.1214,0.0617,4.4768,0.1165,0.1050,4.4887,0.1303,0.1477,4.7698,0.0884,0.0295,0.000309763,2.87904e-05,0.329405
2290000,0.03000,67.975,88.966,0.794,0.200,26.794,4.5418,0.1102,0.5574,4.5711,0.0955,0.0259,4.3950,0.1225,0.1057,4.4663,0.1179,0.1342,4.5003,0.1280,0.2030,4.7765,0.0873,0.0885,0.000335436,3.58818e-05,0.53759
2300000,0.03000,70.554,98.664,0.794,0.194,27.207,4.5345,0.1118,0.3886,4.5685,0.0960,0.0269,4.3895,0.1247,0.0740,4.4680,0.1176,0.1102,4.4793,0.1319,0.1456,4.7671,0.0886,0.0319,0.000330396,2.92678e-05,0.333079
2310000,0.03000,72.019,103.714,0.794,0.194,27.385,4.5413,0.1105,0.3538,4.5704,0.0958,0.0265,4.4033,0.1222,0.0608,4.4746,0.1167,0.1039,4.4874,0.1302,0.1365,4.7710,0.0878,0.0261,0.000323789,2.90314e-05,0.326547
2320000,0.03000,72.354,104.519,0.787,0.194,27.535,4.5398,0.1110,0.3644,4.5745,0.0952,0.0264,4.4076,0.1215,0.0574,4.4758,0.1164,0.1036,4.4742,0.1330,0.1488,4.7668,0.0888,0.0282,0.000315235,2.874e-05,0.325225
2330000,0.03000,73.313,107.361,0.787,0.194,27.625,4.5418,0.1107,0.3401,4.5752,0.0952,0.0260,4.4070,0.1222,0.0562,4.4767,0.1163,0.1040,4.4891,0.1301,0.1336,4.7610,0.0899,0.0204,0.00031772,2.83771e-05,0.318722
2340000,0.03000,71.075,102.955,0.787,0.194,27.606,4.5477,0.1098,0.5440,4.5749,0.0951,0.0259,4.4028,0.1216,0.1135,4.4672,0.1181,0.1503,4.5000,0.1306,0.1965,4.7935,0.0839,0.0578,0.000343793,3.58874e-05,0.519424
2350000,0.03000,71.667,104.947,0.787,0.194,27.439,4.5623,0.1066,0.8145,4.5735,0.0955,0.0256,4.4658,0.1105,0.1655,4.4787,0.1159,0.2119,4.5255,0.1221,0.2693,4.7677,0.0888,0.1422,0.000338348,3.78398e-05,0.591157
2360000,0.03000,73.005,108.376,0.787,0.194,27.503,4.5267,0.1139,0.4906,4.5594,0.0988,0.0306,4.4064,0.1218,0.0623,4.4749,0.1164,0.1097,4.5117,0.1258,0.1477,4.6811,0.1066,0.1403,0.000329621,2.98411e-05,0.411305
2370000,0.03000,73.094,108.231,0.787,0.194,27.537,4.5273,0.1131,0.7374,4.5554,0.0994,0.0318,4.4317,0.1152,0.1393,4.4780,0.1164,0.1691,4.5000,0.1276,0.2090,4.6714,0.1070,0.1883,0.000326916,3.51913e-05,0.581251
2380000,0.03000,74.253,112.566,0.787,0.194,27.369,4.5162,0.1159,0.4788,4.5586,0.0990,0.0321,4.4158,0.1205,0.0502,4.4878,0.1143,0.1046,4.4986,0.1288,0.1424,4.6202,0.1170,0.1495,0.000282828,2.87481e-05,0.429607
2390000,0.03000,70.984,109.042,0.787,0.194,26.094,4.5198,0.1152,0.4628,4.5591,0.0997,0.0351,4.4199,0.1199,0.0476,4.4821,0.1151,0.1051,4.5153,0.1254,0.1305,4.6224,0.1156,0.1445,0.000266849,2.89582e-05,0.435827
2400000,0.03000,70.695,104.486,0.787,0.194,26.263,4.5125,0.1167,0.4582,4.5571,0.1000,0.0350,4.4125,0.1225,0.0526,4.4781,0.1157,0.1052,4.5069,0.1268,0.1306,4.6080,0.1183,0.1348,0.000266541,2.95312e-05,0.439058
2410000,0.03000,71.207,105.497,0.787,0.200,26.432,4.5131,0.1164,0.4597,4.5554,0.1004,0.0360,4.4233,0.1197,0.0459,4.4769,0.1159,0.1055,4.5113,0.1259,0.1298,4.5987,0.1203,0.1425,0.000266841,2.94165e-05,0.438907
2420000,0.03000,69.399,102.089,0.787,0.206,26.243,4.5075,0.1175,0.4593,4.5549,0.1005,0.0364,4.4227,0.1204,0.0457,4.4771,0.1157,0.1037,4.4898,0.1300,0.1435,4.5932,0.1210,0.1300,0.000263195,2.91917e-05,0.429562
2430000,0.03000,69.172,102.388,0.781,0.206,26.310,4.5075,0.1175,0.4519,4.5547,0.1006,0.0368,4.4235,0.1201,0.0452,4.4762,0.1159,0.1074,4.4981,0.1283,0.1369,4.5849,0.1224,0.1255,0.000263445,2.92422e-05,0.427654
2440000,0.03000,70.189,105.353,0.781,0.206,26.405,4.5067,0.1176,0.4590,4.5540,0.1008,0.0375,4.4175,0.1213,0.0491,4.4762,0.1158,0.1060,4.5056,0.1269,0.1338,4.5804,0.1233,0.1325,0.000264279,2.91861e-05,0.431515
2450000,0.03000,70.822,107.232,0.787,0.206,26.493,4.5015,0.1187,0.4728,4.5542,0.1008,0.0376,4.4222,0.1207,0.0446,4.4774,0.1155,0.1057,4.4784,0.1323,0.1582,4.5754,0.1242,0.1267,0.000264838,2.90393e-05,0.43243
2460000,0.03000,71.204,109.910,0.781,0.206,26.562,4.5083,0.1175,0.4462,4.5548,0.1008,0.0377,4.4241,0.1206,0.0445,4.4794,0.1152,0.1055,4.5119,0.1257,0.1322,4.5714,0.1250,0.1264,0.000265457,2.90895e-05,0.434669
2470000,0.03000,71.363,110.234,0.787,0.206,26.576,4.5026,0.1184,0.4557,4.5547,0.1009,0.0381,4.4256,0.1199,0.0423,4.4758,0.1157,0.1057,4.4918,0.1294,0.1365,4.5653,0.1262,0.1331,0.000265752,2.89055e-05,0.42987
2480000,0.03000,71.636,110.051,0.781,0.206,26.552,4.5041,0.1183,0.4456,4.5543,0.1010,0.0387,4.4220,0.1214,0.0447,4.4771,0.1155,0.1037,4.5026,0.1274,0.1308,4.5646,0.1263,0.1276,0.000266035,2.88276e-05,0.432531
2490000,0.03000,71.694,110.882,0.787,0.206,26.555,4.5042,0.1183,0.4418,4.5532,0.1016,0.0399,4.4276,0.1198,0.0419,4.4762,0.1156,0.1046,4.5012,0.1276,0.1298,4.5627,0.1268,0.1255,0.000266468,2.88607e-05,0.434516
2500000,0.03000,71.210,108.260,0.781,0.206,26.523,4.5033,0.1186,0.4519,4.5514,0.1020,0.0399,4.4224,0.1217,0.0438,4.4779,0.1153,0.1061,4.5007,0.1277,0.1283,4.5643,0.1264,0.1339,0.000266553,2.88914e-05,0.419608
2510000,0.03000,70.795,105.858,0.781,0.206,26.538,4.5003,0.1191,0.4500,4.5503,0.1022,0.0398,4.4230,0.1216,0.0436,4.4786,0.1151,0.1039,4.4909,0.1292,0.1301,4.5585,0.1275,0.1325,0.00026766,2.90327e-05,0.41643
2520000,0.03000,70.823,105.905,0.781,0.206,26.491,4.4992,0.1194,0.4395,4.5498,0.1022,0.0397,4.4222,0.1220,0.0445,4.4779,0.1153,0.1045,4.4931,0.1288,0.1226,4.5531,0.1285,0.1283,0.000268741,2.9043e-05,0.412694
2530000,0.03000,71.266,107.053,0.781,0.206,26.439,4.4993,0.1193,0.4472,4.5496,0.1022,0.0398,4.4252,0.1212,0.0438,4.4801,0.1149,0.1048,4.4906,0.1293,0.1270,4.5512,0.1289,0.1318,0.000269433,2.89769e-05,0.412389
2540000,0.03000,71.262,106.779,0.781,0.206,26.435,4.4979,0.1195,0.4473,4.5497,0.1022,0.0397,4.4279,0.1206,0.0397,4.4785,0.1151,0.1052,4.4860,0.1301,0.1309,4.5472,0.1296,0.1318,0.000270014,2.89089e-05,0.412588
2550000,0.03000,71.435,106.797,0.781,0.206,26.404,4.5019,0.1188,0.4389,4.5500,0.1021,0.0396,4.4280,0.1208,0.0403,4.4797,0.1149,0.1045,4.5014,0.1272,0.1205,4.5504,0.1289,0.1340,0.00027057,2.8883e-05,0.412326
2560000,0.03000,71.436,106.195,0.781,0.206,26.347,4.4978,0.1196,0.4455,4.5503,0.1021,0.0396,4.4278,0.1210,0.0404,4.4789,0.1151,0.1049,4.4848,0.1304,0.1307,4.5474,0.1294,0.1298,0.00027095,2.87526e-05,0.410217
2570000,0.03000,71.608,106.210,0.781,0.206,26.327,4.4980,0.1196,0.4401,4.5507,0.1021,0.0397,4.4286,0.1205,0.0385,4.4780,0.1153,0.1042,4.4857,0.1303,0.1299,4.5472,0.1296,0.1278,0.000271345,2.88309e-05,0.412707
2580000,0.03000,71.690,105.651,0.781,0.206,26.349,4.4996,0.1192,0.4399,4.5513,0.1020,0.0397,4.4294,0.1205,0.0380,4.4783,0.1150,0.1030,4.4918,0.1291,0.1293,4.5470,0.1295,0.1299,0.000271402,2.86332e-05,0.412901
2590000,0.03000,71.673,105.652,0.781,0.206,26.299,4.5031,0.1187,0.4369,4.5523,0.1019,0.0394,4.4284,0.1212,0.0399,4.4768,0.1153,0.1053,4.5067,0.1262,0.1223,4.5511,0.1288,0.1301,0.00027154,2.85338e-05,0.413195
2600000,0.03000,71.640,105.368,0.781,0.206,26.292,4.5015,0.1189,0.4336,4.5524,0.1019,0.0394,4.4298,0.1208,0.0376,4.4779,0.1150,0.1034,4.4970,0.1280,0.1250,4.5505,0.1288,0.1282,0.000271707,2.84416e-05,0.411259
2610000,0.03000,71.734,105.406,0.781,0.206,26.281,4.5019,0.1189,0.4434,4.5534,0.1018,0.0391,4.4316,0.1204,0.0395,4.4778,0.1151,0.1054,4.4983,0.1278,0.1274,4.5487,0.1294,0.1320,0.000271829,2.8489e-05,0.41083
2620000,0.03000,71.775,105.069,0.781,0.200,26.271,4.5026,0.1189,0.4379,4.5544,0.1016,0.0387,4.4289,0.1212,0.0388,4.4786,0.1149,0.1033,4.4977,0.1279,0.1258,4.5534,0.1287,0.1314,0.000271802,2.831e-05,0.411485
2630000,0.03000,71.843,105.849,0.781,0.200,26.234,4.5018,0.1189,0.4429,4.5545,0.1016,0.0387,4.4326,0.1204,0.0369,4.4790,0.1148,0.1033,4.4887,0.1296,0.1364,4.5542,0.1283,0.1276,0.000271845,2.82863e-05,0.409972
2640000,0.03000,72.049,105.986,0.781,0.200,26.212,4.5049,0.1183,0.4298,4.5555,0.1015,0.0384,4.4317,0.1205,0.0359,4.4793,0.1147,0.1040,4.5046,0.1265,0.1229,4.5536,0.1284,0.1285,0.000271743,2.81423e-05,0.411251
2650000,0.03000,72.012,105.485,0.781,0.200,26.228,4.5051,0.1184,0.4351,4.5554,0.1015,0.0385,4.4296,0.1212,0.0375,4.4786,0.1149,0.1041,4.5060,0.1263,0.1242,4.5557,0.1279,0.1306,0.000271953,2.82913e-05,0.409642
2660000,0.03000,72.099,106.076,0.781,0.200,26.239,4.5062,0.1181,0.4284,4.5563,0.1014,0.0382,4.4343,0.1198,0.0362,4.4803,0.1145,0.1017,4.5003,0.1273,0.1246,4.5597,0.1274,0.1276,0.000272001,2.81867e-05,0.413528
2670000,0.03000,71.533,104.516,0.781,0.200,26.195,4.5030,0.1188,0.4232,4.5564,0.1014,0.0382,4.4299,0.1213,0.0370,4.4791,0.1145,0.0944,4.4926,0.1288,0.1304,4.5570,0.1279,0.1232,0.000273144,2.84102e-05,0.399989
2680000,0.03000,71.590,104.719,0.781,0.200,26.217,4.5070,0.1180,0.4192,4.5569,0.1013,0.0379,4.4336,0.1205,0.0352,4.4758,0.1152,0.0949,4.5093,0.1257,0.1243,4.5592,0.1275,0.1268,0.00027364,2.82909e-05,0.400615
2690000,0.03000,71.480,104.406,0.781,0.200,26.197,4.5046,0.1184,0.4252,4.5567,0.1013,0.0381,4.4308,0.1212,0.0363,4.4731,0.1155,0.0957,4.5020,0.1269,0.1283,4.5602,0.1273,0.1269,0.000273855,2.82481e-05,0.397024
2700000,0.03000,71.412,104.519,0.781,0.200,26.191,4.5050,0.1184,0.4240,4.5574,0.1012,0.0378,4.4332,0.1205,0.0362,4.4765,0.1151,0.0949,4.4972,0.1279,0.1324,4.5605,0.1273,0.1228,0.000274175,2.83083e-05,0.400595
2710000,0.03000,71.609,104.837,0.781,0.200,26.179,4.5024,0.1191,0.4507,4.5577,0.1011,0.0378,4.4282,0.1221,0.0405,4.4737,0.1155,0.0976,4.4894,0.1296,0.1476,4.5631,0.1270,0.1273,0.000274014,2.82025e-05,0.400606
2720000,0.03000,71.626,105.141,0.781,0.200,26.227,4.5075,0.1178,0.4170,4.5577,0.1012,0.0377,4.4323,0.1208,0.0354,4.4733,0.1154,0.0954,4.5100,0.1254,0.1250,4.5643,0.1265,0.1235,0.000274182,2.81134e-05,0.3977
2730000,0.03000,71.588,105.089,0.775,0.200,26.178,4.5070,0.1180,0.4218,4.5585,0.1010,0.0374,4.4319,0.1212,0.0371,4.4754,0.1152,0.0949,4.5052,0.1263,0.1281,4.5638,0.1265,0.1243,0.000273992,2.80562e-05,0.395998
2740000,0.03000,71.596,104.934,0.775,0.200,26.133,4.5093,0.1176,0.4173,4.5582,0.1011,0.0377,4.4348,0.1206,0.0346,4.4766,0.1149,0.0948,4.5087,0.1257,0.1267,4.5681,0.1258,0.1235,0.000273935,2.79535e-05,0.395514
2750000,0.03000,71.705,105.255,0.775,0.200,26.128,4.5077,0.1180,0.4231,4.5587,0.1010,0.0374,4.4362,0.1206,0.0353,4.4752,0.1152,0.0956,4.4992,0.1275,0.1313,4.5690,0.1256,0.1235,0.000274007,2.799e-05,0.395115
2760000,0.03000,71.829,105.121,0.775,0.200,26.101,4.5086,0.1178,0.4206,4.5590,0.1010,0.0373,4.4362,0.1205,0.0348,4.4752,0.1151,0.0936,4.5024,0.1268,0.1306,4.5704,0.1255,0.1243,0.000273828,2.79306e-05,0.396107
2770000,0.03000,71.906,105.090,0.775,0.200,26.071,4.5093,0.1178,0.4165,4.5587,0.1010,0.0375,4.4329,0.1217,0.0364,4.4771,0.1148,0.0949,4.5059,0.1263,0.1256,4.5720,0.1253,0.1220,0.000273693,2.78863e-05,0.394437
2780000,0.03000,72.010,104.961,0.775,0.200,26.092,4.5121,0.1171,0.4107,4.5593,0.1009,0.0373,4.4364,0.1205,0.0335,4.4761,0.1150,0.0943,4.5129,0.1248,0.1211,4.5757,0.1245,0.1244,0.000273564,2.78075e-05,0.395484
2790000,0.03000,71.842,104.827,0.775,0.200,26.083,4.5110,0.1173,0.4081,4.5594,0.1009,0.0373,4.4353,0.1208,0.0333,4.4754,0.1151,0.0945,4.5093,0.1253,0.1226,4.5756,0.1245,0.1204,0.000273478,2.78035e-05,0.394228
2800000,0.03000,71.885,104.616,0.775,0.200,26.054,4.5122,0.1171,0.4187,4.5599,0.1008,0.0370,4.4292,0.1221,0.0394,4.4761,0.1149,0.0934,4.5139,0.1245,0.1236,4.5820,0.1234,0.1252,0.000273329,2.7856e-05,0.393046
2810000,0.03000,72.001,104.699,0.775,0.200,26.043,4.5125,0.1171,0.4251,4.5603,0.1008,0.0369,4.4365,0.1208,0.0350,4.4748,0.1151,0.0955,4.5097,0.1254,0.1279,4.5813,0.1236,0.1297,0.000273272,2.78267e-05,0.395218
2820000,0.03000,72.110,104.768,0.775,0.200,26.024,4.5152,0.1166,0.4077,4.5604,0.1008,0.0369,4.4383,0.1201,0.0321,4.4769,0.1147,0.0946,4.5181,0.1239,0.1204,4.5821,0.1234,0.1237,0.000273071,2.77002e-05,0.393457
2830000,0.03000,72.049,104.618,0.775,0.200,25.992,4.5140,0.1167,0.4098,4.5607,0.1007,0.0368,4.4364,0.1203,0.0337,4.4762,0.1148,0.0939,4.5126,0.1248,0.1220,4.5842,0.1230,0.1234,0.000272894,2.76796e-05,0.393404
2840000,0.03000,72.118,104.566,0.775,0.200,25.972,4.5147,0.1167,0.4076,4.5607,0.1007,0.0368,4.4379,0.1202,0.0312,4.4764,0.1148,0.0939,4.5127,0.1248,0.1233,4.5856,0.1228,0.1224,0.000272679,2.76296e-05,0.39093
2850000,0.03000,71.890,104.183,0.775,0.200,25.957,4.5132,0.1169,0.4132,4.5607,0.1007,0.0369,4.4381,0.1202,0.0329,4.4762,0.1148,0.0943,4.5044,0.1262,0.1259,4.5866,0.1228,0.1231,0.000272597,2.77117e-05,0.393445
2860000,0.03000,72.017,104.262,0.775,0.200,25.961,4.5167,0.1163,0.4142,4.5614,0.1006,0.0366,4.4403,0.1199,0.0322,4.4770,0.1146,0.0942,4.5102,0.1251,0.1278,4.5944,0.1211,0.1234,0.000272276,2.75338e-05,0.394251
2870000,0.03000,72.029,104.127,0.775,0.200,25.972,4.5143,0.1167,0.4109,4.5615,0.1006,0.0366,4.4386,0.1200,0.0309,4.4779,0.1144,0.0936,4.5031,0.1265,0.1291,4.5904,0.1219,0.1207,0.000272008,2.74755e-05,0.393755
2880000,0.03000,72.141,104.243,0.775,0.200,25.956,4.5171,0.1162,0.4080,4.5617,0.1006,0.0365,4.4404,0.1198,0.0325,4.4779,0.1144,0.0931,4.5118,0.1248,0.1234,4.5935,0.1213,0.1225,0.000272013,2.75433e-05,0.391383
2890000,0.03000,72.130,104.053,0.775,0.200,25.966,4.5152,0.1166,0.4303,4.5616,0.1006,0.0365,4.4403,0.1199,0.0330,4.4789,0.1144,0.0963,4.5042,0.1264,0.1359,4.5910,0.1220,0.1287,0.000271831,2.74827e-05,0.395182
2900000,0.03000,72.124,103.819,0.775,0.200,25.930,4.5167,0.1163,0.4020,4.5615,0.1006,0.0366,4.4397,0.1203,0.0315,4.4764,0.1146,0.0922,4.5118,0.1248,0.1198,4.5943,0.1212,0.1218,0.000271693,2.75035e-05,0.393942
2910000,0.03000,72.187,103.827,0.775,0.200,25.952,4.5168,0.1163,0.4061,4.5619,0.1005,0.0364,4.4411,0.1199,0.0307,4.4772,0.1145,0.0939,4.5085,0.1254,0.1221,4.5951,0.1211,0.1230,0.000271409,2.74131e-05,0.39136
2920000,0.03000,72.164,103.739,0.775,0.200,25.927,4.5185,0.1160,0.4154,4.5619,0.1006,0.0365,4.4438,0.1193,0.0296,4.4804,0.1140,0.0946,4.5068,0.1258,0.1311,4.5995,0.1204,0.1236,0.000271437,2.74354e-05,0.393436
2930000,0.03000,72.198,103.659,0.775,0.200,25.898,4.5161,0.1165,0.4218,4.5615,0.1007,0.0368,4.4426,0.1197,0.0327,4.4805,0.1139,0.0941,4.4992,0.1273,0.1357,4.5966,0.1209,0.1225,0.000271172,2.74218e-05,0.390435
2940000,0.03000,72.119,103.383,0.775,0.206,25.926,4.5174,0.1163,0.4129,4.5620,0.1006,0.0365,4.4400,0.1204,0.0321,4.4779,0.1144,0.0954,4.5069,0.1258,0.1281,4.6002,0.1201,0.1208,0.000271176,2.7471e-05,0.389966
2950000,0.03000,72.220,103.302,0.775,0.206,25.880,4.5179,0.1160,0.4075,4.5621,0.1006,0.0364,4.4419,0.1198,0.0323,4.4779,0.1143,0.0938,4.5077,0.1254,0.1246,4.6000,0.1201,0.1203,0.000270824,2.73328e-05,0.392424
2960000,0.03000,72.106,102.996,0.775,0.206,25.883,4.5177,0.1161,0.4111,4.5620,0.1006,0.0365,4.4429,0.1196,0.0294,4.4787,0.1141,0.0919,4.5010,0.1267,0.1305,4.6039,0.1194,0.1227,0.000270778,2.73986e-05,0.391339
2970000,0.03000,72.252,103.258,0.775,0.206,25.853,4.5221,0.1153,0.4012,4.5621,0.1006,0.0365,4.4391,0.1205,0.0326,4.4780,0.1143,0.0943,4.5233,0.1225,0.1160,4.6081,0.1187,0.1217,0.000270716,2.73864e-05,0.389395
2980000,0.03000,72.192,102.858,0.775,0.206,25.890,4.5208,0.1155,0.4078,4.5620,0.1007,0.0366,4.4421,0.1197,0.0312,4.4795,0.1140,0.0937,4.5130,0.1243,0.1228,4.6075,0.1187,0.1236,0.000270372,2.73094e-05,0.391077
2990000,0.03000,72.140,102.789,0.775,0.206,25.863,4.5202,0.1156,0.4015,4.5612,0.1009,0.0371,4.4418,0.1195,0.0310,4.4790,0.1141,0.0945,4.5136,0.1243,0.1182,4.6054,0.1190,0.1207,0.000270433,2.7417e-05,0.389551
3000000,0.03000,72.161,102.532,0.775,0.206,25.859,4.5234,0.1151,0.4052,4.5599,0.1013,0.0377,4.4435,0.1195,0.0299,4.4802,0.1139,0.0936,4.5261,0.1219,0.1167,4.6075,0.1187,0.1271,0.000270156,2.72761e-05,0.391004
3010000,0.03000,72.037,102.057,0.775,0.200,25.895,4.5176,0.1161,0.4189,4.5590,0.1015,0.0377,4.4425,0.1193,0.0293,4.4782,0.1141,0.0943,4.5021,0.1264,0.1320,4.6065,0.1191,0.1256,0.00027009,2.73494e-05,0.391453
3020000,0.03000,72.218,102.538,0.775,0.206,25.904,4.5194,0.1157,0.4160,4.5575,0.1017,0.0378,4.4459,0.1188,0.0287,4.4787,0.1140,0.0952,4.5094,0.1248,0.1256,4.6057,0.1191,0.1286,0.000269954,2.73951e-05,0.393443
3030000,0.03000,72.389,102.786,0.775,0.200,25.861,4.5220,0.1153,0.4041,4.5570,0.1018,0.0374,4.4463,0.1189,0.0288,4.4803,0.1138,0.0951,4.5164,0.1236,0.1216,4.6102,0.1182,0.1212,0.000269717,2.73014e-05,0.390703
3040000,0.03000,72.383,102.799,0.775,0.200,25.873,4.5192,0.1157,0.4124,4.5563,0.1018,0.0372,4.4443,0.1187,0.0301,4.4783,0.1140,0.0943,4.5072,0.1254,0.1283,4.6100,0.1184,0.1226,0.000269657,2.74336e-05,0.391711
3050000,0.03000,72.208,102.565,0.775,0.200,25.870,4.5177,0.1159,0.4109,4.5555,0.1019,0.0371,4.4430,0.1190,0.0303,4.4785,0.1140,0.0932,4.5022,0.1262,0.1319,4.6095,0.1184,0.1183,0.000269319,2.73088e-05,0.386661
3060000,0.03000,72.245,102.431,0.775,0.194,25.867,4.5202,0.1154,0.3998,4.5556,0.1018,0.0368,4.4437,0.1189,0.0288,4.4782,0.1140,0.0932,4.5157,0.1236,0.1199,4.6078,0.1187,0.1210,0.000269332,2.7374e-05,0.388608
3070000,0.03000,72.279,102.195,0.775,0.200,25.868,4.5188,0.1157,0.4216,4.5557,0.1018,0.0364,4.4424,0.1191,0.0290,4.4786,0.1140,0.0950,4.5070,0.1252,0.1349,4.6100,0.1184,0.1263,0.000269191,2.72763e-05,0.390789
3080000,0.03000,72.165,102.039,0.775,0.200,25.860,4.5198,0.1154,0.4063,4.5548,0.1019,0.0368,4.4454,0.1186,0.0263,4.4766,0.1142,0.0933,4.5132,0.1239,0.1261,4.6092,0.1185,0.1237,0.000269059,2.72895e-05,0.387249
3090000,0.03000,72.287,101.827,0.775,0.194,25.879,4.5215,0.1151,0.3912,4.5554,0.1018,0.0364,4.4459,0.1186,0.0265,4.4782,0.1139,0.0925,4.5153,0.1235,0.1176,4.6127,0.1178,0.1182,0.00026906,2.72203e-05,0.388921
3100000,0.03000,72.252,102.004,0.775,0.200,25.853,4.5251,0.1145,0.4003,4.5546,0.1019,0.0367,4.4464,0.1185,0.0273,4.4801,0.1138,0.0937,4.5257,0.1218,0.1194,4.6186,0.1167,0.1233,0.000269157,2.73833e-05,0.389124
3110000,0.03000,72.212,101.827,0.775,0.194,25.863,4.5218,0.1151,0.4051,4.5545,0.1019,0.0367,4.4504,0.1175,0.0283,4.4796,0.1138,0.0941,4.5116,0.1244,0.1247,4.6132,0.1178,0.1213,0.000269026,2.73172e-05,0.388031
3120000,0.03000,72.281,101.959,0.775,0.194,25.852,4.5200,0.1153,0.3995,4.5545,0.1019,0.0365,4.4484,0.1180,0.0259,4.4768,0.1141,0.0921,4.5073,0.1251,0.1258,4.6127,0.1177,0.1191,0.00026896,2.73099e-05,0.387712
3130000,0.03000,72.251,102.105,0.775,0.200,25.828,4.5204,0.1154,0.4180,4.5545,0.1019,0.0364,4.4523,0.1174,0.0265,4.4811,0.1136,0.0948,4.5006,0.1264,0.1364,4.6137,0.1176,0.1240,0.000268857,2.72432e-05,0.387789
3140000,0.03000,72.351,102.335,0.775,0.194,25.848,4.5208,0.1152,0.4037,4.5547,0.1018,0.0365,4.4468,0.1184,0.0286,4.4778,0.1140,0.0936,4.5109,0.1242,0.1222,4.6136,0.1177,0.1228,0.000268926,2.7278e-05,0.387799
3150000,0.03000,72.266,102.407,0.775,0.194,25.836,4.5229,0.1148,0.3979,4.5546,0.1018,0.0363,4.4531,0.1174,0.0243,4.4790,0.1138,0.0937,4.5139,0.1237,0.1210,4.6138,0.1175,0.1225,0.00026871,2.71927e-05,0.388212
3160000,0.03000,72.217,102.038,0.775,0.194,25.826,4.5211,0.1151,0.4077,4.5543,0.1019,0.0365,4.4506,0.1176,0.0279,4.4786,0.1138,0.0943,4.5078,0.1248,0.1271,4.6142,0.1174,0.1220,0.000268796,2.72588e-05,0.387581
3170000,0.03000,72.215,102.021,0.775,0.194,25.821,4.5212,0.1151,0.4002,4.5544,0.1018,0.0365,4.4492,0.1180,0.0270,4.4776,0.1139,0.0935,4.5113,0.1241,0.1213,4.6137,0.1176,0.1220,0.000268687,2.719e-05,0.385513
3180000,0.03000,72.258,102.409,0.775,0.194,25.797,4.5229,0.1148,0.4042,4.5543,0.1019,0.0365,4.4490,0.1178,0.0287,4.4793,0.1138,0.0946,4.5162,0.1234,0.1209,4.6160,0.1170,0.1235,0.000268741,2.72793e-05,0.387406
3190000,0.03000,72.280,102.524,0.775,0.194,25.806,4.5206,0.1153,0.4093,4.5546,0.1018,0.0362,4.4514,0.1175,0.0245,4.4794,0.1138,0.0936,4.5000,0.1265,0.1351,4.6175,0.1170,0.1198,0.000268849,2.7211e-05,0.386551
3200000,0.03000,72.281,102.475,0.775,0.194,25.817,4.5212,0.1151,0.4122,4.5539,0.1019,0.0365,4.4495,0.1181,0.0269,4.4792,0.1137,0.0937,4.5080,0.1248,0.1295,4.6155,0.1172,0.1257,0.000268836,2.73127e-05,0.386645
3210000,0.03000,72.209,102.452,0.775,0.194,25.782,4.5244,0.1145,0.3961,4.5539,0.1019,0.0365,4.4532,0.1171,0.0258,4.4794,0.1137,0.0930,4.5193,0.1225,0.1183,4.6162,0.1172,0.1225,0.000268804,2.72818e-05,0.385521
3220000,0.03000,72.146,101.980,0.775,0.194,25.804,4.5202,0.1152,0.4036,4.5540,0.1019,0.0365,4.4496,0.1177,0.0261,4.4769,0.1140,0.0939,4.5048,0.1253,0.1266,4.6155,0.1173,0.1206,0.000268507,2.71648e-05,0.38547
3230000,0.03000,72.334,102.679,0.775,0.194,25.812,4.5212,0.1150,0.3907,4.5540,0.1019,0.0365,4.4521,0.1173,0.0241,4.4767,0.1140,0.0927,4.5092,0.1243,0.1197,4.6137,0.1176,0.1177,0.000268646,2.71439e-05,0.384204
3240000,0.03000,72.238,102.604,0.775,0.194,25.780,4.5229,0.1147,0.3976,4.5546,0.1018,0.0361,4.4566,0.1162,0.0241,4.4790,0.1137,0.0929,4.5057,0.1250,0.1262,4.6186,0.1167,0.1182,0.000268553,2.71077e-05,0.38446
3250000,0.03000,72.339,102.566,0.775,0.194,25.817,4.5220,0.1148,0.4073,4.5542,0.1018,0.0363,4.4549,0.1166,0.0264,4.4792,0.1136,0.0938,4.5045,0.1251,0.1299,4.6173,0.1169,0.1209,0.000268654,2.71981e-05,0.386083
3260000,0.03000,72.229,102.474,0.775,0.194,25.788,4.5222,0.1148,0.3973,4.5542,0.1018,0.0363,4.4541,0.1169,0.0235,4.4771,0.1140,0.0923,4.5089,0.1243,0.1245,4.6169,0.1169,0.1207,0.000268674,2.72264e-05,0.385433
3270000,0.03000,72.348,102.966,0.775,0.194,25.805,4.5252,0.1142,0.3986,4.5540,0.1019,0.0364,4.4549,0.1167,0.0267,4.4777,0.1139,0.0945,4.5202,0.1222,0.1194,4.6190,0.1164,0.1216,0.000268771,2.72078e-05,0.385696
3280000,0.03000,72.308,102.914,0.775,0.194,25.791,4.5241,0.1144,0.4055,4.5539,0.1019,0.0363,4.4559,0.1164,0.0247,4.4787,0.1137,0.0939,4.5112,0.1239,0.1275,4.6206,0.1162,0.1231,0.000268711,2.71809e-05,0.38538
3290000,0.03000,72.304,102.546,0.775,0.194,25.795,4.5248,0.1143,0.4045,4.5543,0.1018,0.0361,4.4528,0.1172,0.0272,4.4779,0.1139,0.0968,4.5209,0.1220,0.1210,4.6180,0.1168,0.1235,0.000268626,2.71232e-05,0.385769
3300000,0.03000,72.222,102.689,0.775,0.194,25.789,4.5258,0.1141,0.4001,4.5543,0.1018,0.0362,4.4572,0.1162,0.0245,4.4797,0.1136,0.0937,4.5175,0.1226,0.1236,4.6201,0.1164,0.1221,0.000268564,2.71436e-05,0.385525
3310000,0.03000,72.210,102.909,0.775,0.194,25.795,4.5206,0.1152,0.4230,4.5543,0.1018,0.0362,4.4578,0.1161,0.0243,4.4777,0.1140,0.0943,4.4954,0.1270,0.1419,4.6176,0.1169,0.1263,0.000268682,2.71186e-05,0.383971
3320000,0.03000,72.341,102.831,0.775,0.194,25.791,4.5238,0.1144,0.3942,4.5541,0.1019,0.0362,4.4575,0.1162,0.0236,4.4775,0.1138,0.0928,4.5114,0.1236,0.1229,4.6183,0.1166,0.1187,0.000268627,2.71056e-05,0.384499
3330000,0.03000,72.302,103.371,0.775,0.194,25.772,4.5232,0.1145,0.3993,4.5539,0.1019,0.0363,4.4582,0.1157,0.0231,4.4768,0.1138,0.0922,4.5061,0.1246,0.1262,4.6210,0.1164,0.1215,0.000268721,2.72189e-05,0.384052
3340000,0.03000,72.133,102.470,0.775,0.194,25.783,4.5264,0.1140,0.3986,4.5538,0.1019,0.0363,4.4591,0.1158,0.0262,4.4809,0.1134,0.0943,4.5172,0.1227,0.1187,4.6211,0.1163,0.1230,0.000268493,2.70906e-05,0.383864
3350000,0.03000,72.357,102.819,0.775,0.194,25.806,4.5206,0.1149,0.4117,4.5539,0.1019,0.0363,4.4535,0.1164,0.0287,4.4772,0.1138,0.0940,4.5017,0.1254,0.1305,4.6169,0.1170,0.1223,0.000268681,2.71451e-05,0.384829
3360000,0.03000,72.374,103.120,0.775,0.194,25.753,4.5239,0.1143,0.3980,4.5542,0.1018,0.0361,4.4604,0.1153,0.0229,4.4788,0.1136,0.0926,4.5062,0.1245,0.1271,4.6200,0.1164,0.1193,0.000268543,2.71795e-05,0.383643
3370000,0.03000,72.440,103.218,0.775,0.194,25.800,4.5277,0.1138,0.3925,4.5538,0.1019,0.0363,4.4573,0.1162,0.0256,4.4786,0.1136,0.0936,4.5260,0.1211,0.1144,4.6227,0.1159,0.1226,0.000268633,2.70889e-05,0.382897
3380000,0.03000,72.269,102.794,0.775,0.194,25.809,4.5253,0.1140,0.3990,4.5538,0.1019,0.0362,4.4605,0.1152,0.0232,4.4787,0.1136,0.0940,4.5130,0.1232,0.1235,4.6205,0.1161,0.1220,0.000268565,2.71125e-05,0.385422
3390000,0.03000,72.338,103.193,0.775,0.194,25.803,4.5247,0.1142,0.4045,4.5543,0.1018,0.0360,4.4581,0.1158,0.0252,4.4782,0.1137,0.0945,4.5094,0.1240,0.1263,4.6234,0.1156,0.1225,0.000268656,2.7116e-05,0.38516
3400000,0.03000,72.517,103.460,0.775,0.194,25.801,4.5248,0.1142,0.4015,4.5545,0.1018,0.0360,4.4602,0.1155,0.0235,4.4783,0.1136,0.0939,4.5104,0.1237,0.1245,4.6205,0.1164,0.1236,0.000268397,2.69932e-05,0.382878
3410000,0.03000,72.291,103.039,0.775,0.194,25.794,4.5249,0.1142,0.3973,4.5541,0.1019,0.0362,4.4575,0.1161,0.0250,4.4784,0.1135,0.0933,4.5110,0.1236,0.1229,4.6233,0.1158,0.1198,0.000268595,2.70905e-05,0.381637
3420000,0.03000,72.405,103.674,0.775,0.188,25.794,4.5276,0.1137,0.3946,4.5540,0.1018,0.0361,4.4602,0.1154,0.0245,4.4811,0.1132,0.0940,4.5199,0.1220,0.1179,4.6226,0.1159,0.1221,0.000268589,2.70565e-05,0.382177
3430000,0.03000,72.468,103.526,0.781,0.188,25.808,4.5236,0.1143,0.4021,4.5539,0.1019,0.0362,4.4619,0.1150,0.0245,4.4767,0.1139,0.0940,4.5047,0.1246,0.1259,4.6206,0.1162,0.1215,0.000268585,2.71164e-05,0.383597
3440000,0.03000,72.417,103.456,0.775,0.188,25.802,4.5250,0.1141,0.4005,4.5540,0.1019,0.0362,4.4595,0.1158,0.0248,4.4783,0.1136,0.0933,4.5136,0.1229,0.1230,4.6198,0.1163,0.1233,0.00026871,2.71905e-05,0.385714
3450000,0.03000,72.280,103.166,0.775,0.188,25.776,4.5242,0.1142,0.4034,4.5539,0.1019,0.0361,4.4578,0.1158,0.0268,4.4765,0.1139,0.0952,4.5102,0.1235,0.1256,4.6224,0.1160,0.1198,0.000268533,2.7118e-05,0.38296
3460000,0.03000,72.404,103.377,0.781,0.188,25.817,4.5234,0.1145,0.4139,4.5540,0.1019,0.0362,4.4595,0.1159,0.0272,4.4789,0.1135,0.0944,4.5034,0.1248,0.1329,4.6210,0.1163,0.1232,0.000268647,2.71003e-05,0.383058
3470000,0.03000,72.309,103.392,0.775,0.188,25.792,4.5270,0.1137,0.4025,4.5539,0.1019,0.0361,4.4628,0.1150,0.0245,4.4792,0.1135,0.0936,4.5123,0.1232,0.1246,4.6270,0.1151,0.1237,0.000268603,2.71281e-05,0.381524
3480000,0.03000,72.437,103.532,0.775,0.188,25.817,4.5237,0.1143,0.4110,4.5541,0.1018,0.0361,4.4634,0.1147,0.0228,4.4772,0.1138,0.0929,4.5003,0.1254,0.1370,4.6237,0.1157,0.1222,0.000268521,2.70633e-05,0.382856
3490000,0.03000,72.351,103.395,0.781,0.188,25.786,4.5223,0.1145,0.4105,4.5539,0.1019,0.0361,4.4583,0.1156,0.0248,4.4780,0.1136,0.0933,4.4983,0.1257,0.1331,4.6231,0.1158,0.1232,0.000268582,2.70589e-05,0.382732
3500000,0.03000,72.381,103.438,0.781,0.188,25.799,4.5226,0.1146,0.4183,4.5542,0.1018,0.0360,4.4622,0.1151,0.0266,4.4788,0.1136,0.0950,4.4949,0.1265,0.1384,4.6230,0.1158,0.1224,0.000268583,2.70528e-05,0.381727
3510000,0.03000,72.429,103.520,0.781,0.188,25.798,4.5243,0.1141,0.4015,4.5539,0.1019,0.0360,4.4619,0.1150,0.0244,4.4779,0.1135,0.0939,4.5060,0.1241,0.1259,4.6218,0.1161,0.1212,0.000268581,2.70452e-05,0.383368
3520000,0.03000,72.279,103.346,0.775,0.188,25.761,4.5239,0.1141,0.4067,4.5537,0.1019,0.0362,4.4624,0.1146,0.0266,4.4781,0.1136,0.0940,4.5004,0.1253,0.1311,4.6249,0.1153,0.1188,0.000268561,2.70324e-05,0.382628
3530000,0.03000,72.263,103.217,0.781,0.188,25.803,4.5244,0.1141,0.4089,4.5536,0.1019,0.0362,4.4629,0.1147,0.0240,4.4768,0.1138,0.0941,4.5042,0.1244,0.1324,4.6247,0.1155,0.1222,0.000268629,2.70301e-05,0.382076
3540000,0.03000,72.460,103.787,0.781,0.188,25.814,4.5250,0.1141,0.3974,4.5540,0.1018,0.0360,4.4656,0.1144,0.0221,4.4784,0.1135,0.0930,4.5059,0.1243,0.1254,4.6208,0.1163,0.1208,0.000268499,2.7009e-05,0.38137
3550000,0.03000,72.393,103.453,0.781,0.188,25.814,4.5235,0.1142,0.4008,4.5540,0.1019,0.0361,4.4611,0.1152,0.0234,4.4755,0.1138,0.0940,4.5053,0.1241,0.1283,4.6215,0.1161,0.1190,0.000268634,2.70423e-05,0.381842
3560000,0.03000,72.300,103.628,0.781,0.188,25.815,4.5261,0.1137,0.3932,4.5537,0.1019,0.0361,4.4642,0.1143,0.0244,4.4783,0.1135,0.0925,4.5109,0.1231,0.1225,4.6233,0.1158,0.1178,0.000268491,2.70004e-05,0.380424
3570000,0.03000,72.325,103.632,0.781,0.188,25.779,4.5262,0.1137,0.3958,4.5539,0.1019,0.0361,4.4642,0.1146,0.0248,4.4764,0.1138,0.0934,4.5091,0.1235,0.1229,4.6273,0.1148,0.1186,0.000268533,2.69789e-05,0.380631
3580000,0.03000,72.277,103.455,0.781,0.188,25.771,4.5263,0.1137,0.3993,4.5542,0.1018,0.0358,4.4654,0.1143,0.0241,4.4800,0.1132,0.0947,4.5097,0.1234,0.1244,4.6222,0.1158,0.1203,0.00026856,2.69672e-05,0.383544
3590000,0.03000,72.250,103.339,0.781,0.188,25.829,4.5294,0.1132,0.3901,4.5539,0.1019,0.0360,4.4673,0.1143,0.0235,4.4804,0.1133,0.0941,4.5213,0.1212,0.1177,4.6241,0.1156,0.1188,0.000268592,2.70118e-05,0.380741
3600000,0.03000,72.414,103.804,0.781,0.188,25.794,4.5260,0.1137,0.3997,4.5537,0.1019,0.0361,4.4652,0.1142,0.0234,4.4778,0.1135,0.0925,4.5070,0.1239,0.1268,4.6261,0.1153,0.1209,0.000268568,2.69896e-05,0.38249
3610000,0.03000,72.367,103.874,0.781,0.188,25.806,4.5273,0.1135,0.4044,4.5536,0.1019,0.0361,4.4658,0.1142,0.0229,4.4795,0.1134,0.0934,4.5082,0.1237,0.1320,4.6295,0.1145,0.1201,0.000268604,2.6998e-05,0.381543
3620000,0.03000,72.347,103.794,0.781,0.181,25.815,4.5252,0.1139,0.4094,4.5538,0.1019,0.0360,4.4660,0.1139,0.0248,4.4788,0.1134,0.0940,4.5012,0.1250,0.1361,4.6262,0.1152,0.1184,0.000268488,2.69386e-05,0.380012
3630000,0.03000,72.363,103.957,0.781,0.181,25.783,4.5274,0.1134,0.4034,4.5541,0.1018,0.0358,4.4675,0.1137,0.0217,4.4789,0.1133,0.0939,4.5101,0.1232,0.1275,4.6267,0.1150,0.1246,0.000268518,2.689e-05,0.382183
3640000,0.03000,72.415,104.335,0.781,0.188,25.792,4.5260,0.1137,0.3982,4.5539,0.1019,0.0359,4.4653,0.1140,0.0241,4.4785,0.1134,0.0933,4.5047,0.1242,0.1260,4.6274,0.1150,0.1189,0.000268577,2.69625e-05,0.380323
3650000,0.03000,72.360,103.983,0.781,0.181,25.802,4.5256,0.1138,0.4052,4.5539,0.1019,0.0360,4.4673,0.1139,0.0242,4.4789,0.1134,0.0933,4.5048,0.1240,0.1277,4.6231,0.1156,0.1240,0.0002685,2.6914e-05,0.380024
3660000,0.03000,72.473,104.151,0.781,0.181,25.811,4.5255,0.1137,0.3963,4.5538,0.1019,0.0360,4.4648,0.1144,0.0228,4.4772,0.1135,0.0929,4.5046,0.1240,0.1262,4.6273,0.1149,0.1184,0.000268667,2.69488e-05,0.381866
3670000,0.03000,72.388,103.897,0.781,0.188,25.826,4.5236,0.1141,0.4122,4.5534,0.1020,0.0361,4.4644,0.1142,0.0251,4.4753,0.1139,0.0950,4.4984,0.1254,0.1326,4.6265,0.1149,0.1233,0.000268573,2.69041e-05,0.37906
3680000,0.03000,72.395,104.272,0.781,0.188,25.846,4.5261,0.1136,0.4019,4.5532,0.1020,0.0362,4.4677,0.1137,0.0226,4.4778,0.1134,0.0942,4.5082,0.1233,0.1246,4.6238,0.1154,0.1242,0.000268493,2.68808e-05,0.381178
3690000,0.03000,72.339,104.414,0.781,0.181,25.792,4.5269,0.1136,0.4067,4.5528,0.1021,0.0365,4.4675,0.1137,0.0257,4.4811,0.1131,0.0930,4.5071,0.1236,0.1289,4.6261,0.1153,0.1225,0.000268508,2.69468e-05,0.380109
3700000,0.03000,72.280,103.755,0.781,0.181,25.786,4.5259,0.1137,0.4008,4.5524,0.1022,0.0367,4.4698,0.1134,0.0224,4.4785,0.1134,0.0934,4.5031,0.1243,0.1282,4.6257,0.1154,0.1200,0.00026859,2.68902e-05,0.381588
3710000,0.03000,72.433,104.048,0.781,0.181,25.819,4.5240,0.1141,0.4093,4.5515,0.1025,0.0369,4.4676,0.1138,0.0235,4.4787,0.1134,0.0935,4.4972,0.1255,0.1346,4.6251,0.1153,0.1208,0.000268631,2.69732e-05,0.381742
3720000,0.03000,72.352,103.818,0.781,0.181,25.822,4.5244,0.1139,0.4030,4.5512,0.1025,0.0370,4.4653,0.1140,0.0223,4.4760,0.1136,0.0929,4.5014,0.1244,0.1304,4.6278,0.1148,0.1204,0.000268662,2.70182e-05,0.382008
3730000,0.03000,72.379,103.974,0.781,0.181,25.806,4.5259,0.1136,0.3975,4.5510,0.1026,0.0367,4.4650,0.1140,0.0235,4.4779,0.1133,0.0943,4.5110,0.1227,0.1229,4.6246,0.1155,0.1201,0.000268576,2.69872e-05,0.381819
3740000,0.03000,72.491,104.460,0.787,0.181,25.832,4.5235,0.1141,0.4046,4.5507,0.1027,0.0367,4.4646,0.1142,0.0241,4.4757,0.1138,0.0938,4.4992,0.1248,0.1304,4.6275,0.1148,0.1195,0.000268556,2.69068e-05,0.380399
3750000,0.03000,72.338,104.059,0.787,0.181,25.846,4.5272,0.1134,0.3898,4.5505,0.1027,0.0365,4.4695,0.1131,0.0222,4.4784,0.1133,0.0932,4.5131,0.1222,0.1192,4.6245,0.1155,0.1185,0.000268608,2.70493e-05,0.381391
3760000,0.03000,72.333,103.914,0.787,0.181,25.831,4.5293,0.1131,0.4012,4.5506,0.1027,0.0362,4.4642,0.1146,0.0251,4.4796,0.1133,0.0981,4.5269,0.1198,0.1176,4.6250,0.1153,0.1242,0.000268672,2.69991e-05,0.380621
3770000,0.03000,72.297,104.144,0.787,0.188,25.829,4.5261,0.1136,0.4025,4.5505,0.1027,0.0361,4.4671,0.1138,0.0219,4.4762,0.1136,0.0947,4.5101,0.1230,0.1269,4.6269,0.1149,0.1229,0.00026875,2.70019e-05,0.380989
3780000,0.03000,72.301,104.030,0.787,0.188,25.830,4.5258,0.1137,0.3977,4.5503,0.1027,0.0359,4.4695,0.1133,0.0211,4.4772,0.1135,0.0930,4.5059,0.1235,0.1253,4.6261,0.1153,0.1224,0.000268533,2.69831e-05,0.381841
3790000,0.03000,72.419,104.545,0.787,0.188,25.822,4.5295,0.1130,0.3981,4.5503,0.1027,0.0357,4.4707,0.1133,0.0226,4.4805,0.1130,0.0946,4.5195,0.1209,0.1226,4.6264,0.1151,0.1226,0.000268598,2.69622e-05,0.382086
3800000,0.03000,72.296,104.140,0.787,0.188,25.803,4.5252,0.1137,0.4047,4.5507,0.1026,0.0352,4.4692,0.1134,0.0243,4.4783,0.1134,0.0939,4.5006,0.1245,0.1307,4.6271,0.1147,0.1207,0.000268581,2.6972e-05,0.381535
3810000,0.03000,72.268,104.125,0.787,0.188,25.839,4.5253,0.1137,0.4024,4.5503,0.1026,0.0352,4.4686,0.1134,0.0222,4.4766,0.1135,0.0928,4.5039,0.1238,0.1284,4.6270,0.1151,0.1238,0.000268729,2.70565e-05,0.383145
3820000,0.03000,72.503,104.467,0.787,0.188,25.815,4.5256,0.1136,0.4005,4.5501,0.1027,0.0351,4.4706,0.1130,0.0207,4.4783,0.1133,0.0925,4.5009,0.1244,0.1315,4.6282,0.1148,0.1208,0.000268561,2.69735e-05,0.38012
3830000,0.03000,72.367,104.147,0.787,0.188,25.853,4.5258,0.1135,0.3899,4.5499,0.1027,0.0352,4.4677,0.1135,0.0222,4.4764,0.1135,0.0938,4.5068,0.1231,0.1226,4.6281,0.1148,0.1161,0.000268493,2.69621e-05,0.380359
3840000,0.03000,72.366,104.162,0.787,0.188,25.845,4.5244,0.1138,0.4033,4.5497,0.1027,0.0351,4.4694,0.1131,0.0227,4.4759,0.1138,0.0940,4.4993,0.1247,0.1328,4.6276,0.1148,0.1187,0.000268586,2.697e-05,0.380697
3850000,0.03000,72.402,104.550,0.781,0.188,25.843,4.5250,0.1137,0.3968,4.5497,0.1027,0.0349,4.4695,0.1131,0.0214,4.4771,0.1134,0.0928,4.5015,0.1242,0.1277,4.6271,0.1149,0.1200,0.000268514,2.69885e-05,0.380683
3860000,0.03000,72.293,104.181,0.781,0.188,25.843,4.5248,0.1137,0.4045,4.5499,0.1027,0.0346,4.4696,0.1131,0.0213,4.4761,0.1137,0.0952,4.5007,0.1244,0.1301,4.6275,0.1147,0.1234,0.000268496,2.69939e-05,0.379846
3870000,0.03000,72.463,104.941,0.787,0.188,25.831,4.5261,0.1135,0.4022,4.5495,0.1027,0.0345,4.4702,0.1131,0.0217,4.4753,0.1137,0.0931,4.5018,0.1240,0.1270,4.6339,0.1138,0.1258,0.00026853,2.6961e-05,0.383231
3880000,0.03000,72.327,104.486,0.787,0.188,25.832,4.5271,0.1133,0.3992,4.5493,0.1028,0.0345,4.4720,0.1128,0.0223,4.4773,0.1135,0.0939,4.5085,0.1228,0.1258,4.6286,0.1146,0.1228,0.000268468,2.69234e-05,0.379956
3890000,0.03000,72.289,104.456,0.781,0.188,25.836,4.5240,0.1139,0.3999,4.5490,0.1028,0.0345,4.4686,0.1134,0.0228,4.4774,0.1133,0.0936,4.4995,0.1244,0.1299,4.6255,0.1152,0.1191,0.000268565,2.69574e-05,0.37839
3900000,0.03000,72.238,104.048,0.781,0.188,25.821,4.5252,0.1137,0.4058,4.5489,0.1028,0.0343,4.4694,0.1134,0.0219,4.4773,0.1135,0.0930,4.5016,0.1240,0.1348,4.6288,0.1147,0.1218,0.000268594,2.70006e-05,0.377695
3910000,0.03000,72.319,104.532,0.781,0.188,25.811,4.5231,0.1140,0.4120,4.5487,0.1028,0.0342,4.4670,0.1137,0.0215,4.4750,0.1137,0.0941,4.4949,0.1252,0.1381,4.6297,0.1147,0.1242,0.000268439,2.69199e-05,0.379492
3920000,0.03000,72.441,104.499,0.787,0.188,25.851,4.5226,0.1141,0.4124,4.5489,0.1028,0.0340,4.4706,0.1128,0.0227,4.4757,0.1137,0.0937,4.4895,0.1264,0.1402,4.6285,0.1146,0.1218,0.000268458,2.68556e-05,0.376183
3930000,0.03000,72.234,104.340,0.781,0.188,25.800,4.5281,0.1131,0.3946,4.5485,0.1029,0.0340,4.4715,0.1130,0.0214,4.4799,0.1130,0.0943,4.5111,0.1222,0.1255,4.6296,0.1145,0.1193,0.000268529,2.69011e-05,0.377477
3940000,0.03000,72.360,104.524,0.787,0.188,25.824,4.5263,0.1134,0.4025,4.5481,0.1029,0.0340,4.4715,0.1131,0.0212,4.4778,0.1132,0.0952,4.5070,0.1230,0.1307,4.6270,0.1149,0.1214,0.000268739,2.69943e-05,0.37963
3950000,0.03000,72.303,104.735,0.781,0.188,25.836,4.5261,0.1134,0.3899,4.5481,0.1029,0.0338,4.4705,0.1132,0.0215,4.4781,0.1132,0.0929,4.5053,0.1233,0.1230,4.6287,0.1147,0.1188,0.00026855,2.68686e-05,0.377575
3960000,0.03000,72.402,104.952,0.787,0.188,25.856,4.5239,0.1137,0.4043,4.5474,0.1030,0.0340,4.4672,0.1134,0.0225,4.4753,0.1137,0.0934,4.5011,0.1240,0.1311,4.6283,0.1146,0.1233,0.000268452,2.69783e-05,0.376352
3970000,0.03000,72.401,104.803,0.781,0.188,25.834,4.5234,0.1139,0.4061,4.5474,0.1030,0.0339,4.4679,0.1135,0.0221,4.4773,0.1134,0.0946,4.4950,0.1251,0.1358,4.6296,0.1146,0.1197,0.000268575,2.7006e-05,0.378127
3980000,0.03000,72.278,104.315,0.787,0.188,25.845,4.5253,0.1135,0.3991,4.5474,0.1030,0.0338,4.4713,0.1128,0.0227,4.4759,0.1136,0.0929,4.5045,0.1233,0.1264,4.6274,0.1149,0.1233,0.000268462,2.68933e-05,0.377939
3990000,0.03000,72.383,104.697,0.787,0.188,25.812,4.5258,0.1134,0.3912,4.5472,0.1030,0.0337,4.4711,0.1128,0.0209,4.4776,0.1133,0.0923,4.5054,0.1231,0.1261,4.6276,0.1148,0.1183,0.000268589,2.70106e-05,0.378174
4000000,0.03000,72.340,104.658,0.787,0.188,25.840,4.5276,0.1130,0.3839,4.5472,0.1030,0.0335,4.4706,0.1129,0.0217,4.4766,0.1135,0.0930,4.5143,0.1214,0.1172,4.6294,0.1144,0.1185,0.000268549,2.69544e-05,0.378164
4010000,0.03000,72.481,104.941,0.787,0.188,25.848,4.5268,0.1131,0.3943,4.5474,0.1029,0.0333,4.4713,0.1128,0.0213,4.4776,0.1132,0.0939,4.5106,0.1219,0.1236,4.6272,0.1147,0.1222,0.000268547,2.69463e-05,0.378105
4020000,0.03000,72.316,104.507,0.787,0.188,25.852,4.5242,0.1136,0.3978,4.5468,0.1031,0.0335,4.4680,0.1135,0.0208,4.4748,0.1137,0.0950,4.5023,0.1236,0.1269,4.6292,0.1144,0.1216,0.000268571,2.69817e-05,0.379784
4030000,0.03000,72.517,105.004,0.787,0.188,25.833,4.5243,0.1137,0.3963,4.5471,0.1030,0.0333,4.4708,0.1130,0.0225,4.4762,0.1136,0.0933,4.4996,0.1241,0.1275,4.6281,0.1147,0.1198,0.000268425,2.68534e-05,0.374685
4040000,0.03000,72.429,105.166,0.787,0.188,25.799,4.5251,0.1135,0.3946,4.5470,0.1030,0.0332,4.4698,0.1129,0.0226,4.4776,0.1133,0.0935,4.5033,0.1234,0.1251,4.6279,0.1148,0.1202,0.000268559,2.69512e-05,0.378505
4050000,0.03000,72.466,104.911,0.787,0.188,25.802,4.5243,0.1136,0.4007,4.5469,0.1030,0.0332,4.4698,0.1130,0.0213,4.4772,0.1133,0.0928,4.4972,0.1246,0.1315,4.6303,0.1142,0.1218,0.000268511,2.69129e-05,0.377219
4060000,0.03000,72.453,104.945,0.787,0.188,25.808,4.5278,0.1130,0.3885,4.5467,0.1030,0.0332,4.4717,0.1126,0.0211,4.4772,0.1134,0.0930,4.5122,0.1217,0.1202,4.6311,0.1142,0.1211,0.000268605,2.69813e-05,0.379094
4070000,0.03000,72.441,105.143,0.794,0.188,25.822,4.5242,0.1136,0.3979,4.5467,0.1030,0.0331,4.4706,0.1126,0.0213,4.4760,0.1135,0.0935,4.4995,0.1241,0.1280,4.6281,0.1147,0.1220,0.000268653,2.70068e-05,0.378885
4080000,0.03000,72.395,104.815,0.787,0.188,25.831,4.5231,0.1138,0.4041,4.5467,0.1030,0.0329,4.4691,0.1129,0.0227,4.4769,0.1134,0.0928,4.4924,0.1254,0.1357,4.6301,0.1142,0.1200,0.000268581,2.70479e-05,0.37725
4090000,0.03000,72.560,105.441,0.794,0.188,25.800,4.5269,0.1132,0.3940,4.5466,0.1030,0.0328,4.4701,0.1133,0.0216,4.4784,0.1131,0.0964,4.5100,0.1221,0.1221,4.6292,0.1145,0.1211,0.000268582,2.69094e-05,0.378838
4100000,0.03000,72.543,105.245,0.787,0.188,25.813,4.5260,0.1133,0.3974,4.5467,0.1030,0.0327,4.4724,0.1126,0.0211,4.4768,0.1134,0.0928,4.5042,0.1230,0.1282,4.6302,0.1143,0.1226,0.000268568,2.70109e-05,0.376951
4110000,0.03000,72.474,105.340,0.794,0.188,25.785,4.5267,0.1131,0.3950,4.5468,0.1030,0.0325,4.4722,0.1124,0.0211,4.4776,0.1133,0.0954,4.5084,0.1222,0.1244,4.6284,0.1148,0.1216,0.000268351,2.68067e-05,0.376819
4120000,0.03000,72.357,104.541,0.794,0.188,25.795,4.5241,0.1135,0.3930,4.5468,0.1030,0.0324,4.4684,0.1131,0.0209,4.4760,0.1134,0.0931,4.4995,0.1239,0.1265,4.6298,0.1143,0.1202,0.000268414,2.6919e-05,0.375915
4130000,0.03000,72.418,104.982,0.794,0.188,25.804,4.5257,0.1133,0.3904,4.5466,0.1030,0.0324,4.4718,0.1125,0.0195,4.4786,0.1130,0.0936,4.5020,0.1234,0.1265,4.6295,0.1144,0.1184,0.000268448,2.69097e-05,0.375369
4140000,0.03000,72.456,104.924,0.794,0.188,25.814,4.5263,0.1131,0.3936,4.5469,0.1029,0.0322,4.4710,0.1126,0.0212,4.4768,0.1133,0.0930,4.5076,0.1223,0.1230,4.6290,0.1144,0.1242,0.0002685,2.69371e-05,0.377053
4150000,0.03000,72.384,104.885,0.794,0.188,25.801,4.5266,0.1130,0.3903,4.5470,0.1029,0.0320,4.4714,0.1124,0.0222,4.4762,0.1134,0.0931,4.5071,0.1224,0.1205,4.6313,0.1141,0.1225,0.000268592,2.69607e-05,0.376554
4160000,0.03000,72.365,104.833,0.794,0.188,25.799,4.5254,0.1133,0.3875,4.5472,0.1028,0.0319,4.4725,0.1123,0.0203,4.4760,0.1135,0.0917,4.4997,0.1237,0.1264,4.6315,0.1140,0.1174,0.000268611,2.69449e-05,0.377193
4170000,0.03000,72.345,104.904,0.794,0.188,25.812,4.5250,0.1133,0.3887,4.5469,0.1029,0.0320,4.4694,0.1128,0.0190,4.4741,0.1137,0.0922,4.5029,0.1231,0.1263,4.6316,0.1139,0.1192,0.000268464,2.69153e-05,0.377973
4180000,0.03000,72.205,104.453,0.787,0.188,25.822,4.5282,0.1127,0.3881,4.5469,0.1029,0.0318,4.4712,0.1124,0.0215,4.4772,0.1132,0.0939,4.5125,0.1215,0.1210,4.6332,0.1137,0.1199,0.000268599,2.69266e-05,0.376104
4190000,0.03000,72.359,104.815,0.794,0.188,25.778,4.5267,0.1130,0.3858,4.5471,0.1029,0.0318,4.4727,0.1123,0.0196,4.4781,0.1131,0.0931,4.5052,0.1226,0.1233,4.6305,0.1143,0.1180,0.000268544,2.70059e-05,0.375402
4200000,0.03000,72.478,105.356,0.794,0.188,25.768,4.5235,0.1136,0.3993,4.5474,0.1028,0.0315,4.4673,0.1132,0.0203,4.4752,0.1135,0.0941,4.4997,0.1236,0.1307,4.6280,0.1149,0.1227,0.000268406,2.68142e-05,0.374043
4210000,0.03000,72.477,105.368,0.794,0.188,25.790,4.5251,0.1133,0.3908,4.5473,0.1028,0.0315,4.4686,0.1129,0.0214,4.4746,0.1136,0.0928,4.5038,0.1228,0.1237,4.6312,0.1142,0.1215,0.000268486,2.68878e-05,0.376131
4220000,0.03000,72.457,105.153,0.794,0.188,25.790,4.5272,0.1129,0.3807,4.5471,0.1029,0.0316,4.4713,0.1125,0.0211,4.4768,0.1134,0.0929,4.5129,0.1211,0.1161,4.6280,0.1145,0.1190,0.00026851,2.68948e-05,0.376921
4230000,0.03000,72.390,105.040,0.794,0.188,25.785,4.5259,0.1131,0.3883,4.5474,0.1028,0.0315,4.4701,0.1126,0.0203,4.4755,0.1134,0.0930,4.5072,0.1222,0.1215,4.6292,0.1145,0.1220,0.000268489,2.68279e-05,0.374072
4240000,0.03000,72.435,105.373,0.794,0.188,25.796,4.5274,0.1128,0.3848,4.5477,0.1027,0.0313,4.4710,0.1125,0.0206,4.4773,0.1132,0.0932,4.5098,0.1217,0.1188,4.6313,0.1139,0.1208,0.000268618,2.68619e-05,0.378499
4250000,0.03000,72.465,105.194,0.794,0.188,25.765,4.5270,0.1129,0.3915,4.5473,0.1028,0.0314,4.4713,0.1124,0.0214,4.4780,0.1131,0.0939,4.5085,0.1218,0.1232,4.6299,0.1144,0.1215,0.000268592,2.69409e-05,0.37512
4260000,0.03000,72.400,104.970,0.794,0.188,25.769,4.5238,0.1135,0.3927,4.5475,0.1028,0.0313,4.4699,0.1128,0.0201,4.4750,0.1135,0.0934,4.4969,0.1241,0.1262,4.6298,0.1142,0.1216,0.000268619,2.69115e-05,0.374799
4270000,0.03000,72.336,104.906,0.794,0.188,25.773,4.5256,0.1132,0.3938,4.5476,0.1027,0.0312,4.4710,0.1122,0.0219,4.4768,0.1134,0.0945,4.5008,0.1236,0.1284,4.6318,0.1140,0.1178,0.000268602,2.6913e-05,0.375293
4280000,0.03000,72.305,104.746,0.794,0.188,25.801,4.5261,0.1131,0.3961,4.5476,0.1028,0.0312,4.4705,0.1126,0.0210,4.4788,0.1130,0.0940,4.5023,0.1232,0.1295,4.6315,0.1141,0.1203,0.000268732,2.69202e-05,0.376409
4290000,0.03000,72.343,104.906,0.794,0.188,25.774,4.5245,0.1134,0.4000,4.5476,0.1027,0.0311,4.4724,0.1122,0.0210,4.4755,0.1135,0.0939,4.4964,0.1241,0.1313,4.6304,0.1144,0.1228,0.000268728,2.68613e-05,0.374395
4300000,0.03000,72.412,105.058,0.794,0.188,25.804,4.5241,0.1134,0.3993,4.5474,0.1028,0.0311,4.4702,0.1125,0.0214,4.4752,0.1135,0.0944,4.4985,0.1236,0.1294,4.6290,0.1146,0.1229,0.00026864,2.68496e-05,0.37342
4310000,0.03000,72.313,104.760,0.794,0.188,25.783,4.5255,0.1131,0.3956,4.5477,0.1027,0.0311,4.4723,0.1121,0.0196,4.4761,0.1133,0.0924,4.4989,0.1237,0.1308,4.6327,0.1138,0.1218,0.00026889,2.6984e-05,0.380024
4320000,0.03000,72.360,104.752,0.794,0.188,25.759,4.5253,0.1132,0.4048,4.5479,0.1027,0.0309,4.4723,0.1122,0.0206,4.4762,0.1133,0.0933,4.4976,0.1237,0.1315,4.6322,0.1139,0.1285,0.000268691,2.69095e-05,0.374037
4330000,0.03000,72.346,104.708,0.794,0.188,25.784,4.5249,0.1132,0.4017,4.5476,0.1027,0.0310,4.4742,0.1117,0.0201,4.4777,0.1131,0.0932,4.4927,0.1248,0.1375,4.6322,0.1138,0.1199,0.000268823,2.69059e-05,0.375056
4340000,0.03000,72.551,105.276,0.794,0.188,25.744,4.5237,0.1134,0.3960,4.5475,0.1027,0.0310,4.4694,0.1127,0.0200,4.4747,0.1135,0.0930,4.4972,0.1237,0.1281,4.6298,0.1143,0.1239,0.000268609,2.68295e-05,0.373767
4350000,0.03000,72.466,105.010,0.794,0.188,25.755,4.5253,0.1131,0.3981,4.5477,0.1027,0.0309,4.4711,0.1124,0.0211,4.4753,0.1135,0.0941,4.4980,0.1237,0.1304,4.6344,0.1134,0.1217,0.000268743,2.68488e-05,0.375136
4360000,0.03000,72.343,105.044,0.794,0.188,25.776,4.5307,0.1122,0.3971,4.5479,0.1027,0.0308,4.4737,0.1119,0.0218,4.4799,0.1130,0.0953,4.5168,0.1203,0.1266,4.6352,0.1132,0.1226,0.000268758,2.68437e-05,0.375613
4370000,0.03000,72.495,105.439,0.794,0.188,25.772,4.5262,0.1130,0.3933,4.5476,0.1027,0.0310,4.4710,0.1124,0.0204,4.4768,0.1132,0.0937,4.5039,0.1226,0.1255,4.6318,0.1140,0.1227,0.000268682,2.6823e-05,0.373126
4380000,0.03000,72.497,105.136,0.794,0.188,25.772,4.5261,0.1130,0.4025,4.5480,0.1027,0.0308,4.4718,0.1122,0.0190,4.4763,0.1134,0.0944,4.4982,0.1236,0.1352,4.6361,0.1131,0.1231,0.000268867,2.6923e-05,0.373225
4382200,0.03000,72.407,105.025,0.794,0.188,25.793,4.5267,0.1129,0.3896,4.5480,0.1026,0.0307,4.4727,0.1120,0.0206,4.4757,0.1133,0.0940,4.5042,0.1225,0.1230,4.6327,0.1139,0.1213,0.000268635,2.67739e-05,0.374084
4382300,0.03000,72.457,105.208,0.794,0.188,25.783,4.5238,0.1133,0.4012,4.5479,0.1027,0.0308,4.4685,0.1127,0.0225,4.4754,0.1134,0.0934,4.4969,0.1238,0.1306,4.6301,0.1140,0.1238,0.000268883,2.69441e-05,0.375089
4382400,0.03000,72.468,105.325,0.794,0.188,25.783,4.5260,0.1130,0.3967,4.5479,0.1027,0.0308,4.4725,0.1121,0.0213,4.4775,0.1131,0.0942,4.5019,0.1228,0.1276,4.6302,0.1142,0.1228,0.00026875,2.69162e-05,0.373932
4382500,0.03000,72.440,105.328,0.794,0.188,25.797,4.5250,0.1131,0.3907,4.5480,0.1026,0.0307,4.4707,0.1122,0.0206,4.4749,0.1136,0.0942,4.4996,0.1232,0.1262,4.6317,0.1140,0.1190,0.000268791,2.68229e-05,0.373829
4382600,0.03000,72.496,105.125,0.794,0.188,25.771,4.5267,0.1128,0.3955,4.5480,0.1027,0.0307,4.4729,0.1119,0.0205,4.4769,0.1132,0.0941,4.5047,0.1224,0.1258,4.6312,0.1140,0.1243,0.000268756,2.6837e-05,0.374818
4382700,0.03000,72.415,104.964,0.794,0.188,25.759,4.5257,0.1131,0.4008,4.5479,0.1027,0.0307,4.4737,0.1119,0.0199,4.4770,0.1133,0.0944,4.4981,0.1237,0.1292,4.6319,0.1137,0.1267,0.000268882,2.6917e-05,0.377888
4382800,0.03000,72.359,104.905,0.794,0.188,25.758,4.5264,0.1129,0.3956,4.5477,0.1027,0.0308,4.4699,0.1125,0.0220,4.4775,0.1132,0.0937,4.5011,0.1231,0.1268,4.6360,0.1130,0.1223,0.000268891,2.69389e-05,0.374119
4382900,0.03000,72.390,104.929,0.794,0.188,25.770,4.5253,0.1130,0.3961,4.5477,0.1027,0.0308,4.4732,0.1119,0.0206,4.4757,0.1134,0.0936,4.4990,0.1233,0.1274,4.6309,0.1140,0.1236,0.000268814,2.68458e-05,0.375938
4383000,0.03000,72.370,104.914,0.794,0.188,25.764,4.5285,0.1126,0.3885,4.5480,0.1026,0.0307,4.4771,0.1112,0.0210,4.4784,0.1131,0.0934,4.5076,0.1219,0.1224,4.6313,0.1140,0.1210,0.000268721,2.67493e-05,0.372843
4383100,0.03000,72.415,105.139,0.794,0.188,25.743,4.5298,0.1123,0.3900,4.5477,0.1027,0.0308,4.4743,0.1117,0.0201,4.4787,0.1130,0.0939,4.5149,0.1205,0.1222,4.6333,0.1135,0.1229,0.000268719,2.68079e-05,0.372603
