step,layer,n_frozen,mean_top_share,mean_usage_bits,mean_churn,mean_KL_m
10000,0,4,0.752892,1.40907,,0.54595
10000,1,22,0.911751,0.33769,,1.43427
10000,2,16,0.847397,0.54347,,0.24208
10000,3,11,0.712646,1.0984,,0.01331
10000,4,0,0.590233,1.73683,,0.00356
20000,0,0,0.748596,1.00764,0.264809,1.96142
20000,1,11,0.880486,0.4917,0.319656,3.61749
20000,2,4,0.768997,0.83662,0.58416,0.62711
20000,3,0,0.694702,1.16127,0.75946,0.05532
20000,4,0,0.641029,1.42013,0.767372,0.00891
30000,0,0,0.343842,2.29497,0.530106,2.17364
30000,1,0,0.370956,2.76408,0.650055,1.82439
30000,2,0,0.351959,2.60502,0.786301,1.30833
30000,3,0,0.412109,2.42388,0.751297,0.26767
30000,4,0,0.437935,2.37024,0.764923,0.02226
40000,0,0,0.186012,3.46793,0.508476,1.16972
40000,1,0,0.173225,3.93756,0.706009,0.70983
40000,2,0,0.150543,3.8092,0.816345,0.58879
40000,3,0,0.242218,3.16872,0.788284,0.35084
40000,4,0,0.380775,2.70958,0.7286,0.04865
50000,0,0,0.133034,4.03446,0.375381,0.61531
50000,1,0,0.126869,4.2859,0.699913,0.28361
50000,2,0,0.130699,4.19153,0.843414,0.22565
50000,3,0,0.184791,3.87754,0.881546,0.15951
50000,4,0,0.333412,2.9294,0.848412,0.07745
60000,0,0,0.109688,4.25107,0.212509,0.46665
60000,1,0,0.097382,4.47288,0.373009,0.17372
60000,2,0,0.145836,4.21183,0.561401,0.16492
60000,3,0,0.192192,3.84412,0.705978,0.13053
60000,4,0,0.31823,3.0462,0.79142,0.0823
70000,0,0,0.098938,4.35936,0.149696,0.40491
70000,1,0,0.088356,4.53959,0.284859,0.1289
70000,2,0,0.133255,4.26036,0.511017,0.14216
70000,3,0,0.203629,3.85619,0.691422,0.1221
70000,4,0,0.304794,3.15584,0.808098,0.08906
80000,0,0,0.098366,4.38477,0.119728,0.3776
80000,1,0,0.187691,3.88158,0.538292,0.20307
80000,2,0,0.155624,4.16286,0.642509,0.14298
80000,3,0,0.258537,3.48367,0.798058,0.16418
80000,4,0,0.376122,2.81149,0.895126,0.12171
90000,0,0,0.087822,4.46364,0.118546,0.33928
90000,1,0,0.080261,4.60838,0.537102,0.09247
90000,2,0,0.14148,4.26435,0.660812,0.11929
90000,3,0,0.205353,3.88154,0.801224,0.10844
90000,4,0,0.275604,3.41398,0.895599,0.08941
100000,0,0,0.084137,4.49216,0.086166,0.31085
100000,1,0,0.081001,4.62375,0.255013,0.08151
100000,2,0,0.116638,4.40809,0.507202,0.10119
100000,3,0,0.169441,4.06466,0.710915,0.09971
100000,4,0,0.21595,3.81525,0.836105,0.08296
110000,0,0,0.08297,4.51877,0.083534,0.28264
110000,1,0,0.138725,4.3253,0.395317,0.11193
110000,2,0,0.180542,4.1293,0.588944,0.12212
110000,3,0,0.195046,3.90337,0.770752,0.10517
110000,4,0,0.223785,3.76589,0.881927,0.08172
120000,0,0,0.079178,4.54873,0.077812,0.25673
120000,1,0,0.086128,4.61547,0.395866,0.07141
120000,2,0,0.146828,4.2478,0.621574,0.10606
120000,3,0,0.214851,3.81483,0.775559,0.10736
120000,4,0,0.261307,3.46754,0.882301,0.08842
130000,0,0,0.077721,4.56653,0.071045,0.2396
130000,1,0,0.077911,4.64786,0.274284,0.06267
130000,2,0,0.116737,4.43771,0.507294,0.08598
130000,3,0,0.162819,4.19542,0.711853,0.07927
130000,4,0,0.169991,4.08432,0.854485,0.06383
140000,0,0,0.076027,4.58203,0.066795,0.22305
140000,1,0,0.074829,4.67325,0.226311,0.05671
140000,2,0,0.106537,4.48997,0.435852,0.07936
140000,3,0,0.146736,4.2971,0.654144,0.07274
140000,4,0,0.139031,4.24065,0.80275,0.05636
150000,0,0,0.074234,4.59635,0.064545,0.20891
150000,1,0,0.081383,4.64249,0.205833,0.05819
150000,2,0,0.119972,4.40387,0.450859,0.08454
150000,3,0,0.169685,4.13726,0.65345,0.0839
150000,4,0,0.187355,3.9966,0.81295,0.06924
160000,0,0,0.073441,4.60663,0.063988,0.19426
160000,1,0,0.082062,4.63575,0.225861,0.0578
160000,2,0,0.143028,4.32055,0.479118,0.0884
160000,3,0,0.175911,4.07075,0.677818,0.08579
160000,4,0,0.187172,3.96462,0.817436,0.07036
170000,0,0,0.072502,4.61524,0.06353,0.17986
170000,1,0,0.08963,4.60827,0.259346,0.05581
170000,2,0,0.162056,4.18128,0.503639,0.10302
170000,3,0,0.213539,3.85155,0.705917,0.10201
170000,4,0,0.225197,3.76497,0.837921,0.0806
180000,0,0,0.072144,4.6153,0.061653,0.16876
180000,1,0,0.153755,4.21607,0.457008,0.10852
180000,2,0,0.240059,3.61089,0.708191,0.15173
180000,3,0,0.436234,2.56131,0.871559,0.19988
180000,4,0,0.542603,1.85282,0.934403,0.1618
190000,0,0,0.07119,4.62814,0.06057,0.158
190000,1,0,0.081573,4.65059,0.464996,0.04836
190000,2,0,0.120384,4.42541,0.706108,0.07749
190000,3,0,0.166832,4.18501,0.857498,0.07688
190000,4,0,0.144051,4.29395,0.938141,0.05071
200000,0,0,0.070435,4.63561,0.058632,0.14679
200000,1,0,0.092506,4.63553,0.230301,0.04835
200000,2,0,0.157745,4.2626,0.477577,0.08986
200000,3,0,0.210861,3.93247,0.677742,0.0941
200000,4,0,0.187317,3.99894,0.825691,0.06641
210000,0,0,0.078308,4.57853,0.09021,0.15212
210000,1,0,0.287094,3.39207,0.650467,0.21139
210000,2,0,0.377937,2.88584,0.818001,0.21929
210000,3,0,0.443916,2.40917,0.903496,0.23018
210000,4,0,0.4543,2.5589,0.951774,0.13229
220000,0,0,0.069435,4.64903,0.089272,0.12986
220000,1,0,0.083649,4.65277,0.636963,0.04335
220000,2,0,0.171196,4.2579,0.81469,0.08629
220000,3,0,0.179062,4.10227,0.902977,0.08079
220000,4,0,0.141037,4.24125,0.953651,0.05615
230000,0,0,0.069023,4.65342,0.054894,0.12225
230000,1,0,0.098282,4.58434,0.265511,0.04774
230000,2,0,0.147194,4.25657,0.523193,0.08749
230000,3,0,0.178276,4.08016,0.71656,0.0809
230000,4,0,0.19149,4.01916,0.856812,0.06323
240000,0,0,0.069077,4.65178,0.054192,0.11698
240000,1,0,0.110756,4.56337,0.312904,0.04801
240000,2,0,0.169205,4.11072,0.577263,0.10001
240000,3,0,0.196388,3.946,0.761345,0.09531
240000,4,0,0.211884,3.91041,0.883461,0.07012
250000,0,0,0.068703,4.65666,0.053963,0.11126
250000,1,0,0.108276,4.56573,0.323166,0.04806
250000,2,0,0.163445,4.18823,0.583321,0.09257
250000,3,0,0.187431,3.99311,0.74205,0.08634
250000,4,0,0.202896,3.9331,0.876183,0.06567
260000,0,0,0.068664,4.66,0.051636,0.10729
260000,1,0,0.084694,4.66923,0.269051,0.03498
260000,2,0,0.138184,4.4475,0.520485,0.06472
260000,3,0,0.131927,4.39958,0.727989,0.05912
260000,4,0,0.099129,4.55928,0.879837,0.03266
270000,0,0,0.067642,4.6639,0.051323,0.10045
270000,1,0,0.097893,4.60902,0.253113,0.03935
270000,2,0,0.154701,4.23755,0.499893,0.08376
270000,3,0,0.177208,4.1186,0.709991,0.07832
270000,4,0,0.169365,4.1826,0.869118,0.05402
280000,0,0,0.068794,4.65965,0.05191,0.09957
280000,1,0,0.085999,4.67024,0.261154,0.03224
280000,2,0,0.125862,4.46303,0.530815,0.06118
280000,3,0,0.137581,4.42405,0.76387,0.0512
280000,4,0,0.107582,4.5464,0.906052,0.02703
290000,0,0,0.068069,4.666,0.050011,0.09273
290000,1,0,0.098045,4.59084,0.254051,0.04024
290000,2,0,0.148697,4.33482,0.530479,0.07456
290000,3,0,0.146759,4.33898,0.767746,0.06354
290000,4,0,0.130852,4.42189,0.905395,0.03991
300000,0,0,0.068024,4.66871,0.050659,0.0875
300000,1,0,0.107658,4.57477,0.304115,0.0391
300000,2,0,0.147926,4.30245,0.558426,0.07551
300000,3,0,0.1521,4.28866,0.753944,0.0646
300000,4,0,0.148628,4.30975,0.889702,0.04689
310000,0,0,0.068878,4.65799,0.051361,0.08693
310000,1,0,0.126045,4.44081,0.37793,0.05364
310000,2,0,0.188652,4.07235,0.637604,0.09497
310000,3,0,0.195763,4.00748,0.812737,0.08511
310000,4,0,0.18882,3.96564,0.916275,0.06034
320000,0,0,0.068596,4.66379,0.04998,0.08318
320000,1,0,0.107872,4.57003,0.390671,0.04002
320000,2,0,0.146759,4.26853,0.64991,0.08044
320000,3,0,0.138367,4.33296,0.817017,0.06547
320000,4,0,0.15049,4.35681,0.92469,0.04337
330000,0,0,0.068344,4.66447,0.049698,0.08026
330000,1,0,0.112556,4.5616,0.341042,0.03989
330000,2,0,0.13649,4.3491,0.571999,0.07085
330000,3,0,0.135468,4.3798,0.758903,0.06126
330000,4,0,0.138466,4.4111,0.891983,0.0387
340000,0,0,0.069229,4.66172,0.048973,0.07815
340000,1,0,0.103882,4.58387,0.326775,0.03708
340000,2,0,0.147034,4.34144,0.566475,0.07204
340000,3,0,0.132271,4.39625,0.75605,0.05703
340000,4,0,0.137299,4.40743,0.881912,0.03881
350000,0,0,0.069214,4.66572,0.047142,0.07537
350000,1,0,0.096436,4.66119,0.291771,0.02805
350000,2,0,0.112633,4.53892,0.537926,0.05116
350000,3,0,0.087715,4.69012,0.753128,0.03332
350000,4,0,0.092102,4.73042,0.900253,0.0139
360000,0,0,0.069687,4.66329,0.048905,0.07015
360000,1,0,0.096832,4.59499,0.290016,0.0361
360000,2,0,0.126991,4.43348,0.520134,0.06144
360000,3,0,0.120712,4.50484,0.743271,0.04879
360000,4,0,0.12796,4.4605,0.88752,0.03561
370000,0,0,0.069,4.66592,0.048447,0.06595
370000,1,0,0.114349,4.54214,0.355736,0.03818
370000,2,0,0.137871,4.39759,0.565231,0.06297
370000,3,0,0.106232,4.58325,0.746559,0.04239
370000,4,0,0.122383,4.50641,0.877251,0.03315
371700,0,0,0.069611,4.6655,0.035339,0.06823
371700,1,0,0.087387,4.67525,0.301399,0.02655
371700,2,0,0.099899,4.62008,0.526436,0.04319
371700,3,0,0.083161,4.74369,0.726845,0.02676
371700,4,0,0.0905,4.75005,0.883225,0.01179
371800,0,0,0.069641,4.66471,0.015839,0.06805
371800,1,0,0.093414,4.6687,0.18763,0.02653
371800,2,0,0.104225,4.60135,0.318482,0.04455
371800,3,0,0.081505,4.73415,0.444977,0.02789
371800,4,0,0.089706,4.74018,0.559624,0.01271
371900,0,0,0.069786,4.66533,0.01712,0.06788
371900,1,0,0.094841,4.66154,0.189453,0.02719
371900,2,0,0.106316,4.57917,0.324036,0.04715
371900,3,0,0.081436,4.73779,0.450447,0.02812
371900,4,0,0.094704,4.71828,0.573555,0.01524
372000,0,0,0.069626,4.66511,0.017136,0.06766
372000,1,0,0.092735,4.66454,0.1856,0.02618
372000,2,0,0.10746,4.5773,0.341949,0.04711
372000,3,0,0.075111,4.75287,0.45845,0.02587
372000,4,0,0.089417,4.73214,0.584381,0.01424
372100,0,0,0.069191,4.66568,0.018173,0.06747
372100,1,0,0.094719,4.65436,0.196556,0.02825
372100,2,0,0.103859,4.57654,0.351791,0.04727
372100,3,0,0.080551,4.72855,0.472534,0.02879
372100,4,0,0.087586,4.74703,0.597885,0.01298
372200,0,0,0.069237,4.66656,0.018738,0.06726
372200,1,0,0.096413,4.64571,0.211632,0.02869
372200,2,0,0.099503,4.58956,0.372612,0.04583
372200,3,0,0.08551,4.72602,0.511627,0.02921
372200,4,0,0.09584,4.71997,0.627037,0.01485
372300,0,0,0.069267,4.66699,0.018768,0.0671
372300,1,0,0.096535,4.64613,0.214745,0.02834
372300,2,0,0.102936,4.58762,0.362969,0.04687
372300,3,0,0.082642,4.73709,0.494736,0.02776
372300,4,0,0.087349,4.7497,0.621071,0.01439
372400,0,0,0.068809,4.66729,0.01899,0.06702
372400,1,0,0.090034,4.66343,0.226379,0.02675
372400,2,0,0.119576,4.54937,0.371635,0.04859
372400,3,0,0.085678,4.70468,0.511765,0.03047
372400,4,0,0.092331,4.7232,0.642586,0.01607
372500,0,0,0.069397,4.66736,0.019737,0.06681
372500,1,0,0.097656,4.64771,0.22596,0.02801
372500,2,0,0.10891,4.56796,0.378555,0.04787
372500,3,0,0.085129,4.72237,0.516121,0.02986
372500,4,0,0.089409,4.73399,0.644516,0.01569
372600,0,0,0.068832,4.66744,0.019226,0.06667
372600,1,0,0.10585,4.6028,0.248863,0.0329
372600,2,0,0.11277,4.53658,0.405312,0.05156
372600,3,0,0.086472,4.67368,0.549233,0.03574
372600,4,0,0.124466,4.53233,0.687279,0.03074
